user_id,route,lat,lon,timestamp,signal_strength,accuracy_meters,user_type,bus_lat,bus_lon
1100,G1,46.559499,15.655935,1769016182,84.26,10.00,on_bus,46.559548,15.656007
1101,G1,46.559573,15.655816,1769016182,82.87,10.00,on_bus,46.559548,15.656007
1102,G1,46.559569,15.656025,1769016182,94.28,5.00,on_bus,46.559548,15.656007
1103,G1,46.559557,15.656132,1769016182,69.28,20.00,on_bus,46.559548,15.656007
1104,G1,46.559630,15.655959,1769016182,100.00,5.00,on_bus,46.559548,15.656007
2100,G1,46.552575,15.649891,1769016182,71.91,20.00,waiting_at_station,46.559548,15.656007
2200,G1,46.539928,15.649647,1769016182,82.50,10.00,waiting_at_station,46.559548,15.656007
2201,G1,46.540188,15.649663,1769016182,45.06,35.00,waiting_at_station,46.559548,15.656007
2202,G1,46.540067,15.649858,1769016182,91.41,5.00,waiting_at_station,46.559548,15.656007
2300,G1,46.532506,15.666879,1769016182,66.04,20.00,waiting_at_station,46.559548,15.656007
2301,G1,46.532585,15.666926,1769016182,64.72,20.00,waiting_at_station,46.559548,15.656007
2302,G1,46.532537,15.667132,1769016182,59.98,35.00,waiting_at_station,46.559548,15.656007
2400,G1,46.527563,15.684084,1769016182,62.08,20.00,waiting_at_station,46.559548,15.656007
2401,G1,46.527447,15.684491,1769016182,83.69,10.00,waiting_at_station,46.559548,15.656007
2402,G1,46.527730,15.683727,1769016182,65.35,20.00,waiting_at_station,46.559548,15.656007
2500,G1,46.531003,15.670641,1769016182,91.59,5.00,waiting_at_station,46.559548,15.656007
2501,G1,46.530771,15.669538,1769016182,58.38,35.00,waiting_at_station,46.559548,15.656007
2502,G1,46.531004,15.669851,1769016182,69.06,20.00,waiting_at_station,46.559548,15.656007
1100,G1,46.559568,15.656214,1769016182,77.89,10.00,on_bus,46.559485,15.656002
1101,G1,46.559344,15.655764,1769016182,85.98,10.00,on_bus,46.559485,15.656002
1102,G1,46.559477,15.655962,1769016182,71.15,20.00,on_bus,46.559485,15.656002
1103,G1,46.559483,15.655981,1769016182,96.32,5.00,on_bus,46.559485,15.656002
1104,G1,46.559495,15.655962,1769016182,54.61,35.00,on_bus,46.559485,15.656002
1105,G1,46.559532,15.655974,1769016182,78.63,10.00,on_bus,46.559485,15.656002
2200,G1,46.540148,15.649300,1769016182,62.20,20.00,waiting_at_station,46.559485,15.656002
2400,G1,46.527097,15.684047,1769016182,94.64,5.00,waiting_at_station,46.559485,15.656002
2600,G1,46.540033,15.647818,1769016182,66.05,20.00,waiting_at_station,46.559485,15.656002
2601,G1,46.539996,15.648098,1769016182,52.97,35.00,waiting_at_station,46.559485,15.656002
2800,G1,46.558117,15.655797,1769016182,61.84,20.00,waiting_at_station,46.559485,15.656002
1100,G1,46.559378,15.656001,1769016184,85.85,10.00,on_bus,46.559423,15.655996
1101,G1,46.559534,15.655992,1769016184,81.96,10.00,on_bus,46.559423,15.655996
1102,G1,46.559462,15.656258,1769016184,88.79,10.00,on_bus,46.559423,15.655996
2500,G1,46.530400,15.670342,1769016184,58.98,35.00,waiting_at_station,46.559423,15.655996
2501,G1,46.530639,15.670690,1769016184,81.95,10.00,waiting_at_station,46.559423,15.655996
2502,G1,46.530686,15.670196,1769016184,89.28,10.00,waiting_at_station,46.559423,15.655996
2700,G1,46.554324,15.651095,1769016184,76.56,10.00,waiting_at_station,46.559423,15.655996
2701,G1,46.554289,15.650673,1769016184,92.11,5.00,waiting_at_station,46.559423,15.655996
2800,G1,46.558784,15.655955,1769016184,100.00,5.00,waiting_at_station,46.559423,15.655996
2801,G1,46.558466,15.655748,1769016184,72.62,20.00,waiting_at_station,46.559423,15.655996
1200,G1,46.559400,15.656016,1769016183,58.67,35.00,on_bus,46.559360,15.655991
1201,G1,46.559389,15.656045,1769016183,74.89,20.00,on_bus,46.559360,15.655991
1202,G1,46.559367,15.655995,1769016183,74.71,20.00,on_bus,46.559360,15.655991
2800,G1,46.558703,15.655715,1769016183,88.03,10.00,waiting_at_station,46.559360,15.655991
1200,G1,46.559318,15.655814,1769016184,81.77,10.00,on_bus,46.559299,15.655968
1201,G1,46.559291,15.655943,1769016184,59.59,35.00,on_bus,46.559299,15.655968
1202,G1,46.559231,15.656117,1769016184,71.12,20.00,on_bus,46.559299,15.655968
2200,G1,46.540012,15.649783,1769016184,72.39,20.00,waiting_at_station,46.559299,15.655968
2300,G1,46.532486,15.666810,1769016184,74.74,20.00,waiting_at_station,46.559299,15.655968
1200,G1,46.559257,15.656013,1769016185,73.12,20.00,on_bus,46.559239,15.655946
1201,G1,46.559188,15.656014,1769016185,93.58,5.00,on_bus,46.559239,15.655946
1202,G1,46.559232,15.655830,1769016185,79.94,10.00,on_bus,46.559239,15.655946
1203,G1,46.559244,15.655746,1769016185,94.81,5.00,on_bus,46.559239,15.655946
1204,G1,46.559201,15.655990,1769016185,59.76,35.00,on_bus,46.559239,15.655946
2000,G1,46.559753,15.656270,1769016185,100.00,5.00,waiting_at_station,46.559239,15.655946
2400,G1,46.527556,15.684485,1769016185,54.28,35.00,waiting_at_station,46.559239,15.655946
2401,G1,46.527509,15.684197,1769016185,81.38,10.00,waiting_at_station,46.559239,15.655946
2402,G1,46.527403,15.684454,1769016185,55.22,35.00,waiting_at_station,46.559239,15.655946
1200,G1,46.559138,15.655985,1769016185,87.57,10.00,on_bus,46.559179,15.655923
1201,G1,46.559154,15.655829,1769016185,100.00,5.00,on_bus,46.559179,15.655923
1202,G1,46.559103,15.656108,1769016185,100.00,5.00,on_bus,46.559179,15.655923
2100,G1,46.552343,15.650115,1769016185,68.10,20.00,waiting_at_station,46.559179,15.655923
2101,G1,46.552489,15.650197,1769016185,92.60,5.00,waiting_at_station,46.559179,15.655923
2500,G1,46.530782,15.670355,1769016185,50.81,35.00,waiting_at_station,46.559179,15.655923
2501,G1,46.530854,15.670263,1769016185,74.62,20.00,waiting_at_station,46.559179,15.655923
2502,G1,46.530632,15.669912,1769016185,88.65,10.00,waiting_at_station,46.559179,15.655923
2600,G1,46.540184,15.647936,1769016185,78.73,10.00,waiting_at_station,46.559179,15.655923
2800,G1,46.558868,15.655045,1769016185,72.60,20.00,waiting_at_station,46.559179,15.655923
2801,G1,46.558702,15.655625,1769016185,35.92,50.00,waiting_at_station,46.559179,15.655923
2802,G1,46.558610,15.655453,1769016185,98.74,5.00,waiting_at_station,46.559179,15.655923
1200,G1,46.558978,15.655903,1769016187,71.79,20.00,on_bus,46.559118,15.655900
1201,G1,46.559072,15.655909,1769016187,48.92,35.00,on_bus,46.559118,15.655900
1202,G1,46.559065,15.656031,1769016187,81.89,10.00,on_bus,46.559118,15.655900
1203,G1,46.559073,15.656005,1769016187,77.36,10.00,on_bus,46.559118,15.655900
1204,G1,46.559031,15.655914,1769016187,66.40,20.00,on_bus,46.559118,15.655900
1205,G1,46.559277,15.655865,1769016187,100.00,5.00,on_bus,46.559118,15.655900
2100,G1,46.552236,15.650545,1769016187,64.01,20.00,waiting_at_station,46.559118,15.655900
2101,G1,46.552560,15.650584,1769016187,80.66,10.00,waiting_at_station,46.559118,15.655900
2102,G1,46.552724,15.650483,1769016187,65.57,20.00,waiting_at_station,46.559118,15.655900
2200,G1,46.539924,15.649829,1769016187,81.51,10.00,waiting_at_station,46.559118,15.655900
2201,G1,46.540117,15.649623,1769016187,78.16,10.00,waiting_at_station,46.559118,15.655900
2500,G1,46.530851,15.670473,1769016187,88.28,10.00,waiting_at_station,46.559118,15.655900
2501,G1,46.530881,15.670144,1769016187,94.17,5.00,waiting_at_station,46.559118,15.655900
2502,G1,46.530791,15.670095,1769016187,87.38,10.00,waiting_at_station,46.559118,15.655900
1200,G1,46.559052,15.655877,1769016188,86.10,10.00,on_bus,46.559057,15.655878
1201,G1,46.559033,15.655760,1769016188,53.79,35.00,on_bus,46.559057,15.655878
1202,G1,46.559011,15.655838,1769016188,77.45,10.00,on_bus,46.559057,15.655878
1203,G1,46.559103,15.655830,1769016188,95.46,5.00,on_bus,46.559057,15.655878
1204,G1,46.559242,15.655821,1769016188,65.02,20.00,on_bus,46.559057,15.655878
2700,G1,46.554326,15.650498,1769016188,92.19,5.00,waiting_at_station,46.559057,15.655878
2701,G1,46.554394,15.650517,1769016188,76.91,10.00,waiting_at_station,46.559057,15.655878
2702,G1,46.554356,15.650928,1769016188,75.60,10.00,waiting_at_station,46.559057,15.655878
1300,G1,46.559049,15.655928,1769016186,88.88,10.00,on_bus,46.558997,15.655855
1301,G1,46.559069,15.655800,1769016186,100.00,5.00,on_bus,46.558997,15.655855
1302,G1,46.558985,15.655887,1769016186,89.22,10.00,on_bus,46.558997,15.655855
1303,G1,46.558975,15.655952,1769016186,100.00,5.00,on_bus,46.558997,15.655855
1304,G1,46.559308,15.655861,1769016186,63.29,20.00,on_bus,46.558997,15.655855
1305,G1,46.558917,15.655897,1769016186,72.42,20.00,on_bus,46.558997,15.655855
2100,G1,46.552700,15.650439,1769016186,87.20,10.00,waiting_at_station,46.558997,15.655855
1300,G1,46.558910,15.655773,1769016186,80.55,10.00,on_bus,46.558947,15.655837
1301,G1,46.558824,15.655983,1769016186,83.38,10.00,on_bus,46.558947,15.655837
1302,G1,46.559080,15.655866,1769016186,83.49,10.00,on_bus,46.558947,15.655837
1303,G1,46.558920,15.655875,1769016186,100.00,5.00,on_bus,46.558947,15.655837
1304,G1,46.559038,15.656088,1769016186,82.59,10.00,on_bus,46.558947,15.655837
2000,G1,46.559412,15.655762,1769016186,97.65,5.00,waiting_at_station,46.558947,15.655837
2001,G1,46.559537,15.655607,1769016186,90.62,5.00,waiting_at_station,46.558947,15.655837
2002,G1,46.559572,15.657199,1769016186,45.37,35.00,waiting_at_station,46.558947,15.655837
2400,G1,46.527470,15.684355,1769016186,72.79,20.00,waiting_at_station,46.558947,15.655837
2401,G1,46.527978,15.684788,1769016186,74.27,20.00,waiting_at_station,46.558947,15.655837
2402,G1,46.527680,15.684747,1769016186,67.02,20.00,waiting_at_station,46.558947,15.655837
1300,G1,46.558949,15.656233,1769016188,82.43,10.00,on_bus,46.558898,15.655819
1301,G1,46.558960,15.655985,1769016188,61.04,20.00,on_bus,46.558898,15.655819
1302,G1,46.558967,15.655970,1769016188,39.15,50.00,on_bus,46.558898,15.655819
1303,G1,46.558892,15.655931,1769016188,80.58,10.00,on_bus,46.558898,15.655819
1300,G1,46.558823,15.655754,1769016188,63.26,20.00,on_bus,46.558848,15.655802
1301,G1,46.558893,15.655841,1769016188,79.94,10.00,on_bus,46.558848,15.655802
1302,G1,46.558764,15.655887,1769016188,90.31,5.00,on_bus,46.558848,15.655802
1303,G1,46.558782,15.655741,1769016188,83.18,10.00,on_bus,46.558848,15.655802
1304,G1,46.558829,15.655580,1769016188,72.52,20.00,on_bus,46.558848,15.655802
1305,G1,46.558878,15.655930,1769016188,87.19,10.00,on_bus,46.558848,15.655802
1300,G1,46.558761,15.655424,1769016189,100.00,5.00,on_bus,46.558798,15.655784
1301,G1,46.558805,15.655839,1769016189,94.43,5.00,on_bus,46.558798,15.655784
2400,G1,46.527489,15.684412,1769016189,82.53,10.00,waiting_at_station,46.558798,15.655784
2401,G1,46.527495,15.684296,1769016189,79.89,10.00,waiting_at_station,46.558798,15.655784
2402,G1,46.527337,15.684029,1769016189,44.62,50.00,waiting_at_station,46.558798,15.655784
1300,G1,46.558714,15.655811,1769016189,76.15,10.00,on_bus,46.558749,15.655766
1301,G1,46.558772,15.655840,1769016189,60.56,20.00,on_bus,46.558749,15.655766
1302,G1,46.558749,15.655822,1769016189,95.97,5.00,on_bus,46.558749,15.655766
1303,G1,46.558809,15.655770,1769016189,71.85,20.00,on_bus,46.558749,15.655766
2600,G1,46.539919,15.647813,1769016189,41.76,50.00,waiting_at_station,46.558749,15.655766
2800,G1,46.558601,15.655856,1769016189,61.20,20.00,waiting_at_station,46.558749,15.655766
2801,G1,46.558690,15.655872,1769016189,59.81,35.00,waiting_at_station,46.558749,15.655766
1400,G1,46.558733,15.655709,1769016188,72.40,20.00,on_bus,46.558699,15.655748
1401,G1,46.558654,15.655840,1769016188,98.42,5.00,on_bus,46.558699,15.655748
1402,G1,46.558695,15.655852,1769016188,59.36,35.00,on_bus,46.558699,15.655748
1403,G1,46.558907,15.655483,1769016188,78.61,10.00,on_bus,46.558699,15.655748
1400,G1,46.558588,15.655800,1769016189,92.79,5.00,on_bus,46.558656,15.655731
1401,G1,46.558656,15.655866,1769016189,66.80,20.00,on_bus,46.558656,15.655731
2200,G1,46.540251,15.649431,1769016189,81.16,10.00,waiting_at_station,46.558656,15.655731
2201,G1,46.540165,15.649753,1769016189,78.58,10.00,waiting_at_station,46.558656,15.655731
2300,G1,46.533119,15.666382,1769016189,77.93,10.00,waiting_at_station,46.558656,15.655731
2301,G1,46.532433,15.666707,1769016189,78.29,10.00,waiting_at_station,46.558656,15.655731
2500,G1,46.530889,15.670282,1769016189,74.41,20.00,waiting_at_station,46.558656,15.655731
2501,G1,46.530713,15.669829,1769016189,75.38,10.00,waiting_at_station,46.558656,15.655731
2502,G1,46.530905,15.669984,1769016189,66.14,20.00,waiting_at_station,46.558656,15.655731
2600,G1,46.539991,15.648140,1769016189,82.22,10.00,waiting_at_station,46.558656,15.655731
2601,G1,46.539860,15.647722,1769016189,77.77,10.00,waiting_at_station,46.558656,15.655731
2602,G1,46.539974,15.648290,1769016189,73.25,20.00,waiting_at_station,46.558656,15.655731
1400,G1,46.558642,15.655728,1769016189,72.90,20.00,on_bus,46.558614,15.655714
1401,G1,46.558588,15.655796,1769016189,83.83,10.00,on_bus,46.558614,15.655714
1402,G1,46.558660,15.655546,1769016189,64.03,20.00,on_bus,46.558614,15.655714
1403,G1,46.558623,15.655773,1769016189,53.67,35.00,on_bus,46.558614,15.655714
1404,G1,46.558572,15.655750,1769016189,70.89,20.00,on_bus,46.558614,15.655714
2100,G1,46.552810,15.650358,1769016189,89.34,10.00,waiting_at_station,46.558614,15.655714
2200,G1,46.539908,15.649940,1769016189,47.81,35.00,waiting_at_station,46.558614,15.655714
2201,G1,46.540064,15.649671,1769016189,70.26,20.00,waiting_at_station,46.558614,15.655714
2202,G1,46.539731,15.650184,1769016189,76.70,10.00,waiting_at_station,46.558614,15.655714
2500,G1,46.530880,15.670087,1769016189,76.66,10.00,waiting_at_station,46.558614,15.655714
2501,G1,46.530916,15.670337,1769016189,85.86,10.00,waiting_at_station,46.558614,15.655714
2502,G1,46.530887,15.670463,1769016189,87.01,10.00,waiting_at_station,46.558614,15.655714
2700,G1,46.554417,15.650051,1769016189,73.54,20.00,waiting_at_station,46.558614,15.655714
2701,G1,46.554465,15.650486,1769016189,100.00,5.00,waiting_at_station,46.558614,15.655714
2702,G1,46.554603,15.650383,1769016189,61.96,20.00,waiting_at_station,46.558614,15.655714
2800,G1,46.558456,15.655737,1769016189,81.00,10.00,waiting_at_station,46.558614,15.655714
2801,G1,46.558702,15.655546,1769016189,85.18,10.00,waiting_at_station,46.558614,15.655714
2802,G1,46.558716,15.655618,1769016189,68.26,20.00,waiting_at_station,46.558614,15.655714
1400,G1,46.558635,15.655657,1769016190,78.03,10.00,on_bus,46.558571,15.655697
1401,G1,46.558620,15.655615,1769016190,54.08,35.00,on_bus,46.558571,15.655697
1402,G1,46.558415,15.655630,1769016190,93.69,5.00,on_bus,46.558571,15.655697
1403,G1,46.558437,15.655577,1769016190,64.63,20.00,on_bus,46.558571,15.655697
1404,G1,46.558551,15.655660,1769016190,84.05,10.00,on_bus,46.558571,15.655697
2500,G1,46.530797,15.669971,1769016190,76.97,10.00,waiting_at_station,46.558571,15.655697
2501,G1,46.530765,15.670254,1769016190,68.17,20.00,waiting_at_station,46.558571,15.655697
2502,G1,46.530771,15.670281,1769016190,96.35,5.00,waiting_at_station,46.558571,15.655697
1400,G1,46.558566,15.655562,1769016190,86.12,10.00,on_bus,46.558529,15.655679
1401,G1,46.558594,15.655544,1769016190,77.63,10.00,on_bus,46.558529,15.655679
2200,G1,46.540052,15.649451,1769016190,25.57,50.00,waiting_at_station,46.558529,15.655679
2500,G1,46.531390,15.670125,1769016190,98.85,5.00,waiting_at_station,46.558529,15.655679
2501,G1,46.530801,15.669844,1769016190,94.79,5.00,waiting_at_station,46.558529,15.655679
2502,G1,46.531002,15.670209,1769016190,71.78,20.00,waiting_at_station,46.558529,15.655679
2700,G1,46.554117,15.650501,1769016190,56.50,35.00,waiting_at_station,46.558529,15.655679
1400,G1,46.558445,15.655638,1769016192,93.12,5.00,on_bus,46.558487,15.655662
1401,G1,46.558448,15.655683,1769016192,69.49,20.00,on_bus,46.558487,15.655662
1402,G1,46.558435,15.655608,1769016192,80.62,10.00,on_bus,46.558487,15.655662
1403,G1,46.558247,15.656208,1769016192,75.11,10.00,on_bus,46.558487,15.655662
2800,G1,46.558584,15.655530,1769016192,66.25,20.00,waiting_at_station,46.558487,15.655662
2801,G1,46.558580,15.655727,1769016192,70.61,20.00,waiting_at_station,46.558487,15.655662
1500,G1,46.558464,15.655695,1769016190,66.72,20.00,on_bus,46.558444,15.655645
1501,G1,46.558421,15.655573,1769016190,70.22,20.00,on_bus,46.558444,15.655645
1502,G1,46.558452,15.655881,1769016190,88.30,10.00,on_bus,46.558444,15.655645
1503,G1,46.558525,15.655650,1769016190,84.69,10.00,on_bus,46.558444,15.655645
1504,G1,46.558224,15.655540,1769016190,56.99,35.00,on_bus,46.558444,15.655645
1505,G1,46.558441,15.655462,1769016190,65.99,20.00,on_bus,46.558444,15.655645
2400,G1,46.527598,15.684419,1769016190,57.46,35.00,waiting_at_station,46.558444,15.655645
2401,G1,46.527556,15.684325,1769016190,91.19,5.00,waiting_at_station,46.558444,15.655645
2402,G1,46.527548,15.684371,1769016190,76.34,10.00,waiting_at_station,46.558444,15.655645
2700,G1,46.554474,15.650529,1769016190,73.37,20.00,waiting_at_station,46.558444,15.655645
2701,G1,46.554137,15.651017,1769016190,59.53,35.00,waiting_at_station,46.558444,15.655645
1500,G1,46.558464,15.655483,1769016192,71.78,20.00,on_bus,46.558435,15.655421
1501,G1,46.558470,15.655382,1769016192,52.76,35.00,on_bus,46.558435,15.655421
1502,G1,46.558383,15.655559,1769016192,74.58,20.00,on_bus,46.558435,15.655421
1503,G1,46.558421,15.655786,1769016192,66.09,20.00,on_bus,46.558435,15.655421
1504,G1,46.558345,15.655610,1769016192,94.80,5.00,on_bus,46.558435,15.655421
1505,G1,46.558378,15.655397,1769016192,100.00,5.00,on_bus,46.558435,15.655421
2400,G1,46.527342,15.684441,1769016192,91.40,5.00,waiting_at_station,46.558435,15.655421
2401,G1,46.527855,15.683898,1769016192,48.90,35.00,waiting_at_station,46.558435,15.655421
2700,G1,46.554632,15.651761,1769016192,42.49,50.00,waiting_at_station,46.558435,15.655421
2701,G1,46.554430,15.650735,1769016192,50.88,35.00,waiting_at_station,46.558435,15.655421
2702,G1,46.554812,15.650793,1769016192,93.15,5.00,waiting_at_station,46.558435,15.655421
1500,G1,46.558280,15.655300,1769016195,86.31,10.00,on_bus,46.558427,15.655198
1501,G1,46.558428,15.655187,1769016195,100.00,5.00,on_bus,46.558427,15.655198
1502,G1,46.558368,15.655045,1769016195,74.26,20.00,on_bus,46.558427,15.655198
1503,G1,46.558431,15.655064,1769016195,73.44,20.00,on_bus,46.558427,15.655198
1504,G1,46.558499,15.655335,1769016195,97.06,5.00,on_bus,46.558427,15.655198
1600,G1,46.558455,15.655017,1769016194,100.00,5.00,on_bus,46.558418,15.654974
1601,G1,46.558588,15.654961,1769016194,71.13,20.00,on_bus,46.558418,15.654974
1602,G1,46.558351,15.655139,1769016194,100.00,5.00,on_bus,46.558418,15.654974
1603,G1,46.558472,15.654928,1769016194,55.94,35.00,on_bus,46.558418,15.654974
1604,G1,46.558355,15.654829,1769016194,100.00,5.00,on_bus,46.558418,15.654974
2200,G1,46.540160,15.649545,1769016194,57.09,35.00,waiting_at_station,46.558418,15.654974
2201,G1,46.540308,15.649775,1769016194,71.74,20.00,waiting_at_station,46.558418,15.654974
2202,G1,46.540455,15.649425,1769016194,64.83,20.00,waiting_at_station,46.558418,15.654974
2300,G1,46.532624,15.666726,1769016194,67.46,20.00,waiting_at_station,46.558418,15.654974
2301,G1,46.532460,15.666759,1769016194,97.54,5.00,waiting_at_station,46.558418,15.654974
2500,G1,46.530752,15.670197,1769016194,83.57,10.00,waiting_at_station,46.558418,15.654974
2501,G1,46.530776,15.670163,1769016194,55.55,35.00,waiting_at_station,46.558418,15.654974
1600,G1,46.558416,15.655291,1769016194,100.00,5.00,on_bus,46.558499,15.654974
1601,G1,46.558532,15.655153,1769016194,93.01,5.00,on_bus,46.558499,15.654974
2200,G1,46.539944,15.649531,1769016194,100.00,5.00,waiting_at_station,46.558499,15.654974
2201,G1,46.540236,15.649474,1769016194,77.41,10.00,waiting_at_station,46.558499,15.654974
2202,G1,46.540207,15.649683,1769016194,78.70,10.00,waiting_at_station,46.558499,15.654974
2300,G1,46.531959,15.666959,1769016194,45.32,35.00,waiting_at_station,46.558499,15.654974
2301,G1,46.532579,15.667701,1769016194,100.00,5.00,waiting_at_station,46.558499,15.654974
2500,G1,46.530765,15.670231,1769016194,88.75,10.00,waiting_at_station,46.558499,15.654974
2501,G1,46.530853,15.669879,1769016194,88.49,10.00,waiting_at_station,46.558499,15.654974
2600,G1,46.539916,15.647670,1769016194,70.92,20.00,waiting_at_station,46.558499,15.654974
2601,G1,46.539647,15.647545,1769016194,69.33,20.00,waiting_at_station,46.558499,15.654974
2700,G1,46.554228,15.650258,1769016194,89.13,10.00,waiting_at_station,46.558499,15.654974
2701,G1,46.554761,15.649750,1769016194,76.61,10.00,waiting_at_station,46.558499,15.654974
2702,G1,46.554219,15.650722,1769016194,80.65,10.00,waiting_at_station,46.558499,15.654974
1600,G1,46.558695,15.655036,1769016195,74.98,20.00,on_bus,46.558580,15.654973
1601,G1,46.558549,15.654947,1769016195,76.94,10.00,on_bus,46.558580,15.654973
1602,G1,46.558618,15.654993,1769016195,50.76,35.00,on_bus,46.558580,15.654973
1603,G1,46.558652,15.655144,1769016195,100.00,5.00,on_bus,46.558580,15.654973
1604,G1,46.558599,15.654946,1769016195,67.67,20.00,on_bus,46.558580,15.654973
1605,G1,46.558593,15.654650,1769016195,75.50,10.00,on_bus,46.558580,15.654973
2000,G1,46.559495,15.656385,1769016195,96.25,5.00,waiting_at_station,46.558580,15.654973
2001,G1,46.559658,15.655885,1769016195,85.14,10.00,waiting_at_station,46.558580,15.654973
2002,G1,46.559824,15.655970,1769016195,55.18,35.00,waiting_at_station,46.558580,15.654973
2100,G1,46.552719,15.649884,1769016195,77.22,10.00,waiting_at_station,46.558580,15.654973
2600,G1,46.539879,15.648092,1769016195,74.09,20.00,waiting_at_station,46.558580,15.654973
2601,G1,46.539842,15.648010,1769016195,71.59,20.00,waiting_at_station,46.558580,15.654973
1600,G1,46.558642,15.654938,1769016197,99.63,5.00,on_bus,46.558661,15.654973
1601,G1,46.558614,15.655072,1769016197,86.04,10.00,on_bus,46.558661,15.654973
1602,G1,46.558631,15.654867,1769016197,97.89,5.00,on_bus,46.558661,15.654973
1603,G1,46.558612,15.655488,1769016197,66.53,20.00,on_bus,46.558661,15.654973
1604,G1,46.558671,15.654956,1769016197,89.06,10.00,on_bus,46.558661,15.654973
1605,G1,46.558685,15.654925,1769016197,69.87,20.00,on_bus,46.558661,15.654973
2100,G1,46.552723,15.650015,1769016197,100.00,5.00,waiting_at_station,46.558661,15.654973
2101,G1,46.552410,15.650993,1769016197,64.90,20.00,waiting_at_station,46.558661,15.654973
2400,G1,46.527657,15.684413,1769016197,69.36,20.00,waiting_at_station,46.558661,15.654973
2401,G1,46.527313,15.684248,1769016197,72.53,20.00,waiting_at_station,46.558661,15.654973
2402,G1,46.527306,15.683792,1769016197,65.10,20.00,waiting_at_station,46.558661,15.654973
1600,G1,46.558732,15.655028,1769016198,100.00,5.00,on_bus,46.558741,15.654973
1601,G1,46.558586,15.655155,1769016198,88.83,10.00,on_bus,46.558741,15.654973
1602,G1,46.558735,15.654849,1769016198,67.37,20.00,on_bus,46.558741,15.654973
1603,G1,46.558738,15.654971,1769016198,78.64,10.00,on_bus,46.558741,15.654973
2500,G1,46.530934,15.670272,1769016198,46.33,35.00,waiting_at_station,46.558741,15.654973
2501,G1,46.530444,15.669943,1769016198,81.89,10.00,waiting_at_station,46.558741,15.654973
2600,G1,46.539997,15.647984,1769016198,68.02,20.00,waiting_at_station,46.558741,15.654973
2601,G1,46.539793,15.648350,1769016198,72.75,20.00,waiting_at_station,46.558741,15.654973
2602,G1,46.540124,15.647757,1769016198,70.85,20.00,waiting_at_station,46.558741,15.654973
1600,G1,46.558885,15.654993,1769016200,62.43,20.00,on_bus,46.558822,15.654972
1601,G1,46.558815,15.654903,1769016200,73.83,20.00,on_bus,46.558822,15.654972
1602,G1,46.558810,15.655019,1769016200,100.00,5.00,on_bus,46.558822,15.654972
2300,G1,46.532960,15.666064,1769016200,38.55,50.00,waiting_at_station,46.558822,15.654972
1700,G1,46.558883,15.655102,1769016197,69.72,20.00,on_bus,46.558903,15.654972
1701,G1,46.558878,15.654923,1769016197,73.02,20.00,on_bus,46.558903,15.654972
1702,G1,46.559004,15.654970,1769016197,89.28,10.00,on_bus,46.558903,15.654972
1703,G1,46.558852,15.655017,1769016197,66.42,20.00,on_bus,46.558903,15.654972
2000,G1,46.559371,15.656074,1769016197,90.89,5.00,waiting_at_station,46.558903,15.654972
2400,G1,46.527498,15.684377,1769016197,83.69,10.00,waiting_at_station,46.558903,15.654972
2401,G1,46.526289,15.684267,1769016197,48.44,35.00,waiting_at_station,46.558903,15.654972
2700,G1,46.554175,15.650910,1769016197,85.03,10.00,waiting_at_station,46.558903,15.654972
1700,G1,46.558922,15.654967,1769016197,100.00,5.00,on_bus,46.558966,15.654997
1701,G1,46.558939,15.655060,1769016197,55.00,35.00,on_bus,46.558966,15.654997
1702,G1,46.558977,15.654989,1769016197,76.57,10.00,on_bus,46.558966,15.654997
1703,G1,46.559030,15.655115,1769016197,100.00,5.00,on_bus,46.558966,15.654997
2200,G1,46.540084,15.649853,1769016197,71.35,20.00,waiting_at_station,46.558966,15.654997
2201,G1,46.540071,15.650123,1769016197,52.44,35.00,waiting_at_station,46.558966,15.654997
2202,G1,46.539832,15.649691,1769016197,40.66,50.00,waiting_at_station,46.558966,15.654997
2300,G1,46.532610,15.666782,1769016197,80.41,10.00,waiting_at_station,46.558966,15.654997
2301,G1,46.532497,15.666957,1769016197,77.75,10.00,waiting_at_station,46.558966,15.654997
2302,G1,46.532512,15.666940,1769016197,80.95,10.00,waiting_at_station,46.558966,15.654997
2500,G1,46.530523,15.670026,1769016197,73.80,20.00,waiting_at_station,46.558966,15.654997
2501,G1,46.530887,15.670721,1769016197,69.45,20.00,waiting_at_station,46.558966,15.654997
2800,G1,46.558755,15.655047,1769016197,96.96,5.00,waiting_at_station,46.558966,15.654997
2801,G1,46.558707,15.655826,1769016197,92.06,5.00,waiting_at_station,46.558966,15.654997
2802,G1,46.558477,15.655597,1769016197,100.00,5.00,waiting_at_station,46.558966,15.654997
1700,G1,46.559047,15.654970,1769016199,63.92,20.00,on_bus,46.559029,15.655022
1701,G1,46.559045,15.655051,1769016199,52.07,35.00,on_bus,46.559029,15.655022
1702,G1,46.558871,15.655149,1769016199,77.78,10.00,on_bus,46.559029,15.655022
1703,G1,46.558953,15.654974,1769016199,61.91,20.00,on_bus,46.559029,15.655022
1704,G1,46.559137,15.655072,1769016199,97.71,5.00,on_bus,46.559029,15.655022
1705,G1,46.558940,15.655137,1769016199,100.00,5.00,on_bus,46.559029,15.655022
2200,G1,46.539760,15.650436,1769016199,97.78,5.00,waiting_at_station,46.559029,15.655022
2600,G1,46.539919,15.647937,1769016199,75.09,10.00,waiting_at_station,46.559029,15.655022
2700,G1,46.554401,15.650413,1769016199,81.91,10.00,waiting_at_station,46.559029,15.655022
2701,G1,46.554409,15.650557,1769016199,76.01,10.00,waiting_at_station,46.559029,15.655022
1700,G1,46.559170,15.655033,1769016199,73.81,20.00,on_bus,46.559093,15.655047
1701,G1,46.559005,15.655006,1769016199,85.56,10.00,on_bus,46.559093,15.655047
1702,G1,46.559010,15.655190,1769016199,78.26,10.00,on_bus,46.559093,15.655047
2600,G1,46.539820,15.648426,1769016199,83.97,10.00,waiting_at_station,46.559093,15.655047
2700,G1,46.554501,15.650555,1769016199,87.00,10.00,waiting_at_station,46.559093,15.655047
2701,G1,46.554242,15.650493,1769016199,79.66,10.00,waiting_at_station,46.559093,15.655047
2702,G1,46.554294,15.650469,1769016199,80.31,10.00,waiting_at_station,46.559093,15.655047
1700,G1,46.559011,15.655068,1769016200,67.73,20.00,on_bus,46.559156,15.655072
1701,G1,46.559150,15.655030,1769016200,81.09,10.00,on_bus,46.559156,15.655072
1702,G1,46.559158,15.655246,1769016200,91.19,5.00,on_bus,46.559156,15.655072
1703,G1,46.559163,15.655014,1769016200,58.02,35.00,on_bus,46.559156,15.655072
2100,G1,46.552640,15.650523,1769016200,100.00,5.00,waiting_at_station,46.559156,15.655072
2700,G1,46.554448,15.650895,1769016200,63.05,20.00,waiting_at_station,46.559156,15.655072
1700,G1,46.559197,15.655073,1769016202,64.06,20.00,on_bus,46.559219,15.655097
1701,G1,46.559239,15.655182,1769016202,84.27,10.00,on_bus,46.559219,15.655097
2300,G1,46.532348,15.666803,1769016202,84.89,10.00,waiting_at_station,46.559219,15.655097
2301,G1,46.532513,15.666667,1769016202,79.12,10.00,waiting_at_station,46.559219,15.655097
1800,G1,46.559284,15.654878,1769016200,97.35,5.00,on_bus,46.559282,15.655122
1801,G1,46.559279,15.654947,1769016200,81.87,10.00,on_bus,46.559282,15.655122
1802,G1,46.559278,15.655064,1769016200,77.98,10.00,on_bus,46.559282,15.655122
1803,G1,46.559045,15.655077,1769016200,70.89,20.00,on_bus,46.559282,15.655122
2700,G1,46.554294,15.651074,1769016200,76.87,10.00,waiting_at_station,46.559282,15.655122
2701,G1,46.554346,15.650881,1769016200,75.91,10.00,waiting_at_station,46.559282,15.655122
2800,G1,46.558439,15.655626,1769016200,86.77,10.00,waiting_at_station,46.559282,15.655122
1800,G1,46.559407,15.655252,1769016202,100.00,5.00,on_bus,46.559385,15.655171
1801,G1,46.559347,15.655163,1769016202,96.76,5.00,on_bus,46.559385,15.655171
1802,G1,46.559436,15.655101,1769016202,83.04,10.00,on_bus,46.559385,15.655171
2600,G1,46.539851,15.648058,1769016202,90.80,5.00,waiting_at_station,46.559385,15.655171
2601,G1,46.539682,15.647861,1769016202,80.23,10.00,waiting_at_station,46.559385,15.655171
2602,G1,46.539941,15.648026,1769016202,100.00,5.00,waiting_at_station,46.559385,15.655171
2700,G1,46.554219,15.650887,1769016202,89.08,10.00,waiting_at_station,46.559385,15.655171
2701,G1,46.554634,15.650388,1769016202,33.67,50.00,waiting_at_station,46.559385,15.655171
1800,G1,46.559395,15.655285,1769016203,98.10,5.00,on_bus,46.559488,15.655219
1801,G1,46.559437,15.655191,1769016203,83.14,10.00,on_bus,46.559488,15.655219
2500,G1,46.530875,15.670140,1769016203,90.78,5.00,waiting_at_station,46.559488,15.655219
2800,G1,46.558619,15.655817,1769016203,95.86,5.00,waiting_at_station,46.559488,15.655219
2801,G1,46.558934,15.656254,1769016203,81.23,10.00,waiting_at_station,46.559488,15.655219
1800,G1,46.559630,15.655476,1769016205,79.05,10.00,on_bus,46.559591,15.655267
1801,G1,46.559533,15.655437,1769016205,85.03,10.00,on_bus,46.559591,15.655267
2100,G1,46.552543,15.650207,1769016205,93.97,5.00,waiting_at_station,46.559591,15.655267
2101,G1,46.552758,15.650226,1769016205,73.68,20.00,waiting_at_station,46.559591,15.655267
2102,G1,46.552562,15.650231,1769016205,96.24,5.00,waiting_at_station,46.559591,15.655267
2200,G1,46.540218,15.649766,1769016205,53.51,35.00,waiting_at_station,46.559591,15.655267
2201,G1,46.540655,15.650576,1769016205,65.51,20.00,waiting_at_station,46.559591,15.655267
2202,G1,46.539937,15.649835,1769016205,68.00,20.00,waiting_at_station,46.559591,15.655267
2400,G1,46.527429,15.684323,1769016205,74.30,20.00,waiting_at_station,46.559591,15.655267
2401,G1,46.527378,15.684936,1769016205,57.51,35.00,waiting_at_station,46.559591,15.655267
2402,G1,46.527646,15.684299,1769016205,67.75,20.00,waiting_at_station,46.559591,15.655267
2600,G1,46.539893,15.648011,1769016205,85.11,10.00,waiting_at_station,46.559591,15.655267
2700,G1,46.554223,15.650277,1769016205,57.73,35.00,waiting_at_station,46.559591,15.655267
2701,G1,46.554501,15.650580,1769016205,49.45,35.00,waiting_at_station,46.559591,15.655267
2800,G1,46.558538,15.655843,1769016205,57.20,35.00,waiting_at_station,46.559591,15.655267
2801,G1,46.558864,15.655686,1769016205,84.86,10.00,waiting_at_station,46.559591,15.655267
1900,G1,46.559768,15.655433,1769016203,63.34,20.00,on_bus,46.559694,15.655316
1901,G1,46.559635,15.655495,1769016203,86.50,10.00,on_bus,46.559694,15.655316
1902,G1,46.559669,15.655429,1769016203,73.06,20.00,on_bus,46.559694,15.655316
2000,G1,46.559290,15.656116,1769016203,66.30,20.00,waiting_at_station,46.559694,15.655316
2001,G1,46.559148,15.655931,1769016203,71.22,20.00,waiting_at_station,46.559694,15.655316
2002,G1,46.559550,15.655944,1769016203,93.33,5.00,waiting_at_station,46.559694,15.655316
2200,G1,46.540346,15.649287,1769016203,73.92,20.00,waiting_at_station,46.559694,15.655316
2201,G1,46.540106,15.649795,1769016203,100.00,5.00,waiting_at_station,46.559694,15.655316
2600,G1,46.540085,15.648217,1769016203,77.89,10.00,waiting_at_station,46.559694,15.655316
2601,G1,46.540183,15.647742,1769016203,71.06,20.00,waiting_at_station,46.559694,15.655316
2602,G1,46.539588,15.648351,1769016203,68.13,20.00,waiting_at_station,46.559694,15.655316
2800,G1,46.558553,15.655832,1769016203,77.08,10.00,waiting_at_station,46.559694,15.655316
2801,G1,46.558578,15.656060,1769016203,84.66,10.00,waiting_at_station,46.559694,15.655316
2802,G1,46.558431,15.655297,1769016203,94.95,5.00,waiting_at_station,46.559694,15.655316
1900,G1,46.559723,15.655307,1769016203,79.77,10.00,on_bus,46.559749,15.655342
1901,G1,46.559869,15.655296,1769016203,84.90,10.00,on_bus,46.559749,15.655342
2200,G1,46.540339,15.649653,1769016203,99.02,5.00,waiting_at_station,46.559749,15.655342
2201,G1,46.539855,15.649445,1769016203,63.90,20.00,waiting_at_station,46.559749,15.655342
2202,G1,46.539970,15.650418,1769016203,68.01,20.00,waiting_at_station,46.559749,15.655342
2700,G1,46.554393,15.650539,1769016203,65.73,20.00,waiting_at_station,46.559749,15.655342
2701,G1,46.554523,15.650593,1769016203,83.76,10.00,waiting_at_station,46.559749,15.655342
1900,G1,46.559793,15.655301,1769016205,84.08,10.00,on_bus,46.559805,15.655368
1901,G1,46.559825,15.655380,1769016205,85.69,10.00,on_bus,46.559805,15.655368
1902,G1,46.559913,15.655752,1769016205,85.30,10.00,on_bus,46.559805,15.655368
1903,G1,46.559582,15.655603,1769016205,80.32,10.00,on_bus,46.559805,15.655368
1904,G1,46.559752,15.655314,1769016205,72.49,20.00,on_bus,46.559805,15.655368
1905,G1,46.559745,15.655464,1769016205,81.32,10.00,on_bus,46.559805,15.655368
2100,G1,46.552725,15.650392,1769016205,100.00,5.00,waiting_at_station,46.559805,15.655368
2300,G1,46.532489,15.666797,1769016205,67.19,20.00,waiting_at_station,46.559805,15.655368
2301,G1,46.532332,15.666507,1769016205,89.82,10.00,waiting_at_station,46.559805,15.655368
1900,G1,46.559848,15.655423,1769016205,92.11,5.00,on_bus,46.559860,15.655394
1901,G1,46.559981,15.655314,1769016205,73.99,20.00,on_bus,46.559860,15.655394
1902,G1,46.559772,15.655222,1769016205,86.25,10.00,on_bus,46.559860,15.655394
1903,G1,46.559835,15.655308,1769016205,64.26,20.00,on_bus,46.559860,15.655394
1904,G1,46.559883,15.655182,1769016205,67.78,20.00,on_bus,46.559860,15.655394
2200,G1,46.540183,15.649963,1769016205,98.47,5.00,waiting_at_station,46.559860,15.655394
2201,G1,46.539885,15.649178,1769016205,41.17,50.00,waiting_at_station,46.559860,15.655394
2202,G1,46.540360,15.649989,1769016205,60.82,20.00,waiting_at_station,46.559860,15.655394
2500,G1,46.530831,15.670091,1769016205,72.37,20.00,waiting_at_station,46.559860,15.655394
1900,G1,46.559876,15.655474,1769016206,88.79,10.00,on_bus,46.559916,15.655420
1901,G1,46.559893,15.655459,1769016206,81.99,10.00,on_bus,46.559916,15.655420
1902,G1,46.559844,15.655543,1769016206,84.31,10.00,on_bus,46.559916,15.655420
2000,G1,46.559808,15.655882,1769016206,86.30,10.00,waiting_at_station,46.559916,15.655420
2100,G1,46.552675,15.650399,1769016206,78.42,10.00,waiting_at_station,46.559916,15.655420
2101,G1,46.552651,15.650192,1769016206,83.06,10.00,waiting_at_station,46.559916,15.655420
2200,G1,46.540085,15.649912,1769016206,85.08,10.00,waiting_at_station,46.559916,15.655420
2201,G1,46.540235,15.649908,1769016206,95.43,5.00,waiting_at_station,46.559916,15.655420
2202,G1,46.540032,15.650215,1769016206,95.80,5.00,waiting_at_station,46.559916,15.655420
2000,G1,46.560004,15.655296,1769016205,64.19,20.00,on_bus,46.559971,15.655446
2001,G1,46.559956,15.655403,1769016205,93.00,5.00,on_bus,46.559971,15.655446
2002,G1,46.559973,15.655420,1769016205,75.29,10.00,on_bus,46.559971,15.655446
2003,G1,46.559882,15.655423,1769016205,75.17,10.00,on_bus,46.559971,15.655446
2004,G1,46.559988,15.655530,1769016205,100.00,5.00,on_bus,46.559971,15.655446
2000,G1,46.559435,15.655803,1769016205,73.75,20.00,waiting_at_station,46.559971,15.655446
2200,G1,46.540263,15.649742,1769016205,67.73,20.00,waiting_at_station,46.559971,15.655446
2201,G1,46.540194,15.649766,1769016205,76.86,10.00,waiting_at_station,46.559971,15.655446
2202,G1,46.539990,15.649681,1769016205,75.68,10.00,waiting_at_station,46.559971,15.655446
2700,G1,46.554701,15.650972,1769016205,90.00,5.00,waiting_at_station,46.559971,15.655446
2701,G1,46.554570,15.650514,1769016205,72.94,20.00,waiting_at_station,46.559971,15.655446
2800,G1,46.558542,15.655715,1769016205,50.80,35.00,waiting_at_station,46.559971,15.655446
2000,G1,46.559872,15.655623,1769016206,100.00,5.00,on_bus,46.560044,15.655480
2001,G1,46.560014,15.655458,1769016206,100.00,5.00,on_bus,46.560044,15.655480
2002,G1,46.560028,15.655506,1769016206,100.00,5.00,on_bus,46.560044,15.655480
2003,G1,46.560084,15.655387,1769016206,67.34,20.00,on_bus,46.560044,15.655480
2004,G1,46.560215,15.655515,1769016206,70.31,20.00,on_bus,46.560044,15.655480
2005,G1,46.560032,15.655302,1769016206,73.56,20.00,on_bus,46.560044,15.655480
2000,G1,46.559238,15.655129,1769016206,95.38,5.00,waiting_at_station,46.560044,15.655480
2001,G1,46.559409,15.656363,1769016206,100.00,5.00,waiting_at_station,46.560044,15.655480
2100,G1,46.552897,15.649762,1769016206,71.98,20.00,waiting_at_station,46.560044,15.655480
2101,G1,46.552219,15.650355,1769016206,74.41,20.00,waiting_at_station,46.560044,15.655480
2102,G1,46.553090,15.649464,1769016206,89.44,10.00,waiting_at_station,46.560044,15.655480
2300,G1,46.532452,15.666443,1769016206,89.27,10.00,waiting_at_station,46.560044,15.655480
2301,G1,46.532628,15.666878,1769016206,60.03,20.00,waiting_at_station,46.560044,15.655480
2302,G1,46.532628,15.667013,1769016206,63.65,20.00,waiting_at_station,46.560044,15.655480
2600,G1,46.540290,15.648391,1769016206,94.98,5.00,waiting_at_station,46.560044,15.655480
2601,G1,46.539646,15.647964,1769016206,78.49,10.00,waiting_at_station,46.560044,15.655480
2700,G1,46.554196,15.650389,1769016206,78.69,10.00,waiting_at_station,46.560044,15.655480
2701,G1,46.554188,15.650717,1769016206,100.00,5.00,waiting_at_station,46.560044,15.655480
2000,G1,46.560224,15.655515,1769016207,42.34,50.00,on_bus,46.560116,15.655514
2001,G1,46.560062,15.655539,1769016207,59.19,35.00,on_bus,46.560116,15.655514
2002,G1,46.560177,15.655448,1769016207,72.33,20.00,on_bus,46.560116,15.655514
2200,G1,46.540015,15.649568,1769016207,65.62,20.00,waiting_at_station,46.560116,15.655514
2201,G1,46.539955,15.649899,1769016207,63.03,20.00,waiting_at_station,46.560116,15.655514
2300,G1,46.532467,15.667192,1769016207,93.25,5.00,waiting_at_station,46.560116,15.655514
2400,G1,46.527521,15.683871,1769016207,78.57,10.00,waiting_at_station,46.560116,15.655514
2401,G1,46.527486,15.684053,1769016207,74.88,20.00,waiting_at_station,46.560116,15.655514
2402,G1,46.527063,15.684756,1769016207,81.24,10.00,waiting_at_station,46.560116,15.655514
2600,G1,46.539685,15.647494,1769016207,73.92,20.00,waiting_at_station,46.560116,15.655514
2000,G1,46.560195,15.655629,1769016208,74.18,20.00,on_bus,46.560189,15.655549
2001,G1,46.560128,15.655510,1769016208,100.00,5.00,on_bus,46.560189,15.655549
2200,G1,46.540022,15.649285,1769016208,53.54,35.00,waiting_at_station,46.560189,15.655549
2600,G1,46.539798,15.648021,1769016208,71.23,20.00,waiting_at_station,46.560189,15.655549
2601,G1,46.539714,15.648186,1769016208,84.36,10.00,waiting_at_station,46.560189,15.655549
2602,G1,46.539266,15.648042,1769016208,49.06,35.00,waiting_at_station,46.560189,15.655549
2000,G1,46.560282,15.655564,1769016210,53.22,35.00,on_bus,46.560262,15.655583
2001,G1,46.560286,15.655484,1769016210,69.47,20.00,on_bus,46.560262,15.655583
2100,G1,46.552774,15.650161,1769016210,72.04,20.00,waiting_at_station,46.560262,15.655583
2101,G1,46.552885,15.650116,1769016210,69.41,20.00,waiting_at_station,46.560262,15.655583
2000,G1,46.560365,15.655534,1769016210,74.22,20.00,on_bus,46.560334,15.655617
2001,G1,46.560239,15.655654,1769016210,100.00,5.00,on_bus,46.560334,15.655617
2000,G1,46.559989,15.655977,1769016210,45.92,35.00,waiting_at_station,46.560334,15.655617
2001,G1,46.559756,15.655870,1769016210,95.67,5.00,waiting_at_station,46.560334,15.655617
2200,G1,46.540334,15.649705,1769016210,83.47,10.00,waiting_at_station,46.560334,15.655617
2100,G1,46.560599,15.655947,1769016208,93.11,5.00,on_bus,46.560407,15.655651
2101,G1,46.560404,15.655617,1769016208,62.77,20.00,on_bus,46.560407,15.655651
2000,G1,46.559359,15.656001,1769016208,71.54,20.00,waiting_at_station,46.560407,15.655651
2500,G1,46.530851,15.670598,1769016208,58.71,35.00,waiting_at_station,46.560407,15.655651
2501,G1,46.530979,15.670257,1769016208,57.94,35.00,waiting_at_station,46.560407,15.655651
2700,G1,46.554367,15.650924,1769016208,86.93,10.00,waiting_at_station,46.560407,15.655651
2701,G1,46.554395,15.650829,1769016208,89.18,10.00,waiting_at_station,46.560407,15.655651
2702,G1,46.554611,15.650402,1769016208,49.19,35.00,waiting_at_station,46.560407,15.655651
2800,G1,46.558890,15.655997,1769016208,63.35,20.00,waiting_at_station,46.560407,15.655651
2801,G1,46.558308,15.655559,1769016208,79.74,10.00,waiting_at_station,46.560407,15.655651
2100,G1,46.560492,15.655392,1769016209,94.34,5.00,on_bus,46.560470,15.655681
2101,G1,46.560453,15.655722,1769016209,80.76,10.00,on_bus,46.560470,15.655681
2102,G1,46.560458,15.655751,1769016209,83.63,10.00,on_bus,46.560470,15.655681
2103,G1,46.560448,15.655680,1769016209,100.00,5.00,on_bus,46.560470,15.655681
2104,G1,46.560557,15.655649,1769016209,88.04,10.00,on_bus,46.560470,15.655681
2105,G1,46.560477,15.655678,1769016209,88.84,10.00,on_bus,46.560470,15.655681
2200,G1,46.539922,15.650417,1769016209,81.95,10.00,waiting_at_station,46.560470,15.655681
2201,G1,46.539924,15.649856,1769016209,82.61,10.00,waiting_at_station,46.560470,15.655681
2202,G1,46.539996,15.650373,1769016209,74.85,20.00,waiting_at_station,46.560470,15.655681
2100,G1,46.560548,15.655587,1769016210,72.03,20.00,on_bus,46.560533,15.655710
2101,G1,46.560580,15.655580,1769016210,82.32,10.00,on_bus,46.560533,15.655710
2102,G1,46.560436,15.655724,1769016210,71.89,20.00,on_bus,46.560533,15.655710
2103,G1,46.560581,15.655727,1769016210,71.60,20.00,on_bus,46.560533,15.655710
2000,G1,46.559583,15.656329,1769016210,79.13,10.00,waiting_at_station,46.560533,15.655710
2300,G1,46.532573,15.666817,1769016210,81.33,10.00,waiting_at_station,46.560533,15.655710
2301,G1,46.532519,15.666586,1769016210,64.62,20.00,waiting_at_station,46.560533,15.655710
2100,G1,46.560685,15.655751,1769016211,67.25,20.00,on_bus,46.560595,15.655740
2101,G1,46.560660,15.655822,1769016211,65.82,20.00,on_bus,46.560595,15.655740
2102,G1,46.560794,15.655579,1769016211,74.27,20.00,on_bus,46.560595,15.655740
2100,G1,46.552428,15.650522,1769016211,50.01,35.00,waiting_at_station,46.560595,15.655740
2101,G1,46.552386,15.649858,1769016211,86.09,10.00,waiting_at_station,46.560595,15.655740
2300,G1,46.532484,15.666891,1769016211,100.00,5.00,waiting_at_station,46.560595,15.655740
2301,G1,46.532106,15.666727,1769016211,100.00,5.00,waiting_at_station,46.560595,15.655740
2302,G1,46.532515,15.666861,1769016211,80.24,10.00,waiting_at_station,46.560595,15.655740
2100,G1,46.560669,15.655714,1769016212,93.47,5.00,on_bus,46.560658,15.655770
2101,G1,46.560819,15.655371,1769016212,91.36,5.00,on_bus,46.560658,15.655770
2102,G1,46.560710,15.655735,1769016212,41.77,50.00,on_bus,46.560658,15.655770
2103,G1,46.560677,15.655736,1769016212,85.88,10.00,on_bus,46.560658,15.655770
2104,G1,46.560627,15.655686,1769016212,95.39,5.00,on_bus,46.560658,15.655770
2500,G1,46.530921,15.670541,1769016212,100.00,5.00,waiting_at_station,46.560658,15.655770
2501,G1,46.530940,15.670274,1769016212,55.84,35.00,waiting_at_station,46.560658,15.655770
2100,G1,46.560650,15.655807,1769016213,85.11,10.00,on_bus,46.560721,15.655799
2101,G1,46.560751,15.655917,1769016213,54.17,35.00,on_bus,46.560721,15.655799
2102,G1,46.560641,15.655731,1769016213,71.50,20.00,on_bus,46.560721,15.655799
2103,G1,46.560644,15.655585,1769016213,56.24,35.00,on_bus,46.560721,15.655799
2600,G1,46.539795,15.647821,1769016213,56.17,35.00,waiting_at_station,46.560721,15.655799
2601,G1,46.539448,15.648561,1769016213,70.69,20.00,waiting_at_station,46.560721,15.655799
2602,G1,46.539810,15.647974,1769016213,86.71,10.00,waiting_at_station,46.560721,15.655799
2200,G1,46.560803,15.655820,1769016211,69.86,20.00,on_bus,46.560784,15.655829
2201,G1,46.560820,15.655750,1769016211,55.64,35.00,on_bus,46.560784,15.655829
2202,G1,46.560921,15.655745,1769016211,100.00,5.00,on_bus,46.560784,15.655829
2203,G1,46.560627,15.655870,1769016211,88.03,10.00,on_bus,46.560784,15.655829
2204,G1,46.560779,15.655823,1769016211,70.59,20.00,on_bus,46.560784,15.655829
2000,G1,46.559752,15.655906,1769016211,63.97,20.00,waiting_at_station,46.560784,15.655829
2001,G1,46.559689,15.656812,1769016211,85.03,10.00,waiting_at_station,46.560784,15.655829
2400,G1,46.527525,15.684434,1769016211,55.15,35.00,waiting_at_station,46.560784,15.655829
2401,G1,46.527506,15.684548,1769016211,61.65,20.00,waiting_at_station,46.560784,15.655829
2402,G1,46.527397,15.684209,1769016211,79.84,10.00,waiting_at_station,46.560784,15.655829
2500,G1,46.530941,15.670304,1769016211,70.37,20.00,waiting_at_station,46.560784,15.655829
2600,G1,46.539991,15.647769,1769016211,100.00,5.00,waiting_at_station,46.560784,15.655829
2700,G1,46.554301,15.651166,1769016211,49.84,35.00,waiting_at_station,46.560784,15.655829
2701,G1,46.554236,15.651185,1769016211,75.34,10.00,waiting_at_station,46.560784,15.655829
2200,G1,46.560690,15.655744,1769016213,79.43,10.00,on_bus,46.560759,15.655681
2201,G1,46.560788,15.655781,1769016213,84.18,10.00,on_bus,46.560759,15.655681
2300,G1,46.532488,15.666540,1769016213,48.72,35.00,waiting_at_station,46.560759,15.655681
2301,G1,46.532734,15.667375,1769016213,100.00,5.00,waiting_at_station,46.560759,15.655681
2500,G1,46.530941,15.670240,1769016213,76.44,10.00,waiting_at_station,46.560759,15.655681
2700,G1,46.554188,15.650742,1769016213,76.50,10.00,waiting_at_station,46.560759,15.655681
2200,G1,46.560762,15.655551,1769016214,54.19,35.00,on_bus,46.560734,15.655533
2201,G1,46.560712,15.655436,1769016214,62.39,20.00,on_bus,46.560734,15.655533
2000,G1,46.559353,15.656387,1769016214,84.70,10.00,waiting_at_station,46.560734,15.655533
2001,G1,46.559997,15.656711,1769016214,80.11,10.00,waiting_at_station,46.560734,15.655533
2002,G1,46.559403,15.655779,1769016214,98.16,5.00,waiting_at_station,46.560734,15.655533
2200,G1,46.540122,15.649525,1769016214,89.13,10.00,waiting_at_station,46.560734,15.655533
2201,G1,46.540040,15.649849,1769016214,60.55,20.00,waiting_at_station,46.560734,15.655533
2202,G1,46.539966,15.649660,1769016214,66.66,20.00,waiting_at_station,46.560734,15.655533
2300,G1,46.532611,15.666511,1769016214,71.74,20.00,waiting_at_station,46.560734,15.655533
2301,G1,46.532534,15.667174,1769016214,81.96,10.00,waiting_at_station,46.560734,15.655533
2600,G1,46.540134,15.648382,1769016214,68.26,20.00,waiting_at_station,46.560734,15.655533
2601,G1,46.539834,15.647947,1769016214,69.71,20.00,waiting_at_station,46.560734,15.655533
2800,G1,46.558541,15.655383,1769016214,53.49,35.00,waiting_at_station,46.560734,15.655533
2801,G1,46.558645,15.656199,1769016214,74.81,20.00,waiting_at_station,46.560734,15.655533
2200,G1,46.560536,15.655300,1769016216,92.61,5.00,on_bus,46.560710,15.655384
2201,G1,46.560688,15.655292,1769016216,77.10,10.00,on_bus,46.560710,15.655384
2202,G1,46.560765,15.655280,1769016216,99.04,5.00,on_bus,46.560710,15.655384
2300,G1,46.532471,15.666869,1769016216,66.79,20.00,waiting_at_station,46.560710,15.655384
2301,G1,46.532344,15.666706,1769016216,61.75,20.00,waiting_at_station,46.560710,15.655384
2302,G1,46.532657,15.667091,1769016216,88.62,10.00,waiting_at_station,46.560710,15.655384
2600,G1,46.539860,15.648337,1769016216,95.78,5.00,waiting_at_station,46.560710,15.655384
2601,G1,46.539760,15.648584,1769016216,48.35,35.00,waiting_at_station,46.560710,15.655384
2602,G1,46.539851,15.647780,1769016216,67.04,20.00,waiting_at_station,46.560710,15.655384
2800,G1,46.558704,15.655963,1769016216,92.79,5.00,waiting_at_station,46.560710,15.655384
2200,G1,46.560649,15.655189,1769016217,79.47,10.00,on_bus,46.560685,15.655236
2201,G1,46.560679,15.655237,1769016217,67.14,20.00,on_bus,46.560685,15.655236
2202,G1,46.560701,15.655165,1769016217,81.32,10.00,on_bus,46.560685,15.655236
2203,G1,46.560733,15.655136,1769016217,54.01,35.00,on_bus,46.560685,15.655236
2100,G1,46.552848,15.650282,1769016217,92.07,5.00,waiting_at_station,46.560685,15.655236
2101,G1,46.552629,15.650182,1769016217,67.33,20.00,waiting_at_station,46.560685,15.655236
2102,G1,46.552820,15.650072,1769016217,80.36,10.00,waiting_at_station,46.560685,15.655236
2200,G1,46.540224,15.649432,1769016217,41.61,50.00,waiting_at_station,46.560685,15.655236
2500,G1,46.530932,15.670121,1769016217,87.07,10.00,waiting_at_station,46.560685,15.655236
2501,G1,46.530999,15.670235,1769016217,82.89,10.00,waiting_at_station,46.560685,15.655236
2300,G1,46.560440,15.654952,1769016215,79.59,10.00,on_bus,46.560660,15.655088
2301,G1,46.560553,15.654961,1769016215,81.97,10.00,on_bus,46.560660,15.655088
2302,G1,46.560663,15.654984,1769016215,61.70,20.00,on_bus,46.560660,15.655088
2303,G1,46.560636,15.655027,1769016215,70.19,20.00,on_bus,46.560660,15.655088
2000,G1,46.559212,15.655870,1769016215,52.79,35.00,waiting_at_station,46.560660,15.655088
2001,G1,46.559504,15.656203,1769016215,71.70,20.00,waiting_at_station,46.560660,15.655088
2200,G1,46.540114,15.650076,1769016215,87.03,10.00,waiting_at_station,46.560660,15.655088
2201,G1,46.540108,15.649819,1769016215,63.51,20.00,waiting_at_station,46.560660,15.655088
2202,G1,46.540083,15.649516,1769016215,98.04,5.00,waiting_at_station,46.560660,15.655088
2300,G1,46.533201,15.666764,1769016215,75.49,10.00,waiting_at_station,46.560660,15.655088
2301,G1,46.532614,15.666514,1769016215,88.44,10.00,waiting_at_station,46.560660,15.655088
2302,G1,46.532519,15.666698,1769016215,71.69,20.00,waiting_at_station,46.560660,15.655088
2300,G1,46.560687,15.654801,1769016215,100.00,5.00,on_bus,46.560644,15.655008
2301,G1,46.560626,15.654837,1769016215,53.08,35.00,on_bus,46.560644,15.655008
2302,G1,46.560393,15.654965,1769016215,85.21,10.00,on_bus,46.560644,15.655008
2500,G1,46.530949,15.670269,1769016215,90.53,5.00,waiting_at_station,46.560644,15.655008
2501,G1,46.531140,15.670048,1769016215,63.27,20.00,waiting_at_station,46.560644,15.655008
2300,G1,46.560664,15.654991,1769016217,61.68,20.00,on_bus,46.560629,15.654929
2301,G1,46.560602,15.654930,1769016217,86.39,10.00,on_bus,46.560629,15.654929
2302,G1,46.560640,15.654941,1769016217,80.57,10.00,on_bus,46.560629,15.654929
2303,G1,46.560621,15.654850,1769016217,88.99,10.00,on_bus,46.560629,15.654929
2304,G1,46.560487,15.654965,1769016217,71.14,20.00,on_bus,46.560629,15.654929
2000,G1,46.559550,15.656091,1769016217,99.20,5.00,waiting_at_station,46.560629,15.654929
2001,G1,46.559483,15.656052,1769016217,55.67,35.00,waiting_at_station,46.560629,15.654929
2002,G1,46.559628,15.656453,1769016217,100.00,5.00,waiting_at_station,46.560629,15.654929
2100,G1,46.552680,15.649688,1769016217,75.45,10.00,waiting_at_station,46.560629,15.654929
2101,G1,46.552443,15.650654,1769016217,89.30,10.00,waiting_at_station,46.560629,15.654929
2102,G1,46.552338,15.649835,1769016217,75.02,10.00,waiting_at_station,46.560629,15.654929
2500,G1,46.530858,15.670397,1769016217,56.28,35.00,waiting_at_station,46.560629,15.654929
2501,G1,46.530588,15.670445,1769016217,64.89,20.00,waiting_at_station,46.560629,15.654929
2300,G1,46.560579,15.654932,1769016217,65.79,20.00,on_bus,46.560614,15.654849
2301,G1,46.560628,15.655005,1769016217,78.66,10.00,on_bus,46.560614,15.654849
2302,G1,46.560640,15.654835,1769016217,69.79,20.00,on_bus,46.560614,15.654849
2303,G1,46.560620,15.654786,1769016217,67.94,20.00,on_bus,46.560614,15.654849
2304,G1,46.560708,15.654765,1769016217,84.07,10.00,on_bus,46.560614,15.654849
2305,G1,46.560556,15.655037,1769016217,76.01,10.00,on_bus,46.560614,15.654849
2000,G1,46.559697,15.656106,1769016217,89.30,10.00,waiting_at_station,46.560614,15.654849
2001,G1,46.559587,15.655886,1769016217,50.76,35.00,waiting_at_station,46.560614,15.654849
2002,G1,46.559285,15.656180,1769016217,77.11,10.00,waiting_at_station,46.560614,15.654849
2300,G1,46.560449,15.654889,1769016218,100.00,5.00,on_bus,46.560598,15.654769
2301,G1,46.560579,15.654571,1769016218,75.51,10.00,on_bus,46.560598,15.654769
2302,G1,46.560520,15.654780,1769016218,92.95,5.00,on_bus,46.560598,15.654769
2303,G1,46.560608,15.654786,1769016218,66.97,20.00,on_bus,46.560598,15.654769
2304,G1,46.560566,15.654780,1769016218,100.00,5.00,on_bus,46.560598,15.654769
2305,G1,46.560585,15.654736,1769016218,100.00,5.00,on_bus,46.560598,15.654769
2700,G1,46.554373,15.650622,1769016218,74.80,20.00,waiting_at_station,46.560598,15.654769
2300,G1,46.560549,15.654740,1769016219,75.46,10.00,on_bus,46.560582,15.654690
2301,G1,46.560570,15.654861,1769016219,99.91,5.00,on_bus,46.560582,15.654690
2200,G1,46.539970,15.649553,1769016219,88.20,10.00,waiting_at_station,46.560582,15.654690
2201,G1,46.540126,15.650022,1769016219,76.81,10.00,waiting_at_station,46.560582,15.654690
2202,G1,46.540129,15.649475,1769016219,74.26,20.00,waiting_at_station,46.560582,15.654690
2300,G1,46.532593,15.667432,1769016219,86.05,10.00,waiting_at_station,46.560582,15.654690
2301,G1,46.532367,15.667117,1769016219,61.66,20.00,waiting_at_station,46.560582,15.654690
2302,G1,46.532573,15.666675,1769016219,90.66,5.00,waiting_at_station,46.560582,15.654690
2400,G1,46.527182,15.684737,1769016219,74.27,20.00,waiting_at_station,46.560582,15.654690
2600,G1,46.539919,15.648102,1769016219,68.54,20.00,waiting_at_station,46.560582,15.654690
2601,G1,46.539889,15.647988,1769016219,89.40,10.00,waiting_at_station,46.560582,15.654690
2800,G1,46.558802,15.655850,1769016219,86.74,10.00,waiting_at_station,46.560582,15.654690
2801,G1,46.558564,15.655716,1769016219,86.15,10.00,waiting_at_station,46.560582,15.654690
2400,G1,46.560698,15.654793,1769016218,51.83,35.00,on_bus,46.560567,15.654610
2401,G1,46.560426,15.654939,1769016218,74.38,20.00,on_bus,46.560567,15.654610
2402,G1,46.560469,15.654635,1769016218,91.39,5.00,on_bus,46.560567,15.654610
2403,G1,46.560708,15.654607,1769016218,65.55,20.00,on_bus,46.560567,15.654610
2404,G1,46.560573,15.654766,1769016218,83.14,10.00,on_bus,46.560567,15.654610
2405,G1,46.560691,15.654665,1769016218,57.61,35.00,on_bus,46.560567,15.654610
2100,G1,46.552762,15.650404,1769016218,76.03,10.00,waiting_at_station,46.560567,15.654610
2101,G1,46.552966,15.650019,1769016218,48.73,35.00,waiting_at_station,46.560567,15.654610
2300,G1,46.532538,15.666764,1769016218,75.36,10.00,waiting_at_station,46.560567,15.654610
2301,G1,46.532561,15.666891,1769016218,97.64,5.00,waiting_at_station,46.560567,15.654610
2400,G1,46.560564,15.654535,1769016218,81.16,10.00,on_bus,46.560554,15.654481
2401,G1,46.560520,15.654542,1769016218,100.00,5.00,on_bus,46.560554,15.654481
2402,G1,46.560489,15.654513,1769016218,90.17,5.00,on_bus,46.560554,15.654481
2403,G1,46.560599,15.654534,1769016218,88.47,10.00,on_bus,46.560554,15.654481
2000,G1,46.559493,15.656021,1769016218,76.86,10.00,waiting_at_station,46.560554,15.654481
2001,G1,46.559304,15.655827,1769016218,81.17,10.00,waiting_at_station,46.560554,15.654481
2002,G1,46.560033,15.655546,1769016218,79.09,10.00,waiting_at_station,46.560554,15.654481
2100,G1,46.552689,15.650140,1769016218,55.60,35.00,waiting_at_station,46.560554,15.654481
2101,G1,46.552679,15.650388,1769016218,68.59,20.00,waiting_at_station,46.560554,15.654481
2102,G1,46.552554,15.650329,1769016218,83.16,10.00,waiting_at_station,46.560554,15.654481
2500,G1,46.530746,15.670195,1769016218,65.88,20.00,waiting_at_station,46.560554,15.654481
2501,G1,46.530706,15.670037,1769016218,67.54,20.00,waiting_at_station,46.560554,15.654481
2502,G1,46.530804,15.670101,1769016218,69.21,20.00,waiting_at_station,46.560554,15.654481
2400,G1,46.560616,15.654415,1769016219,53.72,35.00,on_bus,46.560540,15.654353
2401,G1,46.560543,15.654329,1769016219,55.42,35.00,on_bus,46.560540,15.654353
2200,G1,46.539591,15.649645,1769016219,78.18,10.00,waiting_at_station,46.560540,15.654353
2201,G1,46.540067,15.649552,1769016219,70.55,20.00,waiting_at_station,46.560540,15.654353
2400,G1,46.527905,15.685076,1769016219,76.28,10.00,waiting_at_station,46.560540,15.654353
2401,G1,46.527709,15.684600,1769016219,66.22,20.00,waiting_at_station,46.560540,15.654353
2402,G1,46.527391,15.684235,1769016219,79.30,10.00,waiting_at_station,46.560540,15.654353
2400,G1,46.560566,15.654123,1769016221,84.16,10.00,on_bus,46.560527,15.654224
2401,G1,46.560571,15.654135,1769016221,75.14,10.00,on_bus,46.560527,15.654224
2000,G1,46.559437,15.656401,1769016221,67.12,20.00,waiting_at_station,46.560527,15.654224
2001,G1,46.559827,15.655621,1769016221,70.13,20.00,waiting_at_station,46.560527,15.654224
2002,G1,46.559557,15.656660,1769016221,71.75,20.00,waiting_at_station,46.560527,15.654224
2300,G1,46.532408,15.667341,1769016221,85.88,10.00,waiting_at_station,46.560527,15.654224
2700,G1,46.554435,15.650597,1769016221,96.72,5.00,waiting_at_station,46.560527,15.654224
2701,G1,46.554435,15.650531,1769016221,96.94,5.00,waiting_at_station,46.560527,15.654224
2400,G1,46.560529,15.654116,1769016222,96.27,5.00,on_bus,46.560513,15.654096
2401,G1,46.560516,15.654074,1769016222,47.21,35.00,on_bus,46.560513,15.654096
2800,G1,46.558390,15.656167,1769016222,73.16,20.00,waiting_at_station,46.560513,15.654096
2801,G1,46.558365,15.655139,1769016222,62.12,20.00,waiting_at_station,46.560513,15.654096
2500,G1,46.560515,15.653845,1769016221,80.03,10.00,on_bus,46.560500,15.653967
2501,G1,46.560503,15.653947,1769016221,100.00,5.00,on_bus,46.560500,15.653967
2502,G1,46.560466,15.653765,1769016221,84.38,10.00,on_bus,46.560500,15.653967
2503,G1,46.560509,15.653724,1769016221,75.51,10.00,on_bus,46.560500,15.653967
2504,G1,46.560486,15.654096,1769016221,63.13,20.00,on_bus,46.560500,15.653967
2300,G1,46.532115,15.667034,1769016221,93.85,5.00,waiting_at_station,46.560500,15.653967
2301,G1,46.532577,15.666875,1769016221,54.21,35.00,waiting_at_station,46.560500,15.653967
2302,G1,46.532354,15.666997,1769016221,73.18,20.00,waiting_at_station,46.560500,15.653967
2600,G1,46.539584,15.648284,1769016221,87.21,10.00,waiting_at_station,46.560500,15.653967
2601,G1,46.539912,15.648043,1769016221,91.40,5.00,waiting_at_station,46.560500,15.653967
2700,G1,46.554267,15.650547,1769016221,88.53,10.00,waiting_at_station,46.560500,15.653967
2701,G1,46.554524,15.650344,1769016221,97.12,5.00,waiting_at_station,46.560500,15.653967
2800,G1,46.558564,15.656045,1769016221,83.69,10.00,waiting_at_station,46.560500,15.653967
2801,G1,46.558598,15.655765,1769016221,89.43,10.00,waiting_at_station,46.560500,15.653967
2802,G1,46.558487,15.656004,1769016221,91.91,5.00,waiting_at_station,46.560500,15.653967
2500,G1,46.560433,15.653615,1769016221,64.79,20.00,on_bus,46.560492,15.653858
2501,G1,46.560477,15.653691,1769016221,75.83,10.00,on_bus,46.560492,15.653858
2502,G1,46.560563,15.653819,1769016221,100.00,5.00,on_bus,46.560492,15.653858
2503,G1,46.560456,15.653729,1769016221,100.00,5.00,on_bus,46.560492,15.653858
2200,G1,46.539851,15.649077,1769016221,86.43,10.00,waiting_at_station,46.560492,15.653858
2201,G1,46.540423,15.649811,1769016221,57.13,35.00,waiting_at_station,46.560492,15.653858
2400,G1,46.527383,15.684744,1769016221,52.00,35.00,waiting_at_station,46.560492,15.653858
2401,G1,46.527607,15.684791,1769016221,92.99,5.00,waiting_at_station,46.560492,15.653858
2600,G1,46.539555,15.647319,1769016221,100.00,5.00,waiting_at_station,46.560492,15.653858
2601,G1,46.539821,15.648218,1769016221,71.79,20.00,waiting_at_station,46.560492,15.653858
2700,G1,46.554523,15.650661,1769016221,48.31,35.00,waiting_at_station,46.560492,15.653858
2701,G1,46.554174,15.650019,1769016221,96.43,5.00,waiting_at_station,46.560492,15.653858
2702,G1,46.554520,15.651158,1769016221,79.59,10.00,waiting_at_station,46.560492,15.653858
2500,G1,46.560444,15.653831,1769016223,96.05,5.00,on_bus,46.560483,15.653748
2501,G1,46.560559,15.653779,1769016223,49.19,35.00,on_bus,46.560483,15.653748
2000,G1,46.559168,15.655257,1769016223,82.34,10.00,waiting_at_station,46.560483,15.653748
2700,G1,46.554323,15.650863,1769016223,83.88,10.00,waiting_at_station,46.560483,15.653748
2701,G1,46.554557,15.650280,1769016223,97.40,5.00,waiting_at_station,46.560483,15.653748
2702,G1,46.554332,15.650344,1769016223,62.32,20.00,waiting_at_station,46.560483,15.653748
2500,G1,46.560512,15.653590,1769016224,72.06,20.00,on_bus,46.560475,15.653639
2501,G1,46.560379,15.653498,1769016224,88.11,10.00,on_bus,46.560475,15.653639
2502,G1,46.560484,15.653617,1769016224,100.00,5.00,on_bus,46.560475,15.653639
2503,G1,46.560427,15.653774,1769016224,63.29,20.00,on_bus,46.560475,15.653639
2800,G1,46.558268,15.655520,1769016224,83.31,10.00,waiting_at_station,46.560475,15.653639
2500,G1,46.560451,15.653362,1769016225,100.00,5.00,on_bus,46.560466,15.653529
2501,G1,46.560479,15.653568,1769016225,99.36,5.00,on_bus,46.560466,15.653529
2502,G1,46.560436,15.653497,1769016225,68.94,20.00,on_bus,46.560466,15.653529
2000,G1,46.559509,15.655666,1769016225,96.47,5.00,waiting_at_station,46.560466,15.653529
2001,G1,46.559543,15.655998,1769016225,58.21,35.00,waiting_at_station,46.560466,15.653529
2300,G1,46.532509,15.666673,1769016225,60.93,20.00,waiting_at_station,46.560466,15.653529
2301,G1,46.533268,15.666420,1769016225,42.23,50.00,waiting_at_station,46.560466,15.653529
2400,G1,46.527059,15.683916,1769016225,67.14,20.00,waiting_at_station,46.560466,15.653529
2401,G1,46.527461,15.684372,1769016225,65.83,20.00,waiting_at_station,46.560466,15.653529
2600,G1,46.560457,15.653384,1769016223,100.00,5.00,on_bus,46.560458,15.653420
2601,G1,46.560350,15.653499,1769016223,100.00,5.00,on_bus,46.560458,15.653420
2602,G1,46.560418,15.653451,1769016223,65.75,20.00,on_bus,46.560458,15.653420
2603,G1,46.560590,15.653555,1769016223,77.03,10.00,on_bus,46.560458,15.653420
2000,G1,46.559696,15.655929,1769016223,62.13,20.00,waiting_at_station,46.560458,15.653420
2001,G1,46.559261,15.655663,1769016223,68.30,20.00,waiting_at_station,46.560458,15.653420
2100,G1,46.552669,15.650197,1769016223,62.00,20.00,waiting_at_station,46.560458,15.653420
2101,G1,46.552391,15.650026,1769016223,92.35,5.00,waiting_at_station,46.560458,15.653420
2102,G1,46.552656,15.649758,1769016223,56.75,35.00,waiting_at_station,46.560458,15.653420
2500,G1,46.530830,15.670169,1769016223,60.17,20.00,waiting_at_station,46.560458,15.653420
2501,G1,46.530721,15.669648,1769016223,65.31,20.00,waiting_at_station,46.560458,15.653420
2700,G1,46.554384,15.650576,1769016223,55.52,35.00,waiting_at_station,46.560458,15.653420
2701,G1,46.554400,15.650432,1769016223,53.41,35.00,waiting_at_station,46.560458,15.653420
2600,G1,46.560457,15.653439,1769016224,62.55,20.00,on_bus,46.560454,15.653334
2601,G1,46.560439,15.653337,1769016224,73.46,20.00,on_bus,46.560454,15.653334
2602,G1,46.560427,15.653318,1769016224,80.53,10.00,on_bus,46.560454,15.653334
2603,G1,46.560423,15.653361,1769016224,89.31,10.00,on_bus,46.560454,15.653334
2300,G1,46.532102,15.667042,1769016224,69.16,20.00,waiting_at_station,46.560454,15.653334
2301,G1,46.532475,15.666736,1769016224,81.69,10.00,waiting_at_station,46.560454,15.653334
2302,G1,46.532415,15.666897,1769016224,75.88,10.00,waiting_at_station,46.560454,15.653334
2400,G1,46.527390,15.684660,1769016224,68.83,20.00,waiting_at_station,46.560454,15.653334
2500,G1,46.530805,15.670233,1769016224,64.83,20.00,waiting_at_station,46.560454,15.653334
2501,G1,46.530620,15.670220,1769016224,69.73,20.00,waiting_at_station,46.560454,15.653334
2800,G1,46.558022,15.655954,1769016224,73.49,20.00,waiting_at_station,46.560454,15.653334
2801,G1,46.558048,15.655970,1769016224,76.96,10.00,waiting_at_station,46.560454,15.653334
2802,G1,46.558967,15.656089,1769016224,80.68,10.00,waiting_at_station,46.560454,15.653334
2600,G1,46.560456,15.653244,1769016225,97.75,5.00,on_bus,46.560449,15.653248
2601,G1,46.560505,15.653167,1769016225,66.97,20.00,on_bus,46.560449,15.653248
2602,G1,46.560523,15.653412,1769016225,84.65,10.00,on_bus,46.560449,15.653248
2603,G1,46.560442,15.653285,1769016225,95.10,5.00,on_bus,46.560449,15.653248
2604,G1,46.560415,15.653198,1769016225,63.14,20.00,on_bus,46.560449,15.653248
2300,G1,46.532847,15.666877,1769016225,62.35,20.00,waiting_at_station,46.560449,15.653248
2301,G1,46.532774,15.666772,1769016225,88.80,10.00,waiting_at_station,46.560449,15.653248
2302,G1,46.533057,15.667804,1769016225,77.23,10.00,waiting_at_station,46.560449,15.653248
2400,G1,46.527341,15.684713,1769016225,56.04,35.00,waiting_at_station,46.560449,15.653248
2700,G1,46.554533,15.650282,1769016225,87.89,10.00,waiting_at_station,46.560449,15.653248
2701,G1,46.554926,15.650328,1769016225,78.53,10.00,waiting_at_station,46.560449,15.653248
2702,G1,46.553968,15.650943,1769016225,59.71,35.00,waiting_at_station,46.560449,15.653248
2800,G1,46.558671,15.655773,1769016225,100.00,5.00,waiting_at_station,46.560449,15.653248
2801,G1,46.558478,15.656541,1769016225,72.89,20.00,waiting_at_station,46.560449,15.653248
2802,G1,46.558589,15.655757,1769016225,64.03,20.00,waiting_at_station,46.560449,15.653248
2600,G1,46.560484,15.653204,1769016225,74.25,20.00,on_bus,46.560445,15.653161
2601,G1,46.560451,15.653217,1769016225,76.24,10.00,on_bus,46.560445,15.653161
2602,G1,46.560637,15.653204,1769016225,97.37,5.00,on_bus,46.560445,15.653161
2000,G1,46.559487,15.656037,1769016225,92.85,5.00,waiting_at_station,46.560445,15.653161
2001,G1,46.559605,15.656037,1769016225,90.63,5.00,waiting_at_station,46.560445,15.653161
2500,G1,46.530921,15.670582,1769016225,77.15,10.00,waiting_at_station,46.560445,15.653161
2501,G1,46.530935,15.670186,1769016225,71.21,20.00,waiting_at_station,46.560445,15.653161
2600,G1,46.539820,15.648090,1769016225,69.29,20.00,waiting_at_station,46.560445,15.653161
2600,G1,46.560449,15.653184,1769016227,67.92,20.00,on_bus,46.560440,15.653075
2601,G1,46.560487,15.653111,1769016227,83.84,10.00,on_bus,46.560440,15.653075
2300,G1,46.532402,15.667355,1769016227,100.00,5.00,waiting_at_station,46.560440,15.653075
2301,G1,46.532504,15.666819,1769016227,75.68,10.00,waiting_at_station,46.560440,15.653075
2302,G1,46.532779,15.666898,1769016227,84.44,10.00,waiting_at_station,46.560440,15.653075
2700,G1,46.560461,15.652987,1769016226,49.29,35.00,on_bus,46.560436,15.652989
2701,G1,46.560357,15.653135,1769016226,60.65,20.00,on_bus,46.560436,15.652989
2702,G1,46.560373,15.653037,1769016226,75.69,10.00,on_bus,46.560436,15.652989
2703,G1,46.560592,15.652898,1769016226,100.00,5.00,on_bus,46.560436,15.652989
2704,G1,46.560534,15.652893,1769016226,82.23,10.00,on_bus,46.560436,15.652989
2000,G1,46.559656,15.656206,1769016226,90.71,5.00,waiting_at_station,46.560436,15.652989
2001,G1,46.559257,15.655728,1769016226,91.43,5.00,waiting_at_station,46.560436,15.652989
2400,G1,46.527603,15.684446,1769016226,77.66,10.00,waiting_at_station,46.560436,15.652989
2700,G1,46.554401,15.650615,1769016226,77.43,10.00,waiting_at_station,46.560436,15.652989
2701,G1,46.554002,15.650956,1769016226,67.61,20.00,waiting_at_station,46.560436,15.652989
2700,G1,46.560470,15.652908,1769016226,68.86,20.00,on_bus,46.560432,15.652897
2701,G1,46.560442,15.653156,1769016226,42.38,50.00,on_bus,46.560432,15.652897
2702,G1,46.560452,15.652918,1769016226,78.55,10.00,on_bus,46.560432,15.652897
2703,G1,46.560358,15.653086,1769016226,69.51,20.00,on_bus,46.560432,15.652897
2600,G1,46.539868,15.647575,1769016226,57.12,35.00,waiting_at_station,46.560432,15.652897
2800,G1,46.558592,15.655738,1769016226,89.45,10.00,waiting_at_station,46.560432,15.652897
2700,G1,46.560124,15.652915,1769016227,100.00,5.00,on_bus,46.560428,15.652805
2701,G1,46.560541,15.652904,1769016227,63.67,20.00,on_bus,46.560428,15.652805
2702,G1,46.560472,15.652870,1769016227,100.00,5.00,on_bus,46.560428,15.652805
2703,G1,46.560505,15.652885,1769016227,63.72,20.00,on_bus,46.560428,15.652805
2704,G1,46.560380,15.652724,1769016227,85.56,10.00,on_bus,46.560428,15.652805
2705,G1,46.560437,15.652825,1769016227,78.47,10.00,on_bus,46.560428,15.652805
2100,G1,46.553058,15.651236,1769016227,100.00,5.00,waiting_at_station,46.560428,15.652805
2101,G1,46.552758,15.649953,1769016227,62.60,20.00,waiting_at_station,46.560428,15.652805
2700,G1,46.560443,15.652876,1769016228,69.44,20.00,on_bus,46.560424,15.652713
2701,G1,46.560438,15.652794,1769016228,64.33,20.00,on_bus,46.560424,15.652713
2702,G1,46.560646,15.652885,1769016228,75.10,10.00,on_bus,46.560424,15.652713
2200,G1,46.540174,15.649008,1769016228,93.78,5.00,waiting_at_station,46.560424,15.652713
2400,G1,46.527488,15.684345,1769016228,65.24,20.00,waiting_at_station,46.560424,15.652713
2700,G1,46.560399,15.652558,1769016229,58.98,35.00,on_bus,46.560420,15.652621
2701,G1,46.560340,15.652513,1769016229,100.00,5.00,on_bus,46.560420,15.652621
2000,G1,46.559364,15.656265,1769016229,64.85,20.00,waiting_at_station,46.560420,15.652621
2001,G1,46.559786,15.656437,1769016229,72.33,20.00,waiting_at_station,46.560420,15.652621
2002,G1,46.559601,15.656179,1769016229,54.55,35.00,waiting_at_station,46.560420,15.652621
2100,G1,46.552717,15.650140,1769016229,90.91,5.00,waiting_at_station,46.560420,15.652621
2101,G1,46.552754,15.650081,1769016229,76.31,10.00,waiting_at_station,46.560420,15.652621
2400,G1,46.527655,15.684458,1769016229,93.59,5.00,waiting_at_station,46.560420,15.652621
2401,G1,46.527268,15.684180,1769016229,90.89,5.00,waiting_at_station,46.560420,15.652621
2402,G1,46.527678,15.684376,1769016229,83.56,10.00,waiting_at_station,46.560420,15.652621
2700,G1,46.554142,15.650257,1769016229,95.42,5.00,waiting_at_station,46.560420,15.652621
2800,G1,46.560421,15.652254,1769016228,86.93,10.00,on_bus,46.560416,15.652529
2801,G1,46.560348,15.652429,1769016228,70.27,20.00,on_bus,46.560416,15.652529
2802,G1,46.560330,15.652452,1769016228,93.49,5.00,on_bus,46.560416,15.652529
2803,G1,46.560406,15.652523,1769016228,81.20,10.00,on_bus,46.560416,15.652529
2000,G1,46.559377,15.655985,1769016228,53.63,35.00,waiting_at_station,46.560416,15.652529
2001,G1,46.559739,15.655601,1769016228,61.81,20.00,waiting_at_station,46.560416,15.652529
2002,G1,46.559611,15.655848,1769016228,80.02,10.00,waiting_at_station,46.560416,15.652529
2300,G1,46.532446,15.666959,1769016228,92.04,5.00,waiting_at_station,46.560416,15.652529
2301,G1,46.532593,15.666930,1769016228,88.81,10.00,waiting_at_station,46.560416,15.652529
2500,G1,46.530618,15.670379,1769016228,85.70,10.00,waiting_at_station,46.560416,15.652529
2501,G1,46.530940,15.670339,1769016228,100.00,5.00,waiting_at_station,46.560416,15.652529
2502,G1,46.530632,15.670403,1769016228,81.84,10.00,waiting_at_station,46.560416,15.652529
2800,G1,46.558580,15.656030,1769016228,84.41,10.00,waiting_at_station,46.560416,15.652529
2801,G1,46.558247,15.656573,1769016228,87.14,10.00,waiting_at_station,46.560416,15.652529
2800,G1,46.560411,15.652510,1769016228,58.46,35.00,on_bus,46.560411,15.652429
2801,G1,46.560356,15.652485,1769016228,54.02,35.00,on_bus,46.560411,15.652429
2000,G1,46.559694,15.656340,1769016228,72.69,20.00,waiting_at_station,46.560411,15.652429
2001,G1,46.559777,15.656114,1769016228,81.45,10.00,waiting_at_station,46.560411,15.652429
2002,G1,46.559697,15.656023,1769016228,55.30,35.00,waiting_at_station,46.560411,15.652429
2100,G1,46.552360,15.650082,1769016228,58.11,35.00,waiting_at_station,46.560411,15.652429
2101,G1,46.552415,15.650150,1769016228,77.40,10.00,waiting_at_station,46.560411,15.652429
2400,G1,46.527592,15.684447,1769016228,79.97,10.00,waiting_at_station,46.560411,15.652429
2800,G1,46.558557,15.655836,1769016228,75.85,10.00,waiting_at_station,46.560411,15.652429
2801,G1,46.558329,15.655777,1769016228,58.48,35.00,waiting_at_station,46.560411,15.652429
2802,G1,46.558563,15.655682,1769016228,60.99,20.00,waiting_at_station,46.560411,15.652429
2800,G1,46.560394,15.652307,1769016230,68.11,20.00,on_bus,46.560406,15.652330
2801,G1,46.560324,15.652421,1769016230,82.35,10.00,on_bus,46.560406,15.652330
2000,G1,46.559379,15.656395,1769016230,63.57,20.00,waiting_at_station,46.560406,15.652330
2001,G1,46.559504,15.656019,1769016230,93.68,5.00,waiting_at_station,46.560406,15.652330
2002,G1,46.559536,15.656016,1769016230,79.89,10.00,waiting_at_station,46.560406,15.652330
2500,G1,46.530791,15.670068,1769016230,59.64,35.00,waiting_at_station,46.560406,15.652330
2501,G1,46.530959,15.670401,1769016230,80.68,10.00,waiting_at_station,46.560406,15.652330
2502,G1,46.530644,15.669961,1769016230,88.03,10.00,waiting_at_station,46.560406,15.652330
2700,G1,46.553986,15.650505,1769016230,66.96,20.00,waiting_at_station,46.560406,15.652330
2701,G1,46.554443,15.650323,1769016230,91.57,5.00,waiting_at_station,46.560406,15.652330
2702,G1,46.554307,15.650551,1769016230,67.54,20.00,waiting_at_station,46.560406,15.652330
2800,G1,46.560423,15.652186,1769016231,60.88,20.00,on_bus,46.560402,15.652230
2801,G1,46.560442,15.652301,1769016231,74.67,20.00,on_bus,46.560402,15.652230
2802,G1,46.560454,15.652119,1769016231,72.78,20.00,on_bus,46.560402,15.652230
2803,G1,46.560445,15.652239,1769016231,100.00,5.00,on_bus,46.560402,15.652230
2804,G1,46.560416,15.652198,1769016231,69.98,20.00,on_bus,46.560402,15.652230
2805,G1,46.560395,15.652229,1769016231,75.50,10.00,on_bus,46.560402,15.652230
2000,G1,46.559463,15.655857,1769016231,62.20,20.00,waiting_at_station,46.560402,15.652230
2300,G1,46.532478,15.666879,1769016231,60.65,20.00,waiting_at_station,46.560402,15.652230
2900,G1,46.560439,15.652323,1769016230,83.39,10.00,on_bus,46.560397,15.652130
2901,G1,46.560541,15.652058,1769016230,99.41,5.00,on_bus,46.560397,15.652130
2902,G1,46.560449,15.652075,1769016230,56.19,35.00,on_bus,46.560397,15.652130
2903,G1,46.560377,15.652002,1769016230,92.08,5.00,on_bus,46.560397,15.652130
2904,G1,46.560404,15.652013,1769016230,78.07,10.00,on_bus,46.560397,15.652130
2905,G1,46.560409,15.652146,1769016230,65.81,20.00,on_bus,46.560397,15.652130
2000,G1,46.559095,15.655068,1769016230,64.11,20.00,waiting_at_station,46.560397,15.652130
2001,G1,46.559497,15.656134,1769016230,83.06,10.00,waiting_at_station,46.560397,15.652130
2100,G1,46.552586,15.650181,1769016230,81.92,10.00,waiting_at_station,46.560397,15.652130
2101,G1,46.552852,15.650555,1769016230,68.90,20.00,waiting_at_station,46.560397,15.652130
2400,G1,46.527384,15.684384,1769016230,69.12,20.00,waiting_at_station,46.560397,15.652130
2401,G1,46.527566,15.684994,1769016230,68.06,20.00,waiting_at_station,46.560397,15.652130
2700,G1,46.554511,15.650587,1769016230,83.04,10.00,waiting_at_station,46.560397,15.652130
2701,G1,46.554087,15.650293,1769016230,82.54,10.00,waiting_at_station,46.560397,15.652130
2800,G1,46.558570,15.655706,1769016230,83.05,10.00,waiting_at_station,46.560397,15.652130
2801,G1,46.558839,15.656110,1769016230,80.86,10.00,waiting_at_station,46.560397,15.652130
2900,G1,46.560319,15.651973,1769016231,72.52,20.00,on_bus,46.560389,15.651985
2901,G1,46.560413,15.652025,1769016231,70.10,20.00,on_bus,46.560389,15.651985
2902,G1,46.560376,15.652030,1769016231,87.57,10.00,on_bus,46.560389,15.651985
2903,G1,46.560424,15.651993,1769016231,83.50,10.00,on_bus,46.560389,15.651985
2904,G1,46.560434,15.651977,1769016231,81.31,10.00,on_bus,46.560389,15.651985
2000,G1,46.559503,15.655731,1769016231,65.06,20.00,waiting_at_station,46.560389,15.651985
2001,G1,46.559380,15.656550,1769016231,91.12,5.00,waiting_at_station,46.560389,15.651985
2100,G1,46.552612,15.650096,1769016231,53.58,35.00,waiting_at_station,46.560389,15.651985
2200,G1,46.540588,15.650018,1769016231,87.00,10.00,waiting_at_station,46.560389,15.651985
2201,G1,46.540178,15.649389,1769016231,71.89,20.00,waiting_at_station,46.560389,15.651985
2400,G1,46.527316,15.684745,1769016231,100.00,5.00,waiting_at_station,46.560389,15.651985
2900,G1,46.560381,15.651880,1769016233,82.42,10.00,on_bus,46.560380,15.651841
2901,G1,46.560365,15.651873,1769016233,95.09,5.00,on_bus,46.560380,15.651841
3000,G1,46.560213,15.651675,1769016232,100.00,5.00,on_bus,46.560372,15.651696
3001,G1,46.560386,15.651721,1769016232,91.57,5.00,on_bus,46.560372,15.651696
2000,G1,46.559613,15.655945,1769016232,87.42,10.00,waiting_at_station,46.560372,15.651696
2001,G1,46.559539,15.655918,1769016232,72.85,20.00,waiting_at_station,46.560372,15.651696
2002,G1,46.559432,15.656190,1769016232,87.46,10.00,waiting_at_station,46.560372,15.651696
2100,G1,46.552570,15.649843,1769016232,70.38,20.00,waiting_at_station,46.560372,15.651696
2101,G1,46.552658,15.650110,1769016232,80.56,10.00,waiting_at_station,46.560372,15.651696
2200,G1,46.539559,15.649411,1769016232,77.06,10.00,waiting_at_station,46.560372,15.651696
2300,G1,46.532578,15.666596,1769016232,86.59,10.00,waiting_at_station,46.560372,15.651696
3000,G1,46.560270,15.651576,1769016234,74.08,20.00,on_bus,46.560303,15.651571
3001,G1,46.560358,15.651540,1769016234,100.00,5.00,on_bus,46.560303,15.651571
3002,G1,46.560487,15.651551,1769016234,81.41,10.00,on_bus,46.560303,15.651571
3003,G1,46.560309,15.651598,1769016234,94.89,5.00,on_bus,46.560303,15.651571
3004,G1,46.560256,15.651577,1769016234,76.75,10.00,on_bus,46.560303,15.651571
2200,G1,46.539437,15.649256,1769016234,77.99,10.00,waiting_at_station,46.560303,15.651571
2201,G1,46.540252,15.649619,1769016234,76.31,10.00,waiting_at_station,46.560303,15.651571
2202,G1,46.539300,15.650262,1769016234,74.68,20.00,waiting_at_station,46.560303,15.651571
2500,G1,46.531052,15.670408,1769016234,69.86,20.00,waiting_at_station,46.560303,15.651571
3000,G1,46.560126,15.651279,1769016235,82.87,10.00,on_bus,46.560235,15.651447
3001,G1,46.560199,15.651423,1769016235,79.46,10.00,on_bus,46.560235,15.651447
3002,G1,46.560173,15.651495,1769016235,90.04,5.00,on_bus,46.560235,15.651447
3003,G1,46.560207,15.651219,1769016235,56.70,35.00,on_bus,46.560235,15.651447
3004,G1,46.560319,15.651399,1769016235,60.37,20.00,on_bus,46.560235,15.651447
2500,G1,46.530633,15.670455,1769016235,87.27,10.00,waiting_at_station,46.560235,15.651447
2501,G1,46.530848,15.670296,1769016235,74.84,20.00,waiting_at_station,46.560235,15.651447
2502,G1,46.530657,15.670344,1769016235,88.14,10.00,waiting_at_station,46.560235,15.651447
3100,G1,46.560125,15.651412,1769016235,77.52,10.00,on_bus,46.560166,15.651322
3101,G1,46.560117,15.651260,1769016235,79.32,10.00,on_bus,46.560166,15.651322
3102,G1,46.560160,15.651360,1769016235,78.94,10.00,on_bus,46.560166,15.651322
2000,G1,46.559691,15.655964,1769016235,80.60,10.00,waiting_at_station,46.560166,15.651322
2001,G1,46.559458,15.655857,1769016235,70.43,20.00,waiting_at_station,46.560166,15.651322
2500,G1,46.531139,15.670351,1769016235,79.75,10.00,waiting_at_station,46.560166,15.651322
2501,G1,46.530507,15.670493,1769016235,94.06,5.00,waiting_at_station,46.560166,15.651322
2502,G1,46.530328,15.670383,1769016235,82.56,10.00,waiting_at_station,46.560166,15.651322
2600,G1,46.539866,15.647489,1769016235,38.50,50.00,waiting_at_station,46.560166,15.651322
2800,G1,46.558577,15.655892,1769016235,100.00,5.00,waiting_at_station,46.560166,15.651322
2801,G1,46.558687,15.656387,1769016235,22.45,50.00,waiting_at_station,46.560166,15.651322
3100,G1,46.560090,15.651380,1769016235,100.00,5.00,on_bus,46.560093,15.651293
3101,G1,46.560070,15.651252,1769016235,70.58,20.00,on_bus,46.560093,15.651293
3102,G1,46.560077,15.651263,1769016235,67.72,20.00,on_bus,46.560093,15.651293
2000,G1,46.559474,15.655940,1769016235,68.65,20.00,waiting_at_station,46.560093,15.651293
2001,G1,46.559932,15.655844,1769016235,82.35,10.00,waiting_at_station,46.560093,15.651293
2500,G1,46.530653,15.670106,1769016235,70.25,20.00,waiting_at_station,46.560093,15.651293
2501,G1,46.530584,15.669931,1769016235,93.98,5.00,waiting_at_station,46.560093,15.651293
2502,G1,46.530730,15.670322,1769016235,92.34,5.00,waiting_at_station,46.560093,15.651293
2800,G1,46.558437,15.655841,1769016235,77.16,10.00,waiting_at_station,46.560093,15.651293
2801,G1,46.558510,15.655661,1769016235,85.80,10.00,waiting_at_station,46.560093,15.651293
2802,G1,46.558645,15.655584,1769016235,49.44,35.00,waiting_at_station,46.560093,15.651293
3100,G1,46.560116,15.651298,1769016236,96.71,5.00,on_bus,46.560020,15.651265
3101,G1,46.560085,15.651341,1769016236,100.00,5.00,on_bus,46.560020,15.651265
2100,G1,46.552666,15.650438,1769016236,71.63,20.00,waiting_at_station,46.560020,15.651265
2101,G1,46.552406,15.649791,1769016236,85.12,10.00,waiting_at_station,46.560020,15.651265
2400,G1,46.527320,15.684364,1769016236,52.20,35.00,waiting_at_station,46.560020,15.651265
2401,G1,46.527363,15.684301,1769016236,79.16,10.00,waiting_at_station,46.560020,15.651265
3100,G1,46.559870,15.651311,1769016238,88.56,10.00,on_bus,46.559947,15.651236
3101,G1,46.559902,15.651102,1769016238,100.00,5.00,on_bus,46.559947,15.651236
3102,G1,46.559878,15.651203,1769016238,45.20,35.00,on_bus,46.559947,15.651236
3103,G1,46.560023,15.651261,1769016238,69.44,20.00,on_bus,46.559947,15.651236
2600,G1,46.539849,15.648148,1769016238,86.71,10.00,waiting_at_station,46.559947,15.651236
2601,G1,46.539957,15.647363,1769016238,92.74,5.00,waiting_at_station,46.559947,15.651236
2800,G1,46.558520,15.655592,1769016238,38.43,50.00,waiting_at_station,46.559947,15.651236
2801,G1,46.558402,15.656028,1769016238,87.90,10.00,waiting_at_station,46.559947,15.651236
2802,G1,46.558077,15.655582,1769016238,100.00,5.00,waiting_at_station,46.559947,15.651236
3100,G1,46.559921,15.651282,1769016239,65.83,20.00,on_bus,46.559874,15.651208
3101,G1,46.559846,15.651249,1769016239,66.25,20.00,on_bus,46.559874,15.651208
3102,G1,46.559886,15.651214,1769016239,79.58,10.00,on_bus,46.559874,15.651208
2200,G1,46.540347,15.649515,1769016239,56.77,35.00,waiting_at_station,46.559874,15.651208
2300,G1,46.532572,15.666632,1769016239,73.85,20.00,waiting_at_station,46.559874,15.651208
2301,G1,46.532592,15.666979,1769016239,74.08,20.00,waiting_at_station,46.559874,15.651208
2302,G1,46.532621,15.666708,1769016239,67.38,20.00,waiting_at_station,46.559874,15.651208
2800,G1,46.558769,15.655643,1769016239,76.81,10.00,waiting_at_station,46.559874,15.651208
2801,G1,46.558428,15.655993,1769016239,60.94,20.00,waiting_at_station,46.559874,15.651208
2802,G1,46.558443,15.655699,1769016239,63.97,20.00,waiting_at_station,46.559874,15.651208
3200,G1,46.559865,15.651151,1769016237,94.94,5.00,on_bus,46.559801,15.651179
3201,G1,46.559921,15.651136,1769016237,93.74,5.00,on_bus,46.559801,15.651179
3202,G1,46.559883,15.651106,1769016237,88.28,10.00,on_bus,46.559801,15.651179
3203,G1,46.559794,15.651152,1769016237,92.09,5.00,on_bus,46.559801,15.651179
3204,G1,46.559848,15.651297,1769016237,83.96,10.00,on_bus,46.559801,15.651179
3205,G1,46.559714,15.651181,1769016237,93.30,5.00,on_bus,46.559801,15.651179
2000,G1,46.559666,15.656406,1769016237,86.74,10.00,waiting_at_station,46.559801,15.651179
2600,G1,46.539982,15.647990,1769016237,80.75,10.00,waiting_at_station,46.559801,15.651179
2601,G1,46.540060,15.648109,1769016237,87.91,10.00,waiting_at_station,46.559801,15.651179
2602,G1,46.539495,15.648100,1769016237,83.91,10.00,waiting_at_station,46.559801,15.651179
2700,G1,46.553991,15.650359,1769016237,74.09,20.00,waiting_at_station,46.559801,15.651179
3200,G1,46.559774,15.651117,1769016238,79.68,10.00,on_bus,46.559731,15.651172
3201,G1,46.559746,15.651100,1769016238,100.00,5.00,on_bus,46.559731,15.651172
3202,G1,46.559792,15.651086,1769016238,64.94,20.00,on_bus,46.559731,15.651172
3203,G1,46.559725,15.651187,1769016238,88.68,10.00,on_bus,46.559731,15.651172
3204,G1,46.559810,15.651125,1769016238,100.00,5.00,on_bus,46.559731,15.651172
3205,G1,46.559869,15.651361,1769016238,64.71,20.00,on_bus,46.559731,15.651172
2100,G1,46.552664,15.650477,1769016238,47.28,35.00,waiting_at_station,46.559731,15.651172
2101,G1,46.552901,15.649872,1769016238,64.64,20.00,waiting_at_station,46.559731,15.651172
2300,G1,46.532339,15.666924,1769016238,80.15,10.00,waiting_at_station,46.559731,15.651172
2500,G1,46.530563,15.669921,1769016238,87.04,10.00,waiting_at_station,46.559731,15.651172
2501,G1,46.531020,15.670011,1769016238,71.34,20.00,waiting_at_station,46.559731,15.651172
2800,G1,46.558343,15.655775,1769016238,78.93,10.00,waiting_at_station,46.559731,15.651172
3200,G1,46.559692,15.651343,1769016239,89.63,10.00,on_bus,46.559661,15.651164
3201,G1,46.559720,15.651232,1769016239,92.57,5.00,on_bus,46.559661,15.651164
3202,G1,46.559636,15.651094,1769016239,78.02,10.00,on_bus,46.559661,15.651164
2100,G1,46.552553,15.650761,1769016239,94.38,5.00,waiting_at_station,46.559661,15.651164
2200,G1,46.540172,15.649707,1769016239,76.61,10.00,waiting_at_station,46.559661,15.651164
2201,G1,46.540270,15.649894,1769016239,85.36,10.00,waiting_at_station,46.559661,15.651164
2202,G1,46.539812,15.649935,1769016239,90.37,5.00,waiting_at_station,46.559661,15.651164
3200,G1,46.559543,15.651171,1769016240,69.45,20.00,on_bus,46.559590,15.651157
3201,G1,46.559591,15.651134,1769016240,68.54,20.00,on_bus,46.559590,15.651157
2400,G1,46.527687,15.684539,1769016240,79.38,10.00,waiting_at_station,46.559590,15.651157
2401,G1,46.527195,15.684844,1769016240,58.80,35.00,waiting_at_station,46.559590,15.651157
2600,G1,46.539599,15.648282,1769016240,79.11,10.00,waiting_at_station,46.559590,15.651157
3200,G1,46.559533,15.651104,1769016241,80.98,10.00,on_bus,46.559520,15.651149
3201,G1,46.559372,15.650854,1769016241,80.80,10.00,on_bus,46.559520,15.651149
3202,G1,46.559443,15.651156,1769016241,72.12,20.00,on_bus,46.559520,15.651149
3203,G1,46.559561,15.650925,1769016241,91.04,5.00,on_bus,46.559520,15.651149
3204,G1,46.559537,15.651074,1769016241,92.72,5.00,on_bus,46.559520,15.651149
2000,G1,46.559548,15.656197,1769016241,100.00,5.00,waiting_at_station,46.559520,15.651149
2001,G1,46.559483,15.655640,1769016241,71.47,20.00,waiting_at_station,46.559520,15.651149
2002,G1,46.559561,15.655714,1769016241,32.52,50.00,waiting_at_station,46.559520,15.651149
3200,G1,46.559443,15.651178,1769016242,60.44,20.00,on_bus,46.559450,15.651142
3201,G1,46.559444,15.651120,1769016242,63.54,20.00,on_bus,46.559450,15.651142
3202,G1,46.559359,15.651343,1769016242,95.26,5.00,on_bus,46.559450,15.651142
2300,G1,46.532789,15.666567,1769016242,93.97,5.00,waiting_at_station,46.559450,15.651142
2400,G1,46.527384,15.684612,1769016242,63.66,20.00,waiting_at_station,46.559450,15.651142
2500,G1,46.530843,15.670291,1769016242,91.75,5.00,waiting_at_station,46.559450,15.651142
2501,G1,46.530929,15.670635,1769016242,69.55,20.00,waiting_at_station,46.559450,15.651142
2700,G1,46.554918,15.650434,1769016242,97.65,5.00,waiting_at_station,46.559450,15.651142
3300,G1,46.559521,15.651234,1769016240,66.68,20.00,on_bus,46.559380,15.651134
3301,G1,46.559433,15.651245,1769016240,78.74,10.00,on_bus,46.559380,15.651134
3302,G1,46.559228,15.650998,1769016240,100.00,5.00,on_bus,46.559380,15.651134
3303,G1,46.559405,15.651171,1769016240,87.14,10.00,on_bus,46.559380,15.651134
3304,G1,46.559359,15.651155,1769016240,86.08,10.00,on_bus,46.559380,15.651134
2700,G1,46.554160,15.650306,1769016240,100.00,5.00,waiting_at_station,46.559380,15.651134
2701,G1,46.554166,15.650538,1769016240,69.20,20.00,waiting_at_station,46.559380,15.651134
3300,G1,46.559218,15.651048,1769016242,69.01,20.00,on_bus,46.559251,15.651103
3301,G1,46.559218,15.651090,1769016242,54.79,35.00,on_bus,46.559251,15.651103
3302,G1,46.559219,15.651131,1769016242,75.80,10.00,on_bus,46.559251,15.651103
2200,G1,46.540107,15.649659,1769016242,69.57,20.00,waiting_at_station,46.559251,15.651103
2201,G1,46.539827,15.649630,1769016242,64.89,20.00,waiting_at_station,46.559251,15.651103
2202,G1,46.539478,15.651254,1769016242,81.35,10.00,waiting_at_station,46.559251,15.651103
2300,G1,46.532742,15.666904,1769016242,88.00,10.00,waiting_at_station,46.559251,15.651103
2301,G1,46.532370,15.666677,1769016242,79.72,10.00,waiting_at_station,46.559251,15.651103
3300,G1,46.558990,15.651115,1769016244,94.41,5.00,on_bus,46.559123,15.651071
3301,G1,46.559111,15.650972,1769016244,99.00,5.00,on_bus,46.559123,15.651071
3302,G1,46.559110,15.651075,1769016244,66.81,20.00,on_bus,46.559123,15.651071
3303,G1,46.559139,15.651034,1769016244,63.13,20.00,on_bus,46.559123,15.651071
2000,G1,46.559571,15.656087,1769016244,93.03,5.00,waiting_at_station,46.559123,15.651071
2001,G1,46.559391,15.655810,1769016244,100.00,5.00,waiting_at_station,46.559123,15.651071
2100,G1,46.552943,15.649969,1769016244,72.77,20.00,waiting_at_station,46.559123,15.651071
2400,G1,46.527391,15.684402,1769016244,66.49,20.00,waiting_at_station,46.559123,15.651071
2401,G1,46.527432,15.684173,1769016244,66.25,20.00,waiting_at_station,46.559123,15.651071
2402,G1,46.527769,15.684547,1769016244,82.89,10.00,waiting_at_station,46.559123,15.651071
2600,G1,46.540143,15.648601,1769016244,80.75,10.00,waiting_at_station,46.559123,15.651071
3400,G1,46.558960,15.651106,1769016243,68.37,20.00,on_bus,46.558994,15.651040
3401,G1,46.559017,15.651189,1769016243,100.00,5.00,on_bus,46.558994,15.651040
3402,G1,46.558957,15.651162,1769016243,100.00,5.00,on_bus,46.558994,15.651040
2000,G1,46.559676,15.655621,1769016243,80.25,10.00,waiting_at_station,46.558994,15.651040
2100,G1,46.552797,15.650684,1769016243,62.61,20.00,waiting_at_station,46.558994,15.651040
2101,G1,46.552523,15.650367,1769016243,100.00,5.00,waiting_at_station,46.558994,15.651040
2400,G1,46.527098,15.684403,1769016243,100.00,5.00,waiting_at_station,46.558994,15.651040
2401,G1,46.527668,15.684926,1769016243,50.49,35.00,waiting_at_station,46.558994,15.651040
2500,G1,46.531006,15.670597,1769016243,62.37,20.00,waiting_at_station,46.558994,15.651040
2501,G1,46.531029,15.669983,1769016243,92.43,5.00,waiting_at_station,46.558994,15.651040
2502,G1,46.530750,15.669826,1769016243,89.12,10.00,waiting_at_station,46.558994,15.651040
2800,G1,46.558463,15.655991,1769016243,54.56,35.00,waiting_at_station,46.558994,15.651040
3400,G1,46.558883,15.650962,1769016245,63.08,20.00,on_bus,46.558877,15.650994
3401,G1,46.558905,15.651007,1769016245,76.53,10.00,on_bus,46.558877,15.650994
3402,G1,46.558827,15.650930,1769016245,69.91,20.00,on_bus,46.558877,15.650994
3403,G1,46.558872,15.651022,1769016245,66.08,20.00,on_bus,46.558877,15.650994
3404,G1,46.558808,15.650959,1769016245,96.33,5.00,on_bus,46.558877,15.650994
3400,G1,46.558763,15.650913,1769016246,65.35,20.00,on_bus,46.558761,15.650947
3401,G1,46.558549,15.651069,1769016246,94.75,5.00,on_bus,46.558761,15.650947
3402,G1,46.558738,15.650902,1769016246,80.28,10.00,on_bus,46.558761,15.650947
3403,G1,46.558702,15.650994,1769016246,100.00,5.00,on_bus,46.558761,15.650947
3404,G1,46.558769,15.650928,1769016246,100.00,5.00,on_bus,46.558761,15.650947
2000,G1,46.559838,15.656194,1769016246,93.38,5.00,waiting_at_station,46.558761,15.650947
2001,G1,46.559419,15.655949,1769016246,97.21,5.00,waiting_at_station,46.558761,15.650947
2002,G1,46.559352,15.655859,1769016246,100.00,5.00,waiting_at_station,46.558761,15.650947
2500,G1,46.531149,15.670068,1769016246,69.70,20.00,waiting_at_station,46.558761,15.650947
3500,G1,46.558654,15.650877,1769016246,85.41,10.00,on_bus,46.558644,15.650901
3501,G1,46.558596,15.650909,1769016246,89.41,10.00,on_bus,46.558644,15.650901
3502,G1,46.558594,15.650896,1769016246,98.46,5.00,on_bus,46.558644,15.650901
3503,G1,46.558655,15.650961,1769016246,83.40,10.00,on_bus,46.558644,15.650901
2000,G1,46.559645,15.655828,1769016246,50.47,35.00,waiting_at_station,46.558644,15.650901
2300,G1,46.532533,15.667018,1769016246,80.70,10.00,waiting_at_station,46.558644,15.650901
2301,G1,46.532358,15.666651,1769016246,94.47,5.00,waiting_at_station,46.558644,15.650901
2302,G1,46.532560,15.667073,1769016246,71.97,20.00,waiting_at_station,46.558644,15.650901
2400,G1,46.527485,15.684476,1769016246,61.22,20.00,waiting_at_station,46.558644,15.650901
2401,G1,46.527200,15.684215,1769016246,93.99,5.00,waiting_at_station,46.558644,15.650901
2402,G1,46.527851,15.684331,1769016246,94.20,5.00,waiting_at_station,46.558644,15.650901
2500,G1,46.530519,15.670060,1769016246,62.01,20.00,waiting_at_station,46.558644,15.650901
2501,G1,46.531017,15.670186,1769016246,72.45,20.00,waiting_at_station,46.558644,15.650901
2700,G1,46.554238,15.650714,1769016246,85.81,10.00,waiting_at_station,46.558644,15.650901
2701,G1,46.554683,15.650852,1769016246,75.88,10.00,waiting_at_station,46.558644,15.650901
2702,G1,46.554391,15.650512,1769016246,96.03,5.00,waiting_at_station,46.558644,15.650901
3500,G1,46.558651,15.651101,1769016246,95.67,5.00,on_bus,46.558586,15.650922
3501,G1,46.558594,15.650895,1769016246,91.00,5.00,on_bus,46.558586,15.650922
2100,G1,46.553298,15.649665,1769016246,78.54,10.00,waiting_at_station,46.558586,15.650922
2101,G1,46.552630,15.650214,1769016246,91.70,5.00,waiting_at_station,46.558586,15.650922
2102,G1,46.552552,15.650034,1769016246,73.36,20.00,waiting_at_station,46.558586,15.650922
2200,G1,46.540140,15.649483,1769016246,83.56,10.00,waiting_at_station,46.558586,15.650922
2201,G1,46.539927,15.649282,1769016246,73.20,20.00,waiting_at_station,46.558586,15.650922
2400,G1,46.527272,15.684270,1769016246,65.15,20.00,waiting_at_station,46.558586,15.650922
2401,G1,46.527447,15.684419,1769016246,57.92,35.00,waiting_at_station,46.558586,15.650922
2600,G1,46.539957,15.648041,1769016246,68.38,20.00,waiting_at_station,46.558586,15.650922
3500,G1,46.558531,15.650915,1769016247,78.84,10.00,on_bus,46.558528,15.650944
3501,G1,46.558545,15.650892,1769016247,71.39,20.00,on_bus,46.558528,15.650944
2300,G1,46.532878,15.666832,1769016247,52.67,35.00,waiting_at_station,46.558528,15.650944
2301,G1,46.532491,15.666766,1769016247,70.38,20.00,waiting_at_station,46.558528,15.650944
2700,G1,46.554227,15.650973,1769016247,70.97,20.00,waiting_at_station,46.558528,15.650944
2701,G1,46.554072,15.651052,1769016247,93.64,5.00,waiting_at_station,46.558528,15.650944
2702,G1,46.554325,15.650787,1769016247,60.88,20.00,waiting_at_station,46.558528,15.650944
2800,G1,46.558644,15.655353,1769016247,85.23,10.00,waiting_at_station,46.558528,15.650944
3500,G1,46.558542,15.650908,1769016248,72.36,20.00,on_bus,46.558470,15.650965
3501,G1,46.558428,15.650976,1769016248,92.06,5.00,on_bus,46.558470,15.650965
3502,G1,46.558481,15.650969,1769016248,54.86,35.00,on_bus,46.558470,15.650965
2200,G1,46.539994,15.649753,1769016248,53.30,35.00,waiting_at_station,46.558470,15.650965
2500,G1,46.530732,15.670347,1769016248,74.31,20.00,waiting_at_station,46.558470,15.650965
3500,G1,46.558429,15.650986,1769016249,41.84,50.00,on_bus,46.558412,15.650986
3501,G1,46.558202,15.651154,1769016249,92.90,5.00,on_bus,46.558412,15.650986
3502,G1,46.558278,15.650858,1769016249,67.49,20.00,on_bus,46.558412,15.650986
3503,G1,46.558425,15.650987,1769016249,58.47,35.00,on_bus,46.558412,15.650986
3504,G1,46.558358,15.651044,1769016249,77.07,10.00,on_bus,46.558412,15.650986
2100,G1,46.552744,15.650243,1769016249,73.00,20.00,waiting_at_station,46.558412,15.650986
2101,G1,46.552717,15.650271,1769016249,57.49,35.00,waiting_at_station,46.558412,15.650986
2500,G1,46.530820,15.670140,1769016249,63.97,20.00,waiting_at_station,46.558412,15.650986
2700,G1,46.554235,15.650656,1769016249,74.57,20.00,waiting_at_station,46.558412,15.650986
3500,G1,46.558458,15.651020,1769016250,100.00,5.00,on_bus,46.558354,15.651007
3501,G1,46.558245,15.651076,1769016250,68.80,20.00,on_bus,46.558354,15.651007
3502,G1,46.558189,15.651096,1769016250,69.93,20.00,on_bus,46.558354,15.651007
2000,G1,46.559309,15.656149,1769016250,83.11,10.00,waiting_at_station,46.558354,15.651007
2200,G1,46.540192,15.649809,1769016250,69.71,20.00,waiting_at_station,46.558354,15.651007
2201,G1,46.540181,15.649696,1769016250,64.37,20.00,waiting_at_station,46.558354,15.651007
2300,G1,46.532531,15.666546,1769016250,69.16,20.00,waiting_at_station,46.558354,15.651007
2301,G1,46.532387,15.666803,1769016250,66.97,20.00,waiting_at_station,46.558354,15.651007
2302,G1,46.532383,15.666714,1769016250,73.21,20.00,waiting_at_station,46.558354,15.651007
2800,G1,46.558638,15.655712,1769016250,86.51,10.00,waiting_at_station,46.558354,15.651007
3600,G1,46.558242,15.650974,1769016248,35.89,50.00,on_bus,46.558296,15.651029
3601,G1,46.558392,15.650847,1769016248,67.53,20.00,on_bus,46.558296,15.651029
3602,G1,46.558303,15.651069,1769016248,58.19,35.00,on_bus,46.558296,15.651029
3603,G1,46.558263,15.651005,1769016248,77.40,10.00,on_bus,46.558296,15.651029
2800,G1,46.558849,15.655473,1769016248,49.98,35.00,waiting_at_station,46.558296,15.651029
2801,G1,46.558322,15.655550,1769016248,66.03,20.00,waiting_at_station,46.558296,15.651029
2802,G1,46.558925,15.655395,1769016248,55.78,35.00,waiting_at_station,46.558296,15.651029
3600,G1,46.558348,15.651063,1769016248,100.00,5.00,on_bus,46.558269,15.651025
3601,G1,46.558198,15.651087,1769016248,89.13,10.00,on_bus,46.558269,15.651025
3602,G1,46.558425,15.651076,1769016248,85.54,10.00,on_bus,46.558269,15.651025
2300,G1,46.532537,15.666481,1769016248,58.62,35.00,waiting_at_station,46.558269,15.651025
2301,G1,46.532682,15.666831,1769016248,90.57,5.00,waiting_at_station,46.558269,15.651025
3600,G1,46.558264,15.651031,1769016249,71.78,20.00,on_bus,46.558242,15.651021
3601,G1,46.558266,15.650948,1769016249,68.50,20.00,on_bus,46.558242,15.651021
3602,G1,46.558310,15.650866,1769016249,80.81,10.00,on_bus,46.558242,15.651021
3603,G1,46.558196,15.650920,1769016249,81.10,10.00,on_bus,46.558242,15.651021
3604,G1,46.558315,15.651214,1769016249,90.85,5.00,on_bus,46.558242,15.651021
3605,G1,46.558384,15.650854,1769016249,79.49,10.00,on_bus,46.558242,15.651021
2700,G1,46.554246,15.650521,1769016249,72.79,20.00,waiting_at_station,46.558242,15.651021
2701,G1,46.555041,15.651174,1769016249,93.96,5.00,waiting_at_station,46.558242,15.651021
3600,G1,46.558205,15.651089,1769016249,93.85,5.00,on_bus,46.558214,15.651017
3601,G1,46.558432,15.650897,1769016249,78.14,10.00,on_bus,46.558214,15.651017
2000,G1,46.559459,15.656306,1769016249,100.00,5.00,waiting_at_station,46.558214,15.651017
2001,G1,46.559528,15.656459,1769016249,80.95,10.00,waiting_at_station,46.558214,15.651017
2500,G1,46.530834,15.670114,1769016249,76.12,10.00,waiting_at_station,46.558214,15.651017
2501,G1,46.531087,15.670198,1769016249,73.19,20.00,waiting_at_station,46.558214,15.651017
2502,G1,46.530881,15.670345,1769016249,67.10,20.00,waiting_at_station,46.558214,15.651017
3600,G1,46.558175,15.651028,1769016250,88.90,10.00,on_bus,46.558187,15.651013
3601,G1,46.558349,15.650948,1769016250,78.02,10.00,on_bus,46.558187,15.651013
3602,G1,46.558077,15.651130,1769016250,90.95,5.00,on_bus,46.558187,15.651013
2100,G1,46.552714,15.650289,1769016250,78.63,10.00,waiting_at_station,46.558187,15.651013
2101,G1,46.553082,15.650073,1769016250,66.21,20.00,waiting_at_station,46.558187,15.651013
3600,G1,46.558300,15.650960,1769016250,90.47,5.00,on_bus,46.558160,15.651009
3601,G1,46.558057,15.650973,1769016250,84.00,10.00,on_bus,46.558160,15.651009
3602,G1,46.558146,15.651020,1769016250,82.23,10.00,on_bus,46.558160,15.651009
2000,G1,46.559446,15.656341,1769016250,65.49,20.00,waiting_at_station,46.558160,15.651009
2001,G1,46.559551,15.656053,1769016250,38.80,50.00,waiting_at_station,46.558160,15.651009
2002,G1,46.559540,15.655958,1769016250,68.66,20.00,waiting_at_station,46.558160,15.651009
2200,G1,46.540401,15.649519,1769016250,78.29,10.00,waiting_at_station,46.558160,15.651009
2201,G1,46.540177,15.649621,1769016250,71.49,20.00,waiting_at_station,46.558160,15.651009
2202,G1,46.540232,15.649879,1769016250,70.08,20.00,waiting_at_station,46.558160,15.651009
2300,G1,46.532552,15.666796,1769016250,50.76,35.00,waiting_at_station,46.558160,15.651009
2301,G1,46.532474,15.666900,1769016250,74.88,20.00,waiting_at_station,46.558160,15.651009
3700,G1,46.558003,15.650749,1769016250,78.96,10.00,on_bus,46.558132,15.651005
3701,G1,46.558049,15.651013,1769016250,85.02,10.00,on_bus,46.558132,15.651005
3702,G1,46.558220,15.650961,1769016250,88.82,10.00,on_bus,46.558132,15.651005
2300,G1,46.532557,15.667302,1769016250,81.33,10.00,waiting_at_station,46.558132,15.651005
2500,G1,46.530837,15.669945,1769016250,90.36,5.00,waiting_at_station,46.558132,15.651005
3700,G1,46.558050,15.650699,1769016250,87.87,10.00,on_bus,46.558084,15.650986
3701,G1,46.558055,15.650938,1769016250,89.87,10.00,on_bus,46.558084,15.650986
3702,G1,46.557988,15.650973,1769016250,83.51,10.00,on_bus,46.558084,15.650986
3703,G1,46.558142,15.650816,1769016250,100.00,5.00,on_bus,46.558084,15.650986
2000,G1,46.559545,15.656111,1769016250,82.82,10.00,waiting_at_station,46.558084,15.650986
2001,G1,46.559726,15.656001,1769016250,75.28,10.00,waiting_at_station,46.558084,15.650986
2002,G1,46.558835,15.655953,1769016250,70.21,20.00,waiting_at_station,46.558084,15.650986
2400,G1,46.527497,15.684163,1769016250,91.80,5.00,waiting_at_station,46.558084,15.650986
2401,G1,46.527309,15.684519,1769016250,64.24,20.00,waiting_at_station,46.558084,15.650986
2402,G1,46.527175,15.684158,1769016250,91.58,5.00,waiting_at_station,46.558084,15.650986
2500,G1,46.530837,15.669937,1769016250,68.14,20.00,waiting_at_station,46.558084,15.650986
3700,G1,46.558033,15.650996,1769016251,52.75,35.00,on_bus,46.558036,15.650967
3701,G1,46.558046,15.650972,1769016251,76.87,10.00,on_bus,46.558036,15.650967
3702,G1,46.557945,15.650976,1769016251,90.85,5.00,on_bus,46.558036,15.650967
3703,G1,46.558058,15.650959,1769016251,65.51,20.00,on_bus,46.558036,15.650967
2200,G1,46.539756,15.650234,1769016251,85.66,10.00,waiting_at_station,46.558036,15.650967
2300,G1,46.532609,15.666768,1769016251,59.43,35.00,waiting_at_station,46.558036,15.650967
2500,G1,46.530468,15.670285,1769016251,76.61,10.00,waiting_at_station,46.558036,15.650967
2501,G1,46.531137,15.670286,1769016251,52.76,35.00,waiting_at_station,46.558036,15.650967
2502,G1,46.530679,15.670073,1769016251,62.64,20.00,waiting_at_station,46.558036,15.650967
2600,G1,46.539849,15.647948,1769016251,83.25,10.00,waiting_at_station,46.558036,15.650967
2601,G1,46.539960,15.648109,1769016251,71.07,20.00,waiting_at_station,46.558036,15.650967
2602,G1,46.539853,15.647887,1769016251,82.72,10.00,waiting_at_station,46.558036,15.650967
3700,G1,46.558093,15.650900,1769016251,46.72,35.00,on_bus,46.557988,15.650948
3701,G1,46.557955,15.650866,1769016251,71.31,20.00,on_bus,46.557988,15.650948
3702,G1,46.557907,15.650770,1769016251,58.23,35.00,on_bus,46.557988,15.650948
3703,G1,46.557919,15.650936,1769016251,91.41,5.00,on_bus,46.557988,15.650948
3704,G1,46.558135,15.650984,1769016251,56.40,35.00,on_bus,46.557988,15.650948
2000,G1,46.559414,15.655592,1769016251,57.00,35.00,waiting_at_station,46.557988,15.650948
2001,G1,46.559532,15.656060,1769016251,91.41,5.00,waiting_at_station,46.557988,15.650948
2600,G1,46.539865,15.647947,1769016251,72.06,20.00,waiting_at_station,46.557988,15.650948
2700,G1,46.553998,15.650584,1769016251,59.17,35.00,waiting_at_station,46.557988,15.650948
2701,G1,46.554342,15.650520,1769016251,77.68,10.00,waiting_at_station,46.557988,15.650948
2800,G1,46.558707,15.655301,1769016251,72.02,20.00,waiting_at_station,46.557988,15.650948
2801,G1,46.558516,15.655996,1769016251,65.63,20.00,waiting_at_station,46.557988,15.650948
3800,G1,46.558068,15.650860,1769016251,94.85,5.00,on_bus,46.557940,15.650930
3801,G1,46.557965,15.650853,1769016251,77.32,10.00,on_bus,46.557940,15.650930
3802,G1,46.557918,15.650736,1769016251,85.05,10.00,on_bus,46.557940,15.650930
3803,G1,46.557993,15.650956,1769016251,72.35,20.00,on_bus,46.557940,15.650930
3804,G1,46.557910,15.650810,1769016251,100.00,5.00,on_bus,46.557940,15.650930
3805,G1,46.557965,15.651030,1769016251,72.93,20.00,on_bus,46.557940,15.650930
2300,G1,46.532942,15.667003,1769016251,74.37,20.00,waiting_at_station,46.557940,15.650930
2301,G1,46.532263,15.667059,1769016251,66.80,20.00,waiting_at_station,46.557940,15.650930
2400,G1,46.527552,15.683967,1769016251,73.07,20.00,waiting_at_station,46.557940,15.650930
2401,G1,46.527702,15.684426,1769016251,57.28,35.00,waiting_at_station,46.557940,15.650930
2500,G1,46.530783,15.670096,1769016251,73.02,20.00,waiting_at_station,46.557940,15.650930
2501,G1,46.530997,15.670167,1769016251,92.08,5.00,waiting_at_station,46.557940,15.650930
2600,G1,46.539843,15.647998,1769016251,69.63,20.00,waiting_at_station,46.557940,15.650930
2601,G1,46.539801,15.648294,1769016251,44.20,50.00,waiting_at_station,46.557940,15.650930
2602,G1,46.539873,15.648694,1769016251,98.21,5.00,waiting_at_station,46.557940,15.650930
3800,G1,46.557802,15.650957,1769016251,70.38,20.00,on_bus,46.557881,15.650931
3801,G1,46.557779,15.650616,1769016251,71.34,20.00,on_bus,46.557881,15.650931
2000,G1,46.559416,15.656327,1769016251,61.81,20.00,waiting_at_station,46.557881,15.650931
2001,G1,46.559375,15.656371,1769016251,92.65,5.00,waiting_at_station,46.557881,15.650931
2002,G1,46.559449,15.656015,1769016251,82.10,10.00,waiting_at_station,46.557881,15.650931
2400,G1,46.527350,15.684386,1769016251,76.05,10.00,waiting_at_station,46.557881,15.650931
2401,G1,46.527608,15.684100,1769016251,86.60,10.00,waiting_at_station,46.557881,15.650931
2402,G1,46.527374,15.684294,1769016251,79.36,10.00,waiting_at_station,46.557881,15.650931
2800,G1,46.558718,15.655709,1769016251,69.28,20.00,waiting_at_station,46.557881,15.650931
2801,G1,46.558774,15.655688,1769016251,55.55,35.00,waiting_at_station,46.557881,15.650931
2802,G1,46.559059,15.654984,1769016251,73.08,20.00,waiting_at_station,46.557881,15.650931
3800,G1,46.557797,15.650838,1769016253,95.85,5.00,on_bus,46.557822,15.650932
3801,G1,46.557786,15.650946,1769016253,99.99,5.00,on_bus,46.557822,15.650932
3802,G1,46.557853,15.651025,1769016253,88.37,10.00,on_bus,46.557822,15.650932
3803,G1,46.557864,15.650897,1769016253,68.71,20.00,on_bus,46.557822,15.650932
2200,G1,46.540204,15.649584,1769016253,83.20,10.00,waiting_at_station,46.557822,15.650932
2201,G1,46.540167,15.649996,1769016253,65.46,20.00,waiting_at_station,46.557822,15.650932
2202,G1,46.540350,15.649880,1769016253,58.06,35.00,waiting_at_station,46.557822,15.650932
2700,G1,46.554244,15.650439,1769016253,64.58,20.00,waiting_at_station,46.557822,15.650932
2800,G1,46.558673,15.655904,1769016253,54.27,35.00,waiting_at_station,46.557822,15.650932
2801,G1,46.558912,15.655849,1769016253,74.04,20.00,waiting_at_station,46.557822,15.650932
3800,G1,46.557770,15.650964,1769016253,100.00,5.00,on_bus,46.557762,15.650933
3801,G1,46.557719,15.650650,1769016253,68.03,20.00,on_bus,46.557762,15.650933
3802,G1,46.557646,15.650968,1769016253,70.98,20.00,on_bus,46.557762,15.650933
3803,G1,46.557746,15.650954,1769016253,51.46,35.00,on_bus,46.557762,15.650933
3804,G1,46.557739,15.650888,1769016253,59.58,35.00,on_bus,46.557762,15.650933
2000,G1,46.559636,15.655880,1769016253,67.94,20.00,waiting_at_station,46.557762,15.650933
2001,G1,46.559720,15.655432,1769016253,85.88,10.00,waiting_at_station,46.557762,15.650933
2002,G1,46.559778,15.656390,1769016253,71.17,20.00,waiting_at_station,46.557762,15.650933
2100,G1,46.552487,15.650079,1769016253,81.97,10.00,waiting_at_station,46.557762,15.650933
2101,G1,46.552688,15.650139,1769016253,83.15,10.00,waiting_at_station,46.557762,15.650933
2102,G1,46.552876,15.649789,1769016253,97.90,5.00,waiting_at_station,46.557762,15.650933
2200,G1,46.540259,15.649877,1769016253,48.95,35.00,waiting_at_station,46.557762,15.650933
2300,G1,46.532517,15.666839,1769016253,79.19,10.00,waiting_at_station,46.557762,15.650933
2301,G1,46.532684,15.667330,1769016253,68.15,20.00,waiting_at_station,46.557762,15.650933
2302,G1,46.533020,15.666671,1769016253,54.41,35.00,waiting_at_station,46.557762,15.650933
2600,G1,46.539777,15.648198,1769016253,88.01,10.00,waiting_at_station,46.557762,15.650933
2700,G1,46.554485,15.650775,1769016253,58.40,35.00,waiting_at_station,46.557762,15.650933
3800,G1,46.557706,15.650745,1769016254,82.51,10.00,on_bus,46.557703,15.650935
3801,G1,46.557592,15.650818,1769016254,74.66,20.00,on_bus,46.557703,15.650935
3802,G1,46.557589,15.651038,1769016254,62.38,20.00,on_bus,46.557703,15.650935
3803,G1,46.557660,15.651043,1769016254,76.27,10.00,on_bus,46.557703,15.650935
3804,G1,46.557738,15.650954,1769016254,80.90,10.00,on_bus,46.557703,15.650935
3805,G1,46.557674,15.650813,1769016254,89.17,10.00,on_bus,46.557703,15.650935
2000,G1,46.559646,15.656128,1769016254,76.47,10.00,waiting_at_station,46.557703,15.650935
2001,G1,46.559545,15.656117,1769016254,66.04,20.00,waiting_at_station,46.557703,15.650935
2500,G1,46.530512,15.668364,1769016254,100.00,5.00,waiting_at_station,46.557703,15.650935
2501,G1,46.530276,15.670661,1769016254,74.20,20.00,waiting_at_station,46.557703,15.650935
2502,G1,46.530782,15.670409,1769016254,73.96,20.00,waiting_at_station,46.557703,15.650935
3900,G1,46.557694,15.650937,1769016253,80.06,10.00,on_bus,46.557644,15.650936
3901,G1,46.557608,15.651121,1769016253,93.47,5.00,on_bus,46.557644,15.650936
3902,G1,46.557612,15.651156,1769016253,71.53,20.00,on_bus,46.557644,15.650936
3903,G1,46.557657,15.651020,1769016253,73.34,20.00,on_bus,46.557644,15.650936
3904,G1,46.557675,15.650994,1769016253,64.71,20.00,on_bus,46.557644,15.650936
3905,G1,46.557602,15.651030,1769016253,98.44,5.00,on_bus,46.557644,15.650936
3900,G1,46.557500,15.651114,1769016254,99.55,5.00,on_bus,46.557581,15.650933
3901,G1,46.557577,15.650912,1769016254,100.00,5.00,on_bus,46.557581,15.650933
3902,G1,46.557560,15.650831,1769016254,78.24,10.00,on_bus,46.557581,15.650933
2800,G1,46.558609,15.655804,1769016254,82.13,10.00,waiting_at_station,46.557581,15.650933
3900,G1,46.557591,15.650692,1769016255,68.88,20.00,on_bus,46.557517,15.650930
3901,G1,46.557549,15.650621,1769016255,75.78,10.00,on_bus,46.557517,15.650930
2200,G1,46.540133,15.649912,1769016255,57.50,35.00,waiting_at_station,46.557517,15.650930
2600,G1,46.539598,15.648575,1769016255,97.29,5.00,waiting_at_station,46.557517,15.650930
3900,G1,46.557308,15.651332,1769016255,80.37,10.00,on_bus,46.557454,15.650928
3901,G1,46.557408,15.650892,1769016255,57.83,35.00,on_bus,46.557454,15.650928
3902,G1,46.557451,15.650898,1769016255,69.64,20.00,on_bus,46.557454,15.650928
2200,G1,46.540360,15.649875,1769016255,72.39,20.00,waiting_at_station,46.557454,15.650928
2300,G1,46.532254,15.666755,1769016255,56.17,35.00,waiting_at_station,46.557454,15.650928
2600,G1,46.540048,15.648037,1769016255,72.23,20.00,waiting_at_station,46.557454,15.650928
2601,G1,46.539771,15.648007,1769016255,75.48,10.00,waiting_at_station,46.557454,15.650928
2602,G1,46.539770,15.647818,1769016255,87.66,10.00,waiting_at_station,46.557454,15.650928
2800,G1,46.558710,15.655643,1769016255,100.00,5.00,waiting_at_station,46.557454,15.650928
3900,G1,46.557366,15.651093,1769016257,86.21,10.00,on_bus,46.557391,15.650925
3901,G1,46.557466,15.650923,1769016257,58.32,35.00,on_bus,46.557391,15.650925
2500,G1,46.530922,15.670295,1769016257,99.91,5.00,waiting_at_station,46.557391,15.650925
2501,G1,46.530739,15.669923,1769016257,86.35,10.00,waiting_at_station,46.557391,15.650925
2600,G1,46.539850,15.648075,1769016257,70.10,20.00,waiting_at_station,46.557391,15.650925
2601,G1,46.539758,15.648557,1769016257,72.83,20.00,waiting_at_station,46.557391,15.650925
2602,G1,46.539768,15.647757,1769016257,67.88,20.00,waiting_at_station,46.557391,15.650925
4000,G1,46.557305,15.650699,1769016255,92.50,5.00,on_bus,46.557327,15.650922
4001,G1,46.557408,15.650974,1769016255,79.18,10.00,on_bus,46.557327,15.650922
4002,G1,46.557295,15.650998,1769016255,79.97,10.00,on_bus,46.557327,15.650922
2100,G1,46.552769,15.649695,1769016255,88.72,10.00,waiting_at_station,46.557327,15.650922
2101,G1,46.552611,15.650527,1769016255,64.16,20.00,waiting_at_station,46.557327,15.650922
2400,G1,46.527312,15.684757,1769016255,94.91,5.00,waiting_at_station,46.557327,15.650922
2401,G1,46.527660,15.684544,1769016255,74.28,20.00,waiting_at_station,46.557327,15.650922
2402,G1,46.527631,15.684031,1769016255,59.07,35.00,waiting_at_station,46.557327,15.650922
4000,G1,46.557460,15.650981,1769016256,71.54,20.00,on_bus,46.557258,15.650922
4001,G1,46.557343,15.650699,1769016256,83.30,10.00,on_bus,46.557258,15.650922
4002,G1,46.557373,15.650757,1769016256,58.01,35.00,on_bus,46.557258,15.650922
4003,G1,46.557225,15.651004,1769016256,72.50,20.00,on_bus,46.557258,15.650922
4004,G1,46.557223,15.650898,1769016256,95.95,5.00,on_bus,46.557258,15.650922
2200,G1,46.540005,15.649457,1769016256,75.48,10.00,waiting_at_station,46.557258,15.650922
2201,G1,46.540250,15.649279,1769016256,92.61,5.00,waiting_at_station,46.557258,15.650922
2202,G1,46.540005,15.649360,1769016256,66.59,20.00,waiting_at_station,46.557258,15.650922
2400,G1,46.527471,15.684434,1769016256,85.49,10.00,waiting_at_station,46.557258,15.650922
2401,G1,46.527688,15.684720,1769016256,61.73,20.00,waiting_at_station,46.557258,15.650922
2600,G1,46.539952,15.647919,1769016256,33.78,50.00,waiting_at_station,46.557258,15.650922
4000,G1,46.557380,15.651004,1769016257,93.18,5.00,on_bus,46.557188,15.650922
4001,G1,46.557170,15.650836,1769016257,77.46,10.00,on_bus,46.557188,15.650922
4002,G1,46.557284,15.650769,1769016257,67.95,20.00,on_bus,46.557188,15.650922
2200,G1,46.540412,15.649725,1769016257,77.11,10.00,waiting_at_station,46.557188,15.650922
2201,G1,46.540283,15.650873,1769016257,68.22,20.00,waiting_at_station,46.557188,15.650922
2202,G1,46.540185,15.649782,1769016257,63.78,20.00,waiting_at_station,46.557188,15.650922
2300,G1,46.532744,15.666549,1769016257,89.58,10.00,waiting_at_station,46.557188,15.650922
2400,G1,46.527507,15.684240,1769016257,62.16,20.00,waiting_at_station,46.557188,15.650922
2401,G1,46.527509,15.684606,1769016257,82.90,10.00,waiting_at_station,46.557188,15.650922
2402,G1,46.527435,15.683956,1769016257,93.01,5.00,waiting_at_station,46.557188,15.650922
2700,G1,46.554462,15.650659,1769016257,86.12,10.00,waiting_at_station,46.557188,15.650922
2701,G1,46.554269,15.650644,1769016257,61.54,20.00,waiting_at_station,46.557188,15.650922
2702,G1,46.554692,15.649716,1769016257,78.22,10.00,waiting_at_station,46.557188,15.650922
2800,G1,46.558839,15.655961,1769016257,69.34,20.00,waiting_at_station,46.557188,15.650922
2801,G1,46.558608,15.655921,1769016257,75.53,10.00,waiting_at_station,46.557188,15.650922
4000,G1,46.557033,15.650981,1769016259,79.53,10.00,on_bus,46.557119,15.650922
4001,G1,46.557202,15.650839,1769016259,84.78,10.00,on_bus,46.557119,15.650922
4002,G1,46.557086,15.650776,1769016259,73.18,20.00,on_bus,46.557119,15.650922
2000,G1,46.559517,15.655988,1769016259,64.99,20.00,waiting_at_station,46.557119,15.650922
2200,G1,46.539979,15.649923,1769016259,84.22,10.00,waiting_at_station,46.557119,15.650922
2201,G1,46.540108,15.649924,1769016259,69.52,20.00,waiting_at_station,46.557119,15.650922
2300,G1,46.532635,15.666543,1769016259,54.69,35.00,waiting_at_station,46.557119,15.650922
2301,G1,46.532387,15.666459,1769016259,79.76,10.00,waiting_at_station,46.557119,15.650922
2600,G1,46.539838,15.648110,1769016259,67.29,20.00,waiting_at_station,46.557119,15.650922
2700,G1,46.553919,15.650099,1769016259,50.73,35.00,waiting_at_station,46.557119,15.650922
4000,G1,46.557032,15.650957,1769016259,84.94,10.00,on_bus,46.557049,15.650922
4001,G1,46.557048,15.650696,1769016259,51.64,35.00,on_bus,46.557049,15.650922
4002,G1,46.557100,15.650862,1769016259,64.15,20.00,on_bus,46.557049,15.650922
2000,G1,46.559523,15.655961,1769016259,65.74,20.00,waiting_at_station,46.557049,15.650922
2001,G1,46.559542,15.655910,1769016259,68.62,20.00,waiting_at_station,46.557049,15.650922
2100,G1,46.552199,15.649343,1769016259,85.08,10.00,waiting_at_station,46.557049,15.650922
2101,G1,46.552974,15.649853,1769016259,83.74,10.00,waiting_at_station,46.557049,15.650922
2300,G1,46.532706,15.666998,1769016259,99.05,5.00,waiting_at_station,46.557049,15.650922
2301,G1,46.532511,15.666934,1769016259,69.16,20.00,waiting_at_station,46.557049,15.650922
2400,G1,46.527454,15.684188,1769016259,72.21,20.00,waiting_at_station,46.557049,15.650922
2700,G1,46.554390,15.650723,1769016259,76.83,10.00,waiting_at_station,46.557049,15.650922
4100,G1,46.556955,15.650866,1769016258,67.46,20.00,on_bus,46.556980,15.650922
4101,G1,46.557046,15.650892,1769016258,78.99,10.00,on_bus,46.556980,15.650922
4102,G1,46.556936,15.650860,1769016258,74.45,20.00,on_bus,46.556980,15.650922
2300,G1,46.532468,15.666902,1769016258,100.00,5.00,waiting_at_station,46.556980,15.650922
2301,G1,46.532714,15.666650,1769016258,100.00,5.00,waiting_at_station,46.556980,15.650922
2302,G1,46.532601,15.666389,1769016258,77.87,10.00,waiting_at_station,46.556980,15.650922
2400,G1,46.527079,15.684348,1769016258,40.72,50.00,waiting_at_station,46.556980,15.650922
2401,G1,46.526948,15.685285,1769016258,92.93,5.00,waiting_at_station,46.556980,15.650922
2402,G1,46.527808,15.684427,1769016258,88.88,10.00,waiting_at_station,46.556980,15.650922
4100,G1,46.556977,15.650757,1769016258,69.91,20.00,on_bus,46.556927,15.650917
4101,G1,46.556829,15.650909,1769016258,61.90,20.00,on_bus,46.556927,15.650917
2100,G1,46.553052,15.649677,1769016258,85.69,10.00,waiting_at_station,46.556927,15.650917
2101,G1,46.552609,15.650242,1769016258,94.88,5.00,waiting_at_station,46.556927,15.650917
2102,G1,46.552579,15.650412,1769016258,59.80,35.00,waiting_at_station,46.556927,15.650917
2400,G1,46.527469,15.684368,1769016258,86.59,10.00,waiting_at_station,46.556927,15.650917
2401,G1,46.527477,15.684281,1769016258,96.73,5.00,waiting_at_station,46.556927,15.650917
2402,G1,46.527518,15.684830,1769016258,71.32,20.00,waiting_at_station,46.556927,15.650917
2800,G1,46.558841,15.656438,1769016258,68.79,20.00,waiting_at_station,46.556927,15.650917
4100,G1,46.556845,15.650943,1769016260,100.00,5.00,on_bus,46.556873,15.650913
4101,G1,46.556944,15.650905,1769016260,57.63,35.00,on_bus,46.556873,15.650913
4102,G1,46.556956,15.650859,1769016260,79.55,10.00,on_bus,46.556873,15.650913
4103,G1,46.556815,15.650939,1769016260,64.27,20.00,on_bus,46.556873,15.650913
4104,G1,46.556882,15.650876,1769016260,68.07,20.00,on_bus,46.556873,15.650913
2000,G1,46.559707,15.656329,1769016260,74.24,20.00,waiting_at_station,46.556873,15.650913
2001,G1,46.559515,15.656087,1769016260,85.77,10.00,waiting_at_station,46.556873,15.650913
2002,G1,46.559650,15.655815,1769016260,69.43,20.00,waiting_at_station,46.556873,15.650913
2700,G1,46.554409,15.650577,1769016260,100.00,5.00,waiting_at_station,46.556873,15.650913
2701,G1,46.554222,15.650703,1769016260,72.26,20.00,waiting_at_station,46.556873,15.650913
2702,G1,46.554481,15.650766,1769016260,63.62,20.00,waiting_at_station,46.556873,15.650913
4100,G1,46.556771,15.650728,1769016260,94.07,5.00,on_bus,46.556820,15.650908
4101,G1,46.556846,15.650884,1769016260,89.06,10.00,on_bus,46.556820,15.650908
2000,G1,46.559467,15.655693,1769016260,76.17,10.00,waiting_at_station,46.556820,15.650908
2001,G1,46.559840,15.656142,1769016260,75.60,10.00,waiting_at_station,46.556820,15.650908
2002,G1,46.559889,15.656568,1769016260,100.00,5.00,waiting_at_station,46.556820,15.650908
2100,G1,46.552645,15.649969,1769016260,91.62,5.00,waiting_at_station,46.556820,15.650908
2101,G1,46.552797,15.650099,1769016260,96.04,5.00,waiting_at_station,46.556820,15.650908
2700,G1,46.554551,15.650609,1769016260,69.18,20.00,waiting_at_station,46.556820,15.650908
2701,G1,46.554372,15.650570,1769016260,78.01,10.00,waiting_at_station,46.556820,15.650908
2702,G1,46.554289,15.650489,1769016260,81.83,10.00,waiting_at_station,46.556820,15.650908
2800,G1,46.558540,15.655856,1769016260,84.01,10.00,waiting_at_station,46.556820,15.650908
4100,G1,46.556749,15.650872,1769016261,100.00,5.00,on_bus,46.556767,15.650903
4101,G1,46.556734,15.650807,1769016261,69.36,20.00,on_bus,46.556767,15.650903
4102,G1,46.556790,15.650919,1769016261,62.45,20.00,on_bus,46.556767,15.650903
2000,G1,46.559618,15.655787,1769016261,100.00,5.00,waiting_at_station,46.556767,15.650903
2001,G1,46.559376,15.656076,1769016261,73.34,20.00,waiting_at_station,46.556767,15.650903
2002,G1,46.559638,15.656161,1769016261,69.59,20.00,waiting_at_station,46.556767,15.650903
2500,G1,46.531333,15.670377,1769016261,81.89,10.00,waiting_at_station,46.556767,15.650903
2501,G1,46.531065,15.669550,1769016261,100.00,5.00,waiting_at_station,46.556767,15.650903
2800,G1,46.558652,15.655787,1769016261,73.17,20.00,waiting_at_station,46.556767,15.650903
4100,G1,46.556771,15.650969,1769016261,94.24,5.00,on_bus,46.556713,15.650899
4101,G1,46.556584,15.650894,1769016261,77.41,10.00,on_bus,46.556713,15.650899
4102,G1,46.556736,15.650922,1769016261,73.18,20.00,on_bus,46.556713,15.650899
2000,G1,46.559784,15.655985,1769016261,90.82,5.00,waiting_at_station,46.556713,15.650899
2001,G1,46.559359,15.656136,1769016261,50.10,35.00,waiting_at_station,46.556713,15.650899
2100,G1,46.552617,15.649856,1769016261,60.84,20.00,waiting_at_station,46.556713,15.650899
2101,G1,46.552559,15.649977,1769016261,61.28,20.00,waiting_at_station,46.556713,15.650899
2200,G1,46.540428,15.649724,1769016261,72.35,20.00,waiting_at_station,46.556713,15.650899
2201,G1,46.540119,15.649663,1769016261,85.66,10.00,waiting_at_station,46.556713,15.650899
2202,G1,46.540281,15.649252,1769016261,70.64,20.00,waiting_at_station,46.556713,15.650899
4200,G1,46.556645,15.651081,1769016260,70.16,20.00,on_bus,46.556660,15.650894
4201,G1,46.556772,15.651003,1769016260,58.06,35.00,on_bus,46.556660,15.650894
4202,G1,46.556660,15.650945,1769016260,88.74,10.00,on_bus,46.556660,15.650894
4203,G1,46.556718,15.650861,1769016260,72.06,20.00,on_bus,46.556660,15.650894
4204,G1,46.556603,15.650898,1769016260,76.15,10.00,on_bus,46.556660,15.650894
4205,G1,46.556672,15.650945,1769016260,80.91,10.00,on_bus,46.556660,15.650894
2000,G1,46.559409,15.656113,1769016260,39.56,50.00,waiting_at_station,46.556660,15.650894
2200,G1,46.540087,15.650113,1769016260,73.51,20.00,waiting_at_station,46.556660,15.650894
2201,G1,46.540169,15.649550,1769016260,94.54,5.00,waiting_at_station,46.556660,15.650894
2300,G1,46.532221,15.666910,1769016260,65.29,20.00,waiting_at_station,46.556660,15.650894
2301,G1,46.532631,15.666707,1769016260,94.29,5.00,waiting_at_station,46.556660,15.650894
2600,G1,46.539818,15.647820,1769016260,72.69,20.00,waiting_at_station,46.556660,15.650894
2601,G1,46.539777,15.648162,1769016260,74.54,20.00,waiting_at_station,46.556660,15.650894
2602,G1,46.539736,15.647530,1769016260,75.84,10.00,waiting_at_station,46.556660,15.650894
4200,G1,46.556667,15.651109,1769016261,68.01,20.00,on_bus,46.556599,15.650883
4201,G1,46.556580,15.650805,1769016261,73.63,20.00,on_bus,46.556599,15.650883
4202,G1,46.556637,15.651077,1769016261,91.80,5.00,on_bus,46.556599,15.650883
4203,G1,46.556613,15.650818,1769016261,73.67,20.00,on_bus,46.556599,15.650883
2200,G1,46.539970,15.649945,1769016261,75.00,10.00,waiting_at_station,46.556599,15.650883
2500,G1,46.531101,15.670260,1769016261,55.53,35.00,waiting_at_station,46.556599,15.650883
2600,G1,46.540234,15.647973,1769016261,72.24,20.00,waiting_at_station,46.556599,15.650883
2601,G1,46.539858,15.648004,1769016261,65.92,20.00,waiting_at_station,46.556599,15.650883
2800,G1,46.558644,15.656090,1769016261,81.62,10.00,waiting_at_station,46.556599,15.650883
4200,G1,46.556531,15.650948,1769016262,92.45,5.00,on_bus,46.556538,15.650872
4201,G1,46.556702,15.651042,1769016262,66.27,20.00,on_bus,46.556538,15.650872
2000,G1,46.559851,15.655737,1769016262,46.87,35.00,waiting_at_station,46.556538,15.650872
2001,G1,46.559377,15.656134,1769016262,100.00,5.00,waiting_at_station,46.556538,15.650872
2500,G1,46.530875,15.670016,1769016262,100.00,5.00,waiting_at_station,46.556538,15.650872
2501,G1,46.530746,15.669735,1769016262,49.67,35.00,waiting_at_station,46.556538,15.650872
2800,G1,46.558790,15.655672,1769016262,65.71,20.00,waiting_at_station,46.556538,15.650872
4200,G1,46.556514,15.650889,1769016262,93.05,5.00,on_bus,46.556477,15.650861
4201,G1,46.556393,15.650772,1769016262,100.00,5.00,on_bus,46.556477,15.650861
4202,G1,46.556450,15.650826,1769016262,79.35,10.00,on_bus,46.556477,15.650861
4203,G1,46.556660,15.651155,1769016262,97.48,5.00,on_bus,46.556477,15.650861
4204,G1,46.556530,15.650854,1769016262,75.26,10.00,on_bus,46.556477,15.650861
4205,G1,46.556387,15.650758,1769016262,91.14,5.00,on_bus,46.556477,15.650861
2600,G1,46.539605,15.648164,1769016262,83.52,10.00,waiting_at_station,46.556477,15.650861
2601,G1,46.539941,15.647696,1769016262,81.20,10.00,waiting_at_station,46.556477,15.650861
2700,G1,46.554583,15.650160,1769016262,100.00,5.00,waiting_at_station,46.556477,15.650861
2701,G1,46.554403,15.649993,1769016262,71.02,20.00,waiting_at_station,46.556477,15.650861
4200,G1,46.556471,15.650809,1769016264,75.55,10.00,on_bus,46.556416,15.650850
4201,G1,46.556355,15.650870,1769016264,100.00,5.00,on_bus,46.556416,15.650850
2000,G1,46.559543,15.655668,1769016264,86.54,10.00,waiting_at_station,46.556416,15.650850
2001,G1,46.559529,15.656161,1769016264,64.01,20.00,waiting_at_station,46.556416,15.650850
2002,G1,46.559441,15.655886,1769016264,77.25,10.00,waiting_at_station,46.556416,15.650850
4300,G1,46.556402,15.650889,1769016263,91.47,5.00,on_bus,46.556354,15.650839
4301,G1,46.556370,15.650529,1769016263,80.92,10.00,on_bus,46.556354,15.650839
4302,G1,46.556207,15.650747,1769016263,70.76,20.00,on_bus,46.556354,15.650839
4303,G1,46.556359,15.650866,1769016263,73.72,20.00,on_bus,46.556354,15.650839
2100,G1,46.552652,15.650116,1769016263,55.11,35.00,waiting_at_station,46.556354,15.650839
2101,G1,46.552980,15.650579,1769016263,72.33,20.00,waiting_at_station,46.556354,15.650839
2102,G1,46.552690,15.650154,1769016263,96.79,5.00,waiting_at_station,46.556354,15.650839
2400,G1,46.527186,15.683882,1769016263,62.53,20.00,waiting_at_station,46.556354,15.650839
2401,G1,46.527303,15.684334,1769016263,95.35,5.00,waiting_at_station,46.556354,15.650839
4300,G1,46.556225,15.650855,1769016264,57.95,35.00,on_bus,46.556253,15.650829
4301,G1,46.556125,15.650741,1769016264,93.54,5.00,on_bus,46.556253,15.650829
4302,G1,46.556210,15.650909,1769016264,95.30,5.00,on_bus,46.556253,15.650829
4303,G1,46.556297,15.650656,1769016264,75.57,10.00,on_bus,46.556253,15.650829
4304,G1,46.556360,15.650657,1769016264,65.46,20.00,on_bus,46.556253,15.650829
2200,G1,46.539903,15.649856,1769016264,96.92,5.00,waiting_at_station,46.556253,15.650829
2201,G1,46.539870,15.650555,1769016264,74.69,20.00,waiting_at_station,46.556253,15.650829
2202,G1,46.540167,15.649846,1769016264,66.45,20.00,waiting_at_station,46.556253,15.650829
2300,G1,46.532300,15.666638,1769016264,65.13,20.00,waiting_at_station,46.556253,15.650829
2301,G1,46.532856,15.666916,1769016264,80.68,10.00,waiting_at_station,46.556253,15.650829
2800,G1,46.558989,15.654736,1769016264,100.00,5.00,waiting_at_station,46.556253,15.650829
4300,G1,46.556201,15.650960,1769016266,92.23,5.00,on_bus,46.556151,15.650819
4301,G1,46.556151,15.650846,1769016266,75.46,10.00,on_bus,46.556151,15.650819
4302,G1,46.556232,15.650984,1769016266,80.20,10.00,on_bus,46.556151,15.650819
4303,G1,46.556131,15.650766,1769016266,81.12,10.00,on_bus,46.556151,15.650819
4304,G1,46.556105,15.651047,1769016266,96.09,5.00,on_bus,46.556151,15.650819
4305,G1,46.556101,15.650753,1769016266,88.42,10.00,on_bus,46.556151,15.650819
2200,G1,46.540273,15.649891,1769016266,83.45,10.00,waiting_at_station,46.556151,15.650819
2201,G1,46.540079,15.650122,1769016266,81.02,10.00,waiting_at_station,46.556151,15.650819
2600,G1,46.539574,15.647816,1769016266,70.91,20.00,waiting_at_station,46.556151,15.650819
2700,G1,46.554624,15.650607,1769016266,79.62,10.00,waiting_at_station,46.556151,15.650819
2701,G1,46.554692,15.650693,1769016266,66.71,20.00,waiting_at_station,46.556151,15.650819
4400,G1,46.555955,15.650825,1769016265,75.81,10.00,on_bus,46.556050,15.650809
4401,G1,46.556097,15.650916,1769016265,61.35,20.00,on_bus,46.556050,15.650809
4402,G1,46.555980,15.650690,1769016265,74.82,20.00,on_bus,46.556050,15.650809
4403,G1,46.556057,15.650952,1769016265,78.72,10.00,on_bus,46.556050,15.650809
2300,G1,46.533150,15.666459,1769016265,46.92,35.00,waiting_at_station,46.556050,15.650809
2301,G1,46.532591,15.666635,1769016265,87.61,10.00,waiting_at_station,46.556050,15.650809
2400,G1,46.527325,15.683800,1769016265,99.54,5.00,waiting_at_station,46.556050,15.650809
4400,G1,46.555869,15.650792,1769016265,52.16,35.00,on_bus,46.555974,15.650800
4401,G1,46.556012,15.650896,1769016265,50.97,35.00,on_bus,46.555974,15.650800
4402,G1,46.555999,15.650758,1769016265,71.57,20.00,on_bus,46.555974,15.650800
2700,G1,46.554398,15.650521,1769016265,85.24,10.00,waiting_at_station,46.555974,15.650800
4400,G1,46.555890,15.650667,1769016266,80.08,10.00,on_bus,46.555897,15.650791
4401,G1,46.555845,15.650661,1769016266,81.53,10.00,on_bus,46.555897,15.650791
4402,G1,46.555780,15.651121,1769016266,97.25,5.00,on_bus,46.555897,15.650791
4403,G1,46.555910,15.650609,1769016266,90.06,5.00,on_bus,46.555897,15.650791
4404,G1,46.555793,15.650704,1769016266,100.00,5.00,on_bus,46.555897,15.650791
2000,G1,46.559541,15.655763,1769016266,81.69,10.00,waiting_at_station,46.555897,15.650791
2001,G1,46.559532,15.655886,1769016266,71.00,20.00,waiting_at_station,46.555897,15.650791
2200,G1,46.540107,15.649548,1769016266,74.53,20.00,waiting_at_station,46.555897,15.650791
2400,G1,46.527485,15.684287,1769016266,60.00,20.00,waiting_at_station,46.555897,15.650791
2401,G1,46.527404,15.684349,1769016266,77.67,10.00,waiting_at_station,46.555897,15.650791
2402,G1,46.527430,15.684269,1769016266,67.17,20.00,waiting_at_station,46.555897,15.650791
2800,G1,46.558789,15.656380,1769016266,59.99,35.00,waiting_at_station,46.555897,15.650791
2801,G1,46.558429,15.655916,1769016266,83.67,10.00,waiting_at_station,46.555897,15.650791
2802,G1,46.558701,15.655706,1769016266,51.78,35.00,waiting_at_station,46.555897,15.650791
4400,G1,46.555721,15.650895,1769016268,90.97,5.00,on_bus,46.555821,15.650782
4401,G1,46.555828,15.650795,1769016268,96.63,5.00,on_bus,46.555821,15.650782
4402,G1,46.555791,15.650674,1769016268,84.72,10.00,on_bus,46.555821,15.650782
2100,G1,46.553009,15.650287,1769016268,81.71,10.00,waiting_at_station,46.555821,15.650782
2101,G1,46.552839,15.650130,1769016268,65.25,20.00,waiting_at_station,46.555821,15.650782
2600,G1,46.539613,15.647531,1769016268,56.87,35.00,waiting_at_station,46.555821,15.650782
4500,G1,46.555644,15.650662,1769016267,70.84,20.00,on_bus,46.555744,15.650773
4501,G1,46.555821,15.650442,1769016267,100.00,5.00,on_bus,46.555744,15.650773
4502,G1,46.555854,15.650390,1769016267,81.89,10.00,on_bus,46.555744,15.650773
2000,G1,46.559422,15.656057,1769016267,69.08,20.00,waiting_at_station,46.555744,15.650773
2400,G1,46.527302,15.684534,1769016267,74.56,20.00,waiting_at_station,46.555744,15.650773
2401,G1,46.527247,15.684773,1769016267,61.44,20.00,waiting_at_station,46.555744,15.650773
2402,G1,46.527474,15.684477,1769016267,88.30,10.00,waiting_at_station,46.555744,15.650773
2600,G1,46.540052,15.647649,1769016267,96.40,5.00,waiting_at_station,46.555744,15.650773
2601,G1,46.539844,15.648361,1769016267,62.56,20.00,waiting_at_station,46.555744,15.650773
2602,G1,46.539845,15.647279,1769016267,100.00,5.00,waiting_at_station,46.555744,15.650773
4500,G1,46.555658,15.650690,1769016268,77.76,10.00,on_bus,46.555645,15.650760
4501,G1,46.555586,15.650666,1769016268,81.96,10.00,on_bus,46.555645,15.650760
2700,G1,46.554255,15.650454,1769016268,52.76,35.00,waiting_at_station,46.555645,15.650760
2701,G1,46.554218,15.650642,1769016268,73.15,20.00,waiting_at_station,46.555645,15.650760
2800,G1,46.558616,15.655628,1769016268,71.78,20.00,waiting_at_station,46.555645,15.650760
4500,G1,46.555558,15.650717,1769016270,80.85,10.00,on_bus,46.555546,15.650746
4501,G1,46.555570,15.650849,1769016270,88.25,10.00,on_bus,46.555546,15.650746
4502,G1,46.555574,15.650577,1769016270,90.12,5.00,on_bus,46.555546,15.650746
4503,G1,46.555599,15.650727,1769016270,84.13,10.00,on_bus,46.555546,15.650746
4600,G1,46.555424,15.650667,1769016269,73.71,20.00,on_bus,46.555447,15.650733
4601,G1,46.555418,15.650631,1769016269,74.15,20.00,on_bus,46.555447,15.650733
4602,G1,46.555343,15.650758,1769016269,69.74,20.00,on_bus,46.555447,15.650733
4603,G1,46.555462,15.650835,1769016269,74.82,20.00,on_bus,46.555447,15.650733
4604,G1,46.555479,15.650396,1769016269,87.43,10.00,on_bus,46.555447,15.650733
4605,G1,46.555450,15.650743,1769016269,71.30,20.00,on_bus,46.555447,15.650733
2000,G1,46.559487,15.655593,1769016269,79.43,10.00,waiting_at_station,46.555447,15.650733
2001,G1,46.558999,15.655469,1769016269,74.77,20.00,waiting_at_station,46.555447,15.650733
2400,G1,46.527264,15.684512,1769016269,70.38,20.00,waiting_at_station,46.555447,15.650733
2401,G1,46.527565,15.684712,1769016269,74.29,20.00,waiting_at_station,46.555447,15.650733
2800,G1,46.558111,15.655580,1769016269,77.60,10.00,waiting_at_station,46.555447,15.650733
2801,G1,46.558635,15.655739,1769016269,78.68,10.00,waiting_at_station,46.555447,15.650733
2802,G1,46.558457,15.655195,1769016269,68.25,20.00,waiting_at_station,46.555447,15.650733
4600,G1,46.555422,15.650693,1769016269,68.30,20.00,on_bus,46.555398,15.650726
4601,G1,46.555442,15.650917,1769016269,52.50,35.00,on_bus,46.555398,15.650726
4602,G1,46.555368,15.650672,1769016269,54.93,35.00,on_bus,46.555398,15.650726
4603,G1,46.555453,15.650587,1769016269,76.31,10.00,on_bus,46.555398,15.650726
4604,G1,46.555394,15.650847,1769016269,65.34,20.00,on_bus,46.555398,15.650726
4605,G1,46.555388,15.650635,1769016269,70.79,20.00,on_bus,46.555398,15.650726
2200,G1,46.540209,15.650514,1769016269,80.50,10.00,waiting_at_station,46.555398,15.650726
2300,G1,46.532440,15.666812,1769016269,98.52,5.00,waiting_at_station,46.555398,15.650726
2301,G1,46.532353,15.666775,1769016269,65.42,20.00,waiting_at_station,46.555398,15.650726
2800,G1,46.558784,15.656108,1769016269,56.01,35.00,waiting_at_station,46.555398,15.650726
4600,G1,46.555323,15.650970,1769016270,49.17,35.00,on_bus,46.555349,15.650718
4601,G1,46.555253,15.650727,1769016270,79.55,10.00,on_bus,46.555349,15.650718
4602,G1,46.555352,15.650777,1769016270,82.31,10.00,on_bus,46.555349,15.650718
2000,G1,46.559530,15.655848,1769016270,74.43,20.00,waiting_at_station,46.555349,15.650718
2001,G1,46.559530,15.655795,1769016270,68.87,20.00,waiting_at_station,46.555349,15.650718
4600,G1,46.555273,15.650708,1769016271,75.00,10.00,on_bus,46.555300,15.650711
4601,G1,46.555365,15.650588,1769016271,94.33,5.00,on_bus,46.555300,15.650711
4602,G1,46.555425,15.650612,1769016271,90.50,5.00,on_bus,46.555300,15.650711
2100,G1,46.552851,15.650058,1769016271,79.32,10.00,waiting_at_station,46.555300,15.650711
2101,G1,46.553014,15.650577,1769016271,54.87,35.00,waiting_at_station,46.555300,15.650711
2200,G1,46.540326,15.649358,1769016271,70.45,20.00,waiting_at_station,46.555300,15.650711
2201,G1,46.540061,15.649571,1769016271,58.21,35.00,waiting_at_station,46.555300,15.650711
2202,G1,46.540189,15.650417,1769016271,73.85,20.00,waiting_at_station,46.555300,15.650711
2800,G1,46.558418,15.655780,1769016271,69.55,20.00,waiting_at_station,46.555300,15.650711
2801,G1,46.558680,15.655728,1769016271,78.17,10.00,waiting_at_station,46.555300,15.650711
2802,G1,46.558576,15.656329,1769016271,54.22,35.00,waiting_at_station,46.555300,15.650711
4600,G1,46.555335,15.650722,1769016271,54.93,35.00,on_bus,46.555251,15.650703
4601,G1,46.555306,15.650814,1769016271,100.00,5.00,on_bus,46.555251,15.650703
4600,G1,46.555191,15.650729,1769016272,92.99,5.00,on_bus,46.555202,15.650696
4601,G1,46.555287,15.650712,1769016272,100.00,5.00,on_bus,46.555202,15.650696
4602,G1,46.555267,15.650649,1769016272,63.30,20.00,on_bus,46.555202,15.650696
4603,G1,46.555291,15.650752,1769016272,87.14,10.00,on_bus,46.555202,15.650696
2300,G1,46.532426,15.666768,1769016272,84.65,10.00,waiting_at_station,46.555202,15.650696
2301,G1,46.532572,15.666763,1769016272,92.32,5.00,waiting_at_station,46.555202,15.650696
2302,G1,46.532581,15.666763,1769016272,78.80,10.00,waiting_at_station,46.555202,15.650696
2500,G1,46.530885,15.670396,1769016272,56.01,35.00,waiting_at_station,46.555202,15.650696
2501,G1,46.531018,15.670736,1769016272,78.63,10.00,waiting_at_station,46.555202,15.650696
2600,G1,46.539701,15.647722,1769016272,83.92,10.00,waiting_at_station,46.555202,15.650696
2601,G1,46.539712,15.647882,1769016272,91.88,5.00,waiting_at_station,46.555202,15.650696
2700,G1,46.554211,15.650059,1769016272,72.24,20.00,waiting_at_station,46.555202,15.650696
2701,G1,46.554446,15.650833,1769016272,93.59,5.00,waiting_at_station,46.555202,15.650696
2702,G1,46.553840,15.650483,1769016272,81.36,10.00,waiting_at_station,46.555202,15.650696
4700,G1,46.555031,15.650720,1769016271,55.78,35.00,on_bus,46.555153,15.650688
4701,G1,46.555035,15.650779,1769016271,70.99,20.00,on_bus,46.555153,15.650688
4702,G1,46.555180,15.650630,1769016271,82.91,10.00,on_bus,46.555153,15.650688
4703,G1,46.555114,15.650676,1769016271,71.58,20.00,on_bus,46.555153,15.650688
2200,G1,46.540349,15.650299,1769016271,60.27,20.00,waiting_at_station,46.555153,15.650688
2400,G1,46.527593,15.684947,1769016271,83.90,10.00,waiting_at_station,46.555153,15.650688
2401,G1,46.527432,15.684198,1769016271,71.42,20.00,waiting_at_station,46.555153,15.650688
2402,G1,46.527742,15.684415,1769016271,63.15,20.00,waiting_at_station,46.555153,15.650688
4700,G1,46.555109,15.650683,1769016271,71.22,20.00,on_bus,46.555097,15.650678
4701,G1,46.554999,15.650563,1769016271,76.50,10.00,on_bus,46.555097,15.650678
4702,G1,46.555081,15.650687,1769016271,87.59,10.00,on_bus,46.555097,15.650678
4703,G1,46.555016,15.650636,1769016271,93.25,5.00,on_bus,46.555097,15.650678
4704,G1,46.555082,15.650755,1769016271,53.49,35.00,on_bus,46.555097,15.650678
2100,G1,46.552709,15.650018,1769016271,81.38,10.00,waiting_at_station,46.555097,15.650678
2101,G1,46.552757,15.650168,1769016271,72.00,20.00,waiting_at_station,46.555097,15.650678
2200,G1,46.539996,15.649713,1769016271,75.36,10.00,waiting_at_station,46.555097,15.650678
2201,G1,46.540351,15.650271,1769016271,57.34,35.00,waiting_at_station,46.555097,15.650678
2600,G1,46.540279,15.648043,1769016271,85.17,10.00,waiting_at_station,46.555097,15.650678
2800,G1,46.558909,15.655693,1769016271,75.19,10.00,waiting_at_station,46.555097,15.650678
2801,G1,46.558745,15.656080,1769016271,100.00,5.00,waiting_at_station,46.555097,15.650678
2802,G1,46.558749,15.655728,1769016271,92.09,5.00,waiting_at_station,46.555097,15.650678
4700,G1,46.555058,15.650700,1769016273,70.95,20.00,on_bus,46.555042,15.650668
4701,G1,46.555049,15.650652,1769016273,100.00,5.00,on_bus,46.555042,15.650668
4702,G1,46.555184,15.650845,1769016273,73.64,20.00,on_bus,46.555042,15.650668
4703,G1,46.555027,15.650725,1769016273,100.00,5.00,on_bus,46.555042,15.650668
4704,G1,46.555012,15.650596,1769016273,78.10,10.00,on_bus,46.555042,15.650668
2200,G1,46.540178,15.650253,1769016273,81.83,10.00,waiting_at_station,46.555042,15.650668
2201,G1,46.540147,15.649856,1769016273,78.44,10.00,waiting_at_station,46.555042,15.650668
2202,G1,46.539231,15.648619,1769016273,65.39,20.00,waiting_at_station,46.555042,15.650668
2400,G1,46.527245,15.684229,1769016273,88.59,10.00,waiting_at_station,46.555042,15.650668
4700,G1,46.555002,15.650646,1769016273,98.85,5.00,on_bus,46.554986,15.650658
4701,G1,46.555029,15.650640,1769016273,63.05,20.00,on_bus,46.554986,15.650658
2200,G1,46.540058,15.649681,1769016273,73.74,20.00,waiting_at_station,46.554986,15.650658
2201,G1,46.539864,15.649207,1769016273,70.00,20.00,waiting_at_station,46.554986,15.650658
2202,G1,46.539958,15.649519,1769016273,81.93,10.00,waiting_at_station,46.554986,15.650658
2300,G1,46.532354,15.667065,1769016273,82.01,10.00,waiting_at_station,46.554986,15.650658
2600,G1,46.539893,15.648158,1769016273,72.91,20.00,waiting_at_station,46.554986,15.650658
2601,G1,46.539670,15.648432,1769016273,72.30,20.00,waiting_at_station,46.554986,15.650658
2700,G1,46.554219,15.650455,1769016273,100.00,5.00,waiting_at_station,46.554986,15.650658
4700,G1,46.554968,15.650642,1769016274,94.58,5.00,on_bus,46.554931,15.650647
4701,G1,46.554902,15.650431,1769016274,95.29,5.00,on_bus,46.554931,15.650647
2400,G1,46.527487,15.684639,1769016274,88.65,10.00,waiting_at_station,46.554931,15.650647
2401,G1,46.527539,15.684505,1769016274,87.22,10.00,waiting_at_station,46.554931,15.650647
2402,G1,46.527478,15.684092,1769016274,76.52,10.00,waiting_at_station,46.554931,15.650647
2700,G1,46.554476,15.650243,1769016274,80.87,10.00,waiting_at_station,46.554931,15.650647
2701,G1,46.554325,15.650312,1769016274,81.54,10.00,waiting_at_station,46.554931,15.650647
2800,G1,46.558412,15.656048,1769016274,85.05,10.00,waiting_at_station,46.554931,15.650647
4700,G1,46.554978,15.650518,1769016275,90.14,5.00,on_bus,46.554875,15.650637
4701,G1,46.554889,15.650619,1769016275,77.85,10.00,on_bus,46.554875,15.650637
4702,G1,46.555160,15.650584,1769016275,95.89,5.00,on_bus,46.554875,15.650637
4703,G1,46.554897,15.650549,1769016275,59.81,35.00,on_bus,46.554875,15.650637
4704,G1,46.554886,15.650685,1769016275,92.08,5.00,on_bus,46.554875,15.650637
2000,G1,46.559724,15.655687,1769016275,79.17,10.00,waiting_at_station,46.554875,15.650637
2400,G1,46.527115,15.684621,1769016275,65.20,20.00,waiting_at_station,46.554875,15.650637
2401,G1,46.527028,15.685002,1769016275,85.87,10.00,waiting_at_station,46.554875,15.650637
2402,G1,46.527541,15.684132,1769016275,74.12,20.00,waiting_at_station,46.554875,15.650637
4800,G1,46.554656,15.650637,1769016274,92.17,5.00,on_bus,46.554820,15.650627
4801,G1,46.554803,15.650547,1769016274,100.00,5.00,on_bus,46.554820,15.650627
4802,G1,46.554958,15.650616,1769016274,83.05,10.00,on_bus,46.554820,15.650627
4803,G1,46.554705,15.650595,1769016274,72.67,20.00,on_bus,46.554820,15.650627
2200,G1,46.540049,15.649750,1769016274,50.28,35.00,waiting_at_station,46.554820,15.650627
2201,G1,46.540358,15.649513,1769016274,72.62,20.00,waiting_at_station,46.554820,15.650627
2500,G1,46.530675,15.670233,1769016274,76.06,10.00,waiting_at_station,46.554820,15.650627
2501,G1,46.530623,15.669929,1769016274,83.00,10.00,waiting_at_station,46.554820,15.650627
2800,G1,46.558478,15.655560,1769016274,80.74,10.00,waiting_at_station,46.554820,15.650627
2801,G1,46.558510,15.655432,1769016274,61.34,20.00,waiting_at_station,46.554820,15.650627
2802,G1,46.558263,15.656287,1769016274,75.14,10.00,waiting_at_station,46.554820,15.650627
4800,G1,46.554789,15.650653,1769016274,70.88,20.00,on_bus,46.554767,15.650600
4801,G1,46.554737,15.650658,1769016274,83.58,10.00,on_bus,46.554767,15.650600
4802,G1,46.554734,15.650604,1769016274,76.73,10.00,on_bus,46.554767,15.650600
4803,G1,46.554819,15.650662,1769016274,80.23,10.00,on_bus,46.554767,15.650600
4804,G1,46.554689,15.650538,1769016274,84.00,10.00,on_bus,46.554767,15.650600
4805,G1,46.554744,15.650614,1769016274,87.22,10.00,on_bus,46.554767,15.650600
2200,G1,46.540065,15.649450,1769016274,81.20,10.00,waiting_at_station,46.554767,15.650600
2400,G1,46.527161,15.684030,1769016274,65.77,20.00,waiting_at_station,46.554767,15.650600
4800,G1,46.554652,15.650541,1769016275,100.00,5.00,on_bus,46.554715,15.650574
4801,G1,46.554683,15.650624,1769016275,83.47,10.00,on_bus,46.554715,15.650574
4802,G1,46.554690,15.650497,1769016275,74.88,20.00,on_bus,46.554715,15.650574
4803,G1,46.554749,15.650625,1769016275,96.08,5.00,on_bus,46.554715,15.650574
4804,G1,46.554810,15.650701,1769016275,61.17,20.00,on_bus,46.554715,15.650574
2300,G1,46.533063,15.666231,1769016275,59.79,35.00,waiting_at_station,46.554715,15.650574
2301,G1,46.532530,15.666743,1769016275,76.55,10.00,waiting_at_station,46.554715,15.650574
2302,G1,46.532401,15.666807,1769016275,57.84,35.00,waiting_at_station,46.554715,15.650574
2500,G1,46.530987,15.670114,1769016275,68.28,20.00,waiting_at_station,46.554715,15.650574
2700,G1,46.554539,15.650372,1769016275,81.11,10.00,waiting_at_station,46.554715,15.650574
2701,G1,46.554547,15.650280,1769016275,46.65,35.00,waiting_at_station,46.554715,15.650574
4800,G1,46.554697,15.650551,1769016276,94.49,5.00,on_bus,46.554662,15.650547
4801,G1,46.554506,15.650337,1769016276,80.17,10.00,on_bus,46.554662,15.650547
4802,G1,46.554608,15.650671,1769016276,79.27,10.00,on_bus,46.554662,15.650547
2200,G1,46.540138,15.650295,1769016276,56.95,35.00,waiting_at_station,46.554662,15.650547
2201,G1,46.540205,15.649756,1769016276,97.29,5.00,waiting_at_station,46.554662,15.650547
2202,G1,46.540017,15.649159,1769016276,53.40,35.00,waiting_at_station,46.554662,15.650547
2600,G1,46.539774,15.647398,1769016276,95.80,5.00,waiting_at_station,46.554662,15.650547
2601,G1,46.539798,15.648164,1769016276,53.60,35.00,waiting_at_station,46.554662,15.650547
2602,G1,46.539945,15.647725,1769016276,78.91,10.00,waiting_at_station,46.554662,15.650547
2700,G1,46.554503,15.650955,1769016276,66.22,20.00,waiting_at_station,46.554662,15.650547
2701,G1,46.554211,15.650225,1769016276,88.03,10.00,waiting_at_station,46.554662,15.650547
4900,G1,46.554618,15.650545,1769016275,56.38,35.00,on_bus,46.554610,15.650520
4901,G1,46.554678,15.650338,1769016275,98.91,5.00,on_bus,46.554610,15.650520
4902,G1,46.554622,15.650363,1769016275,87.73,10.00,on_bus,46.554610,15.650520
4903,G1,46.554645,15.650616,1769016275,78.92,10.00,on_bus,46.554610,15.650520
4904,G1,46.554518,15.650476,1769016275,94.63,5.00,on_bus,46.554610,15.650520
4905,G1,46.554614,15.650526,1769016275,98.04,5.00,on_bus,46.554610,15.650520
2000,G1,46.560001,15.657074,1769016275,80.94,10.00,waiting_at_station,46.554610,15.650520
2001,G1,46.558990,15.656203,1769016275,70.28,20.00,waiting_at_station,46.554610,15.650520
2500,G1,46.530939,15.669990,1769016275,100.00,5.00,waiting_at_station,46.554610,15.650520
2501,G1,46.530504,15.670173,1769016275,76.02,10.00,waiting_at_station,46.554610,15.650520
2502,G1,46.530876,15.670209,1769016275,78.16,10.00,waiting_at_station,46.554610,15.650520
4900,G1,46.554523,15.650600,1769016275,72.64,20.00,on_bus,46.554581,15.650500
4901,G1,46.554592,15.650479,1769016275,88.44,10.00,on_bus,46.554581,15.650500
4902,G1,46.554485,15.650709,1769016275,93.80,5.00,on_bus,46.554581,15.650500
2700,G1,46.554624,15.650389,1769016275,87.37,10.00,waiting_at_station,46.554581,15.650500
2701,G1,46.554056,15.650466,1769016275,69.90,20.00,waiting_at_station,46.554581,15.650500
2702,G1,46.553932,15.650507,1769016275,70.56,20.00,waiting_at_station,46.554581,15.650500
4900,G1,46.554591,15.650465,1769016276,86.66,10.00,on_bus,46.554551,15.650479
4901,G1,46.554650,15.650542,1769016276,87.22,10.00,on_bus,46.554551,15.650479
4902,G1,46.554502,15.650527,1769016276,100.00,5.00,on_bus,46.554551,15.650479
4903,G1,46.554607,15.650503,1769016276,67.29,20.00,on_bus,46.554551,15.650479
4904,G1,46.554626,15.650434,1769016276,100.00,5.00,on_bus,46.554551,15.650479
2500,G1,46.530812,15.670082,1769016276,72.50,20.00,waiting_at_station,46.554551,15.650479
2800,G1,46.558829,15.655903,1769016276,89.84,10.00,waiting_at_station,46.554551,15.650479
2801,G1,46.559507,15.656081,1769016276,79.45,10.00,waiting_at_station,46.554551,15.650479
4900,G1,46.554518,15.650611,1769016276,88.93,10.00,on_bus,46.554521,15.650459
4901,G1,46.554469,15.650389,1769016276,90.61,5.00,on_bus,46.554521,15.650459
4902,G1,46.554609,15.650402,1769016276,58.70,35.00,on_bus,46.554521,15.650459
2500,G1,46.530833,15.670096,1769016276,100.00,5.00,waiting_at_station,46.554521,15.650459
5000,G1,46.554458,15.650453,1769016276,68.34,20.00,on_bus,46.554492,15.650439
5001,G1,46.554472,15.650507,1769016276,67.80,20.00,on_bus,46.554492,15.650439
5002,G1,46.554653,15.650375,1769016276,86.76,10.00,on_bus,46.554492,15.650439
5003,G1,46.554514,15.650526,1769016276,75.35,10.00,on_bus,46.554492,15.650439
5004,G1,46.554594,15.650233,1769016276,65.74,20.00,on_bus,46.554492,15.650439
5005,G1,46.554481,15.650276,1769016276,80.74,10.00,on_bus,46.554492,15.650439
2000,G1,46.559581,15.656358,1769016276,77.84,10.00,waiting_at_station,46.554492,15.650439
2001,G1,46.559739,15.656305,1769016276,62.62,20.00,waiting_at_station,46.554492,15.650439
2002,G1,46.559157,15.656527,1769016276,100.00,5.00,waiting_at_station,46.554492,15.650439
2100,G1,46.552649,15.650305,1769016276,77.23,10.00,waiting_at_station,46.554492,15.650439
2200,G1,46.539870,15.649627,1769016276,80.62,10.00,waiting_at_station,46.554492,15.650439
2201,G1,46.540266,15.649709,1769016276,59.56,35.00,waiting_at_station,46.554492,15.650439
2202,G1,46.540018,15.649288,1769016276,52.21,35.00,waiting_at_station,46.554492,15.650439
2300,G1,46.532649,15.667837,1769016276,48.86,35.00,waiting_at_station,46.554492,15.650439
2301,G1,46.532476,15.667139,1769016276,61.22,20.00,waiting_at_station,46.554492,15.650439
2302,G1,46.532733,15.666613,1769016276,68.29,20.00,waiting_at_station,46.554492,15.650439
2600,G1,46.540021,15.648329,1769016276,77.22,10.00,waiting_at_station,46.554492,15.650439
2601,G1,46.539962,15.648084,1769016276,82.09,10.00,waiting_at_station,46.554492,15.650439
2700,G1,46.554474,15.650358,1769016276,79.60,10.00,waiting_at_station,46.554492,15.650439
2701,G1,46.554591,15.650921,1769016276,64.67,20.00,waiting_at_station,46.554492,15.650439
2800,G1,46.558850,15.655242,1769016276,85.86,10.00,waiting_at_station,46.554492,15.650439
2801,G1,46.558836,15.655683,1769016276,81.56,10.00,waiting_at_station,46.554492,15.650439
2802,G1,46.558570,15.655309,1769016276,60.77,20.00,waiting_at_station,46.554492,15.650439
5000,G1,46.554575,15.650435,1769016276,87.66,10.00,on_bus,46.554472,15.650448
5001,G1,46.554539,15.650197,1769016276,100.00,5.00,on_bus,46.554472,15.650448
5002,G1,46.554554,15.650248,1769016276,66.34,20.00,on_bus,46.554472,15.650448
5003,G1,46.554323,15.650559,1769016276,100.00,5.00,on_bus,46.554472,15.650448
5004,G1,46.554512,15.650715,1769016276,73.98,20.00,on_bus,46.554472,15.650448
2300,G1,46.532513,15.666908,1769016276,70.15,20.00,waiting_at_station,46.554472,15.650448
2301,G1,46.532512,15.667262,1769016276,78.34,10.00,waiting_at_station,46.554472,15.650448
2302,G1,46.532608,15.666551,1769016276,73.49,20.00,waiting_at_station,46.554472,15.650448
2400,G1,46.527553,15.684442,1769016276,60.50,20.00,waiting_at_station,46.554472,15.650448
2401,G1,46.527557,15.684730,1769016276,85.61,10.00,waiting_at_station,46.554472,15.650448
2600,G1,46.539825,15.648005,1769016276,76.29,10.00,waiting_at_station,46.554472,15.650448
2601,G1,46.539754,15.648254,1769016276,82.82,10.00,waiting_at_station,46.554472,15.650448
2700,G1,46.554055,15.650282,1769016276,67.54,20.00,waiting_at_station,46.554472,15.650448
2701,G1,46.554475,15.650727,1769016276,53.68,35.00,waiting_at_station,46.554472,15.650448
2702,G1,46.554020,15.651201,1769016276,74.90,20.00,waiting_at_station,46.554472,15.650448
2800,G1,46.558805,15.656121,1769016276,68.24,20.00,waiting_at_station,46.554472,15.650448
2801,G1,46.558460,15.655848,1769016276,83.37,10.00,waiting_at_station,46.554472,15.650448
5000,G1,46.554440,15.650533,1769016276,66.31,20.00,on_bus,46.554452,15.650456
5001,G1,46.554357,15.650618,1769016276,65.60,20.00,on_bus,46.554452,15.650456
5002,G1,46.554412,15.650420,1769016276,86.41,10.00,on_bus,46.554452,15.650456
5003,G1,46.554522,15.650420,1769016276,73.47,20.00,on_bus,46.554452,15.650456
2100,G1,46.552510,15.650401,1769016276,87.66,10.00,waiting_at_station,46.554452,15.650456
2101,G1,46.552669,15.651004,1769016276,84.39,10.00,waiting_at_station,46.554452,15.650456
2300,G1,46.532584,15.666808,1769016276,84.39,10.00,waiting_at_station,46.554452,15.650456
2301,G1,46.532887,15.666926,1769016276,64.94,20.00,waiting_at_station,46.554452,15.650456
5000,G1,46.554265,15.650579,1769016277,97.18,5.00,on_bus,46.554432,15.650465
5001,G1,46.554350,15.650420,1769016277,88.40,10.00,on_bus,46.554432,15.650465
2400,G1,46.527346,15.684380,1769016277,68.10,20.00,waiting_at_station,46.554432,15.650465
2401,G1,46.527802,15.684046,1769016277,69.21,20.00,waiting_at_station,46.554432,15.650465
2800,G1,46.558818,15.655691,1769016277,90.87,5.00,waiting_at_station,46.554432,15.650465
2801,G1,46.558398,15.656109,1769016277,58.91,35.00,waiting_at_station,46.554432,15.650465
2802,G1,46.558629,15.655789,1769016277,58.89,35.00,waiting_at_station,46.554432,15.650465
5000,G1,46.554380,15.650362,1769016277,68.57,20.00,on_bus,46.554411,15.650474
5001,G1,46.554426,15.650535,1769016277,66.03,20.00,on_bus,46.554411,15.650474
2000,G1,46.559440,15.655936,1769016277,86.61,10.00,waiting_at_station,46.554411,15.650474
2001,G1,46.559511,15.655915,1769016277,65.81,20.00,waiting_at_station,46.554411,15.650474
2002,G1,46.559214,15.656066,1769016277,82.97,10.00,waiting_at_station,46.554411,15.650474
2100,G1,46.552644,15.650182,1769016277,60.72,20.00,waiting_at_station,46.554411,15.650474
2101,G1,46.553053,15.649880,1769016277,62.88,20.00,waiting_at_station,46.554411,15.650474
2102,G1,46.552739,15.650165,1769016277,81.62,10.00,waiting_at_station,46.554411,15.650474
2400,G1,46.527450,15.684374,1769016277,88.33,10.00,waiting_at_station,46.554411,15.650474
2500,G1,46.530512,15.670541,1769016277,62.86,20.00,waiting_at_station,46.554411,15.650474
2501,G1,46.530732,15.670053,1769016277,63.07,20.00,waiting_at_station,46.554411,15.650474
2700,G1,46.554769,15.650152,1769016277,87.05,10.00,waiting_at_station,46.554411,15.650474
5000,G1,46.554178,15.650066,1769016278,78.30,10.00,on_bus,46.554391,15.650482
5001,G1,46.554303,15.650553,1769016278,81.86,10.00,on_bus,46.554391,15.650482
5002,G1,46.554429,15.650551,1769016278,83.93,10.00,on_bus,46.554391,15.650482
2200,G1,46.540756,15.650041,1769016278,82.26,10.00,waiting_at_station,46.554391,15.650482
2201,G1,46.540251,15.649753,1769016278,50.87,35.00,waiting_at_station,46.554391,15.650482
2202,G1,46.540135,15.649938,1769016278,99.26,5.00,waiting_at_station,46.554391,15.650482
2400,G1,46.527485,15.684374,1769016278,64.34,20.00,waiting_at_station,46.554391,15.650482
5100,G1,46.554511,15.650445,1769016277,49.05,35.00,on_bus,46.554371,15.650491
5101,G1,46.554406,15.650489,1769016277,91.57,5.00,on_bus,46.554371,15.650491
5102,G1,46.554253,15.650458,1769016277,100.00,5.00,on_bus,46.554371,15.650491
5103,G1,46.554355,15.650480,1769016277,73.12,20.00,on_bus,46.554371,15.650491
5104,G1,46.554277,15.650474,1769016277,59.22,35.00,on_bus,46.554371,15.650491
5105,G1,46.554431,15.650285,1769016277,59.77,35.00,on_bus,46.554371,15.650491
5100,G1,46.554256,15.650734,1769016277,59.18,35.00,on_bus,46.554317,15.650485
5101,G1,46.554261,15.650262,1769016277,83.33,10.00,on_bus,46.554317,15.650485
5102,G1,46.554331,15.650425,1769016277,72.83,20.00,on_bus,46.554317,15.650485
5103,G1,46.554126,15.650620,1769016277,56.54,35.00,on_bus,46.554317,15.650485
5104,G1,46.554291,15.650449,1769016277,99.08,5.00,on_bus,46.554317,15.650485
5100,G1,46.554265,15.650475,1769016279,84.92,10.00,on_bus,46.554263,15.650479
5101,G1,46.554378,15.650345,1769016279,100.00,5.00,on_bus,46.554263,15.650479
5102,G1,46.554197,15.650562,1769016279,55.98,35.00,on_bus,46.554263,15.650479
5103,G1,46.554215,15.650538,1769016279,91.85,5.00,on_bus,46.554263,15.650479
2000,G1,46.559674,15.655757,1769016279,71.47,20.00,waiting_at_station,46.554263,15.650479
2001,G1,46.559687,15.655684,1769016279,72.28,20.00,waiting_at_station,46.554263,15.650479
2400,G1,46.527395,15.684590,1769016279,61.39,20.00,waiting_at_station,46.554263,15.650479
2401,G1,46.527588,15.684645,1769016279,77.31,10.00,waiting_at_station,46.554263,15.650479
2402,G1,46.527483,15.684027,1769016279,83.59,10.00,waiting_at_station,46.554263,15.650479
2700,G1,46.554094,15.650874,1769016279,100.00,5.00,waiting_at_station,46.554263,15.650479
2701,G1,46.554385,15.650728,1769016279,83.50,10.00,waiting_at_station,46.554263,15.650479
2702,G1,46.554210,15.650052,1769016279,66.45,20.00,waiting_at_station,46.554263,15.650479
5100,G1,46.554242,15.650539,1769016279,85.26,10.00,on_bus,46.554209,15.650473
5101,G1,46.554235,15.650447,1769016279,75.81,10.00,on_bus,46.554209,15.650473
5102,G1,46.554178,15.650641,1769016279,91.07,5.00,on_bus,46.554209,15.650473
5103,G1,46.554087,15.650546,1769016279,50.89,35.00,on_bus,46.554209,15.650473
5104,G1,46.554168,15.650486,1769016279,90.41,5.00,on_bus,46.554209,15.650473
5105,G1,46.554215,15.650494,1769016279,75.16,10.00,on_bus,46.554209,15.650473
2000,G1,46.559679,15.655833,1769016279,74.37,20.00,waiting_at_station,46.554209,15.650473
2001,G1,46.559913,15.656200,1769016279,75.10,10.00,waiting_at_station,46.554209,15.650473
2002,G1,46.559528,15.656097,1769016279,100.00,5.00,waiting_at_station,46.554209,15.650473
2200,G1,46.539878,15.649787,1769016279,53.36,35.00,waiting_at_station,46.554209,15.650473
2500,G1,46.530915,15.670345,1769016279,64.76,20.00,waiting_at_station,46.554209,15.650473
2501,G1,46.530743,15.670208,1769016279,72.53,20.00,waiting_at_station,46.554209,15.650473
2600,G1,46.539923,15.648071,1769016279,93.65,5.00,waiting_at_station,46.554209,15.650473
2601,G1,46.540037,15.647954,1769016279,55.02,35.00,waiting_at_station,46.554209,15.650473
2700,G1,46.554373,15.650517,1769016279,71.59,20.00,waiting_at_station,46.554209,15.650473
2701,G1,46.553596,15.649641,1769016279,65.15,20.00,waiting_at_station,46.554209,15.650473
2702,G1,46.554731,15.650010,1769016279,89.19,10.00,waiting_at_station,46.554209,15.650473
5100,G1,46.554120,15.650232,1769016280,94.68,5.00,on_bus,46.554155,15.650467
5101,G1,46.553992,15.650331,1769016280,76.57,10.00,on_bus,46.554155,15.650467
5102,G1,46.554132,15.650411,1769016280,66.07,20.00,on_bus,46.554155,15.650467
5103,G1,46.554020,15.650666,1769016280,72.19,20.00,on_bus,46.554155,15.650467
5104,G1,46.554164,15.650269,1769016280,99.70,5.00,on_bus,46.554155,15.650467
5105,G1,46.554180,15.650329,1769016280,76.02,10.00,on_bus,46.554155,15.650467
2300,G1,46.532495,15.666984,1769016280,75.30,10.00,waiting_at_station,46.554155,15.650467
2301,G1,46.532652,15.666433,1769016280,87.50,10.00,waiting_at_station,46.554155,15.650467
2302,G1,46.532580,15.666490,1769016280,82.03,10.00,waiting_at_station,46.554155,15.650467
5200,G1,46.554062,15.650504,1769016279,64.09,20.00,on_bus,46.554101,15.650461
5201,G1,46.554095,15.650466,1769016279,83.02,10.00,on_bus,46.554101,15.650461
2300,G1,46.532581,15.666633,1769016279,62.20,20.00,waiting_at_station,46.554101,15.650461
2301,G1,46.532553,15.666757,1769016279,69.59,20.00,waiting_at_station,46.554101,15.650461
2700,G1,46.554373,15.650599,1769016279,38.39,50.00,waiting_at_station,46.554101,15.650461
2701,G1,46.554326,15.650270,1769016279,84.05,10.00,waiting_at_station,46.554101,15.650461
5200,G1,46.554053,15.650445,1769016280,60.82,20.00,on_bus,46.554020,15.650437
5201,G1,46.553872,15.650412,1769016280,57.70,35.00,on_bus,46.554020,15.650437
5202,G1,46.553848,15.650399,1769016280,85.31,10.00,on_bus,46.554020,15.650437
5203,G1,46.554040,15.650480,1769016280,91.10,5.00,on_bus,46.554020,15.650437
2400,G1,46.527568,15.684225,1769016280,67.21,20.00,waiting_at_station,46.554020,15.650437
2401,G1,46.527336,15.684161,1769016280,76.55,10.00,waiting_at_station,46.554020,15.650437
5200,G1,46.553867,15.650350,1769016281,43.70,50.00,on_bus,46.553938,15.650414
5201,G1,46.553989,15.650223,1769016281,74.88,20.00,on_bus,46.553938,15.650414
5202,G1,46.553971,15.650435,1769016281,86.64,10.00,on_bus,46.553938,15.650414
5203,G1,46.554227,15.650373,1769016281,79.03,10.00,on_bus,46.553938,15.650414
5204,G1,46.553865,15.650501,1769016281,77.94,10.00,on_bus,46.553938,15.650414
2200,G1,46.540105,15.649619,1769016281,80.91,10.00,waiting_at_station,46.553938,15.650414
2201,G1,46.540164,15.649878,1769016281,80.05,10.00,waiting_at_station,46.553938,15.650414
2202,G1,46.540090,15.649903,1769016281,86.98,10.00,waiting_at_station,46.553938,15.650414
2400,G1,46.527458,15.684348,1769016281,89.31,10.00,waiting_at_station,46.553938,15.650414
2700,G1,46.554544,15.650526,1769016281,100.00,5.00,waiting_at_station,46.553938,15.650414
2701,G1,46.554340,15.650443,1769016281,96.09,5.00,waiting_at_station,46.553938,15.650414
2702,G1,46.554673,15.650254,1769016281,87.20,10.00,waiting_at_station,46.553938,15.650414
5200,G1,46.553937,15.650429,1769016282,91.59,5.00,on_bus,46.553857,15.650390
5201,G1,46.554017,15.650554,1769016282,100.00,5.00,on_bus,46.553857,15.650390
5202,G1,46.553867,15.650395,1769016282,61.30,20.00,on_bus,46.553857,15.650390
5203,G1,46.553991,15.650303,1769016282,100.00,5.00,on_bus,46.553857,15.650390
2100,G1,46.552790,15.649633,1769016282,63.35,20.00,waiting_at_station,46.553857,15.650390
2101,G1,46.552447,15.651108,1769016282,96.29,5.00,waiting_at_station,46.553857,15.650390
2102,G1,46.552879,15.650214,1769016282,75.83,10.00,waiting_at_station,46.553857,15.650390
2600,G1,46.539929,15.648131,1769016282,64.82,20.00,waiting_at_station,46.553857,15.650390
2601,G1,46.539887,15.647959,1769016282,48.47,35.00,waiting_at_station,46.553857,15.650390
2602,G1,46.539934,15.648026,1769016282,65.21,20.00,waiting_at_station,46.553857,15.650390
2800,G1,46.558414,15.655921,1769016282,52.74,35.00,waiting_at_station,46.553857,15.650390
2801,G1,46.558633,15.655906,1769016282,49.42,35.00,waiting_at_station,46.553857,15.650390
2802,G1,46.558595,15.656151,1769016282,45.38,35.00,waiting_at_station,46.553857,15.650390
5300,G1,46.553667,15.650270,1769016281,79.79,10.00,on_bus,46.553776,15.650367
5301,G1,46.553877,15.650125,1769016281,76.92,10.00,on_bus,46.553776,15.650367
2200,G1,46.540290,15.649855,1769016281,79.33,10.00,waiting_at_station,46.553776,15.650367
2600,G1,46.539742,15.647995,1769016281,67.33,20.00,waiting_at_station,46.553776,15.650367
2601,G1,46.539835,15.648195,1769016281,84.03,10.00,waiting_at_station,46.553776,15.650367
2602,G1,46.539854,15.648052,1769016281,80.30,10.00,waiting_at_station,46.553776,15.650367
5300,G1,46.553724,15.650384,1769016282,86.69,10.00,on_bus,46.553706,15.650355
5301,G1,46.553783,15.650394,1769016282,75.78,10.00,on_bus,46.553706,15.650355
5302,G1,46.553688,15.650360,1769016282,43.71,50.00,on_bus,46.553706,15.650355
5303,G1,46.553686,15.650457,1769016282,85.64,10.00,on_bus,46.553706,15.650355
5304,G1,46.553713,15.650293,1769016282,92.36,5.00,on_bus,46.553706,15.650355
5305,G1,46.553738,15.650409,1769016282,79.38,10.00,on_bus,46.553706,15.650355
2300,G1,46.532441,15.667000,1769016282,97.14,5.00,waiting_at_station,46.553706,15.650355
2800,G1,46.558387,15.655790,1769016282,74.00,20.00,waiting_at_station,46.553706,15.650355
2801,G1,46.558304,15.656044,1769016282,83.24,10.00,waiting_at_station,46.553706,15.650355
2802,G1,46.558853,15.656148,1769016282,66.18,20.00,waiting_at_station,46.553706,15.650355
5300,G1,46.553650,15.650418,1769016283,90.35,5.00,on_bus,46.553635,15.650342
5301,G1,46.553681,15.650310,1769016283,70.20,20.00,on_bus,46.553635,15.650342
5302,G1,46.553701,15.650475,1769016283,87.84,10.00,on_bus,46.553635,15.650342
5303,G1,46.553626,15.650362,1769016283,99.52,5.00,on_bus,46.553635,15.650342
5304,G1,46.553688,15.650355,1769016283,80.18,10.00,on_bus,46.553635,15.650342
2200,G1,46.539768,15.650619,1769016283,45.31,35.00,waiting_at_station,46.553635,15.650342
2500,G1,46.530562,15.670019,1769016283,57.68,35.00,waiting_at_station,46.553635,15.650342
2501,G1,46.530847,15.670234,1769016283,82.93,10.00,waiting_at_station,46.553635,15.650342
2502,G1,46.530781,15.670441,1769016283,80.51,10.00,waiting_at_station,46.553635,15.650342
5300,G1,46.553521,15.650309,1769016285,68.48,20.00,on_bus,46.553565,15.650330
5301,G1,46.553502,15.650233,1769016285,71.58,20.00,on_bus,46.553565,15.650330
5302,G1,46.553380,15.650354,1769016285,78.86,10.00,on_bus,46.553565,15.650330
5303,G1,46.553535,15.650294,1769016285,73.63,20.00,on_bus,46.553565,15.650330
5304,G1,46.553460,15.650413,1769016285,80.34,10.00,on_bus,46.553565,15.650330
5305,G1,46.553546,15.650257,1769016285,89.46,10.00,on_bus,46.553565,15.650330
2000,G1,46.559230,15.655590,1769016285,87.78,10.00,waiting_at_station,46.553565,15.650330
2300,G1,46.532832,15.666729,1769016285,76.87,10.00,waiting_at_station,46.553565,15.650330
2600,G1,46.539995,15.647771,1769016285,88.61,10.00,waiting_at_station,46.553565,15.650330
2601,G1,46.539997,15.648355,1769016285,91.54,5.00,waiting_at_station,46.553565,15.650330
2700,G1,46.554359,15.650531,1769016285,46.14,35.00,waiting_at_station,46.553565,15.650330
2701,G1,46.554303,15.650520,1769016285,80.68,10.00,waiting_at_station,46.553565,15.650330
2702,G1,46.554383,15.650362,1769016285,79.09,10.00,waiting_at_station,46.553565,15.650330
2800,G1,46.558502,15.655732,1769016285,71.36,20.00,waiting_at_station,46.553565,15.650330
2801,G1,46.558583,15.655976,1769016285,63.79,20.00,waiting_at_station,46.553565,15.650330
2802,G1,46.558577,15.655696,1769016285,72.64,20.00,waiting_at_station,46.553565,15.650330
5300,G1,46.553471,15.650265,1769016285,93.07,5.00,on_bus,46.553495,15.650318
5301,G1,46.553512,15.650202,1769016285,53.75,35.00,on_bus,46.553495,15.650318
5302,G1,46.553518,15.650327,1769016285,62.94,20.00,on_bus,46.553495,15.650318
5303,G1,46.553589,15.650436,1769016285,100.00,5.00,on_bus,46.553495,15.650318
5304,G1,46.553487,15.650299,1769016285,65.34,20.00,on_bus,46.553495,15.650318
2500,G1,46.530709,15.670590,1769016285,85.22,10.00,waiting_at_station,46.553495,15.650318
2501,G1,46.530921,15.669972,1769016285,76.84,10.00,waiting_at_station,46.553495,15.650318
2502,G1,46.530414,15.670089,1769016285,73.32,20.00,waiting_at_station,46.553495,15.650318
2700,G1,46.554291,15.650678,1769016285,76.54,10.00,waiting_at_station,46.553495,15.650318
2701,G1,46.554398,15.650376,1769016285,72.06,20.00,waiting_at_station,46.553495,15.650318
5400,G1,46.553393,15.650305,1769016284,73.40,20.00,on_bus,46.553425,15.650306
5401,G1,46.553384,15.650297,1769016284,61.33,20.00,on_bus,46.553425,15.650306
5402,G1,46.553454,15.650244,1769016284,93.56,5.00,on_bus,46.553425,15.650306
5403,G1,46.553310,15.650128,1769016284,100.00,5.00,on_bus,46.553425,15.650306
2000,G1,46.559542,15.656196,1769016284,94.97,5.00,waiting_at_station,46.553425,15.650306
2500,G1,46.530994,15.670993,1769016284,75.66,10.00,waiting_at_station,46.553425,15.650306
2501,G1,46.530738,15.670004,1769016284,56.36,35.00,waiting_at_station,46.553425,15.650306
5400,G1,46.553319,15.650253,1769016286,91.20,5.00,on_bus,46.553303,15.650285
5401,G1,46.553267,15.650341,1769016286,99.74,5.00,on_bus,46.553303,15.650285
5402,G1,46.553271,15.650320,1769016286,70.47,20.00,on_bus,46.553303,15.650285
5403,G1,46.553177,15.650252,1769016286,68.95,20.00,on_bus,46.553303,15.650285
5404,G1,46.553368,15.650165,1769016286,79.90,10.00,on_bus,46.553303,15.650285
2200,G1,46.539947,15.649733,1769016286,69.37,20.00,waiting_at_station,46.553303,15.650285
2300,G1,46.532322,15.666772,1769016286,83.22,10.00,waiting_at_station,46.553303,15.650285
2700,G1,46.554491,15.650401,1769016286,74.11,20.00,waiting_at_station,46.553303,15.650285
5400,G1,46.553168,15.650276,1769016287,80.23,10.00,on_bus,46.553182,15.650264
5401,G1,46.553174,15.650269,1769016287,100.00,5.00,on_bus,46.553182,15.650264
2200,G1,46.540273,15.650222,1769016287,66.73,20.00,waiting_at_station,46.553182,15.650264
2300,G1,46.532499,15.666897,1769016287,70.82,20.00,waiting_at_station,46.553182,15.650264
2301,G1,46.532340,15.667147,1769016287,96.82,5.00,waiting_at_station,46.553182,15.650264
5500,G1,46.553048,15.650097,1769016287,64.88,20.00,on_bus,46.553060,15.650243
5501,G1,46.553139,15.650246,1769016287,93.51,5.00,on_bus,46.553060,15.650243
5502,G1,46.553090,15.650299,1769016287,79.44,10.00,on_bus,46.553060,15.650243
5503,G1,46.553166,15.650217,1769016287,81.21,10.00,on_bus,46.553060,15.650243
5504,G1,46.553228,15.650040,1769016287,82.38,10.00,on_bus,46.553060,15.650243
5505,G1,46.553079,15.650204,1769016287,78.54,10.00,on_bus,46.553060,15.650243
2000,G1,46.559417,15.656299,1769016287,60.83,20.00,waiting_at_station,46.553060,15.650243
2001,G1,46.560134,15.655812,1769016287,56.17,35.00,waiting_at_station,46.553060,15.650243
2300,G1,46.532078,15.666275,1769016287,75.89,10.00,waiting_at_station,46.553060,15.650243
2301,G1,46.532220,15.666780,1769016287,79.64,10.00,waiting_at_station,46.553060,15.650243
2700,G1,46.554723,15.650784,1769016287,75.73,10.00,waiting_at_station,46.553060,15.650243
2701,G1,46.554584,15.649427,1769016287,86.64,10.00,waiting_at_station,46.553060,15.650243
2702,G1,46.554441,15.650582,1769016287,88.89,10.00,waiting_at_station,46.553060,15.650243
5500,G1,46.552959,15.650205,1769016287,38.56,50.00,on_bus,46.552963,15.650231
5501,G1,46.552901,15.650371,1769016287,69.34,20.00,on_bus,46.552963,15.650231
2000,G1,46.559918,15.656144,1769016287,98.03,5.00,waiting_at_station,46.552963,15.650231
2001,G1,46.559589,15.655959,1769016287,66.59,20.00,waiting_at_station,46.552963,15.650231
2002,G1,46.559590,15.656272,1769016287,89.68,10.00,waiting_at_station,46.552963,15.650231
2300,G1,46.532469,15.667151,1769016287,100.00,5.00,waiting_at_station,46.552963,15.650231
2301,G1,46.532439,15.666754,1769016287,60.77,20.00,waiting_at_station,46.552963,15.650231
2302,G1,46.532519,15.666841,1769016287,66.96,20.00,waiting_at_station,46.552963,15.650231
2600,G1,46.539812,15.648001,1769016287,88.20,10.00,waiting_at_station,46.552963,15.650231
2601,G1,46.539968,15.647976,1769016287,47.46,35.00,waiting_at_station,46.552963,15.650231
2800,G1,46.558387,15.655174,1769016287,57.66,35.00,waiting_at_station,46.552963,15.650231
5500,G1,46.552846,15.650217,1769016289,77.85,10.00,on_bus,46.552867,15.650220
5501,G1,46.552812,15.650110,1769016289,88.13,10.00,on_bus,46.552867,15.650220
2000,G1,46.559759,15.655629,1769016289,72.37,20.00,waiting_at_station,46.552867,15.650220
2100,G1,46.552534,15.650643,1769016289,73.61,20.00,waiting_at_station,46.552867,15.650220
2101,G1,46.552747,15.650025,1769016289,67.81,20.00,waiting_at_station,46.552867,15.650220
2700,G1,46.554294,15.650565,1769016289,93.05,5.00,waiting_at_station,46.552867,15.650220
2701,G1,46.554654,15.650571,1769016289,80.26,10.00,waiting_at_station,46.552867,15.650220
5500,G1,46.552704,15.650329,1769016290,85.00,10.00,on_bus,46.552770,15.650208
5501,G1,46.552790,15.650331,1769016290,67.70,20.00,on_bus,46.552770,15.650208
5502,G1,46.552756,15.650233,1769016290,61.11,20.00,on_bus,46.552770,15.650208
5503,G1,46.552703,15.650130,1769016290,70.48,20.00,on_bus,46.552770,15.650208
5504,G1,46.552793,15.650172,1769016290,88.79,10.00,on_bus,46.552770,15.650208
2100,G1,46.552067,15.650096,1769016290,68.11,20.00,waiting_at_station,46.552770,15.650208
2101,G1,46.553443,15.649360,1769016290,74.21,20.00,waiting_at_station,46.552770,15.650208
2200,G1,46.539881,15.649569,1769016290,67.49,20.00,waiting_at_station,46.552770,15.650208
2201,G1,46.540364,15.649596,1769016290,82.11,10.00,waiting_at_station,46.552770,15.650208
2202,G1,46.539915,15.649791,1769016290,88.60,10.00,waiting_at_station,46.552770,15.650208
2600,G1,46.540007,15.648156,1769016290,67.83,20.00,waiting_at_station,46.552770,15.650208
2601,G1,46.539643,15.648139,1769016290,89.93,10.00,waiting_at_station,46.552770,15.650208
2800,G1,46.558556,15.655855,1769016290,60.99,20.00,waiting_at_station,46.552770,15.650208
2801,G1,46.558858,15.655941,1769016290,94.63,5.00,waiting_at_station,46.552770,15.650208
2802,G1,46.558548,15.656072,1769016290,66.34,20.00,waiting_at_station,46.552770,15.650208
5600,G1,46.552824,15.650199,1769016289,34.95,50.00,on_bus,46.552673,15.650197
5601,G1,46.552589,15.650205,1769016289,70.12,20.00,on_bus,46.552673,15.650197
5602,G1,46.552710,15.650222,1769016289,92.25,5.00,on_bus,46.552673,15.650197
5603,G1,46.552557,15.650094,1769016289,82.74,10.00,on_bus,46.552673,15.650197
5604,G1,46.552707,15.650316,1769016289,82.19,10.00,on_bus,46.552673,15.650197
2000,G1,46.559562,15.656687,1769016289,99.59,5.00,waiting_at_station,46.552673,15.650197
2001,G1,46.559511,15.656052,1769016289,78.21,10.00,waiting_at_station,46.552673,15.650197
2002,G1,46.559695,15.656375,1769016289,54.31,35.00,waiting_at_station,46.552673,15.650197
2300,G1,46.532433,15.667134,1769016289,30.08,50.00,waiting_at_station,46.552673,15.650197
5600,G1,46.552556,15.650099,1769016290,74.10,20.00,on_bus,46.552611,15.650184
5601,G1,46.552658,15.650116,1769016290,100.00,5.00,on_bus,46.552611,15.650184
5602,G1,46.552686,15.650176,1769016290,73.47,20.00,on_bus,46.552611,15.650184
5603,G1,46.552578,15.650332,1769016290,76.67,10.00,on_bus,46.552611,15.650184
5604,G1,46.552667,15.650190,1769016290,58.09,35.00,on_bus,46.552611,15.650184
5605,G1,46.552603,15.650153,1769016290,69.30,20.00,on_bus,46.552611,15.650184
2000,G1,46.559432,15.656419,1769016290,73.65,20.00,waiting_at_station,46.552611,15.650184
2001,G1,46.559561,15.655940,1769016290,99.78,5.00,waiting_at_station,46.552611,15.650184
2002,G1,46.559490,15.656012,1769016290,67.04,20.00,waiting_at_station,46.552611,15.650184
5600,G1,46.552563,15.650341,1769016291,78.63,10.00,on_bus,46.552549,15.650171
5601,G1,46.552477,15.650169,1769016291,80.48,10.00,on_bus,46.552549,15.650171
5602,G1,46.552511,15.650277,1769016291,86.27,10.00,on_bus,46.552549,15.650171
5603,G1,46.552576,15.650194,1769016291,66.49,20.00,on_bus,46.552549,15.650171
5604,G1,46.552546,15.650375,1769016291,75.74,10.00,on_bus,46.552549,15.650171
5600,G1,46.552462,15.650247,1769016291,90.12,5.00,on_bus,46.552487,15.650158
5601,G1,46.552478,15.650133,1769016291,85.11,10.00,on_bus,46.552487,15.650158
5602,G1,46.552493,15.649995,1769016291,65.50,20.00,on_bus,46.552487,15.650158
5603,G1,46.552538,15.650149,1769016291,81.17,10.00,on_bus,46.552487,15.650158
5604,G1,46.552508,15.650109,1769016291,61.35,20.00,on_bus,46.552487,15.650158
5605,G1,46.552547,15.650224,1769016291,57.62,35.00,on_bus,46.552487,15.650158
2200,G1,46.539958,15.649640,1769016291,76.57,10.00,waiting_at_station,46.552487,15.650158
2201,G1,46.540030,15.649597,1769016291,82.50,10.00,waiting_at_station,46.552487,15.650158
2300,G1,46.532356,15.667009,1769016291,78.20,10.00,waiting_at_station,46.552487,15.650158
2301,G1,46.532557,15.667639,1769016291,85.29,10.00,waiting_at_station,46.552487,15.650158
2302,G1,46.532292,15.666782,1769016291,92.88,5.00,waiting_at_station,46.552487,15.650158
2500,G1,46.530955,15.669962,1769016291,78.94,10.00,waiting_at_station,46.552487,15.650158
2501,G1,46.530411,15.670224,1769016291,65.25,20.00,waiting_at_station,46.552487,15.650158
2502,G1,46.530898,15.670200,1769016291,73.24,20.00,waiting_at_station,46.552487,15.650158
2700,G1,46.554386,15.650084,1769016291,86.91,10.00,waiting_at_station,46.552487,15.650158
2701,G1,46.554245,15.650690,1769016291,72.30,20.00,waiting_at_station,46.552487,15.650158
2800,G1,46.558674,15.655694,1769016291,100.00,5.00,waiting_at_station,46.552487,15.650158
2801,G1,46.558508,15.656094,1769016291,90.23,5.00,waiting_at_station,46.552487,15.650158
2802,G1,46.559002,15.655603,1769016291,84.25,10.00,waiting_at_station,46.552487,15.650158
5600,G1,46.552421,15.650160,1769016293,72.71,20.00,on_bus,46.552424,15.650146
5601,G1,46.552538,15.650076,1769016293,50.18,35.00,on_bus,46.552424,15.650146
5602,G1,46.552338,15.650025,1769016293,100.00,5.00,on_bus,46.552424,15.650146
5603,G1,46.552369,15.650044,1769016293,76.19,10.00,on_bus,46.552424,15.650146
5604,G1,46.552468,15.650139,1769016293,86.97,10.00,on_bus,46.552424,15.650146
5605,G1,46.552383,15.650080,1769016293,61.09,20.00,on_bus,46.552424,15.650146
2300,G1,46.532432,15.666872,1769016293,71.28,20.00,waiting_at_station,46.552424,15.650146
5600,G1,46.552329,15.650102,1769016294,70.13,20.00,on_bus,46.552362,15.650133
5601,G1,46.552399,15.650114,1769016294,72.45,20.00,on_bus,46.552362,15.650133
5602,G1,46.552387,15.650108,1769016294,74.80,20.00,on_bus,46.552362,15.650133
5603,G1,46.552294,15.650413,1769016294,76.12,10.00,on_bus,46.552362,15.650133
5604,G1,46.552249,15.650123,1769016294,67.72,20.00,on_bus,46.552362,15.650133
2700,G1,46.554278,15.650342,1769016294,56.82,35.00,waiting_at_station,46.552362,15.650133
2701,G1,46.554542,15.650602,1769016294,75.70,10.00,waiting_at_station,46.552362,15.650133
2702,G1,46.554519,15.651155,1769016294,62.42,20.00,waiting_at_station,46.552362,15.650133
2800,G1,46.558758,15.655791,1769016294,83.28,10.00,waiting_at_station,46.552362,15.650133
2801,G1,46.558697,15.655350,1769016294,43.96,50.00,waiting_at_station,46.552362,15.650133
2802,G1,46.558303,15.655652,1769016294,54.48,35.00,waiting_at_station,46.552362,15.650133
5700,G1,46.552234,15.650093,1769016292,68.65,20.00,on_bus,46.552300,15.650120
5701,G1,46.552300,15.650083,1769016292,69.74,20.00,on_bus,46.552300,15.650120
5702,G1,46.552303,15.650103,1769016292,77.37,10.00,on_bus,46.552300,15.650120
5703,G1,46.552211,15.650134,1769016292,89.48,10.00,on_bus,46.552300,15.650120
2100,G1,46.552778,15.650479,1769016292,81.85,10.00,waiting_at_station,46.552300,15.650120
5700,G1,46.552316,15.650246,1769016292,55.64,35.00,on_bus,46.552243,15.650102
5701,G1,46.552283,15.649975,1769016292,100.00,5.00,on_bus,46.552243,15.650102
5702,G1,46.552281,15.650005,1769016292,81.47,10.00,on_bus,46.552243,15.650102
5703,G1,46.552182,15.650187,1769016292,94.72,5.00,on_bus,46.552243,15.650102
5704,G1,46.552257,15.650120,1769016292,90.09,5.00,on_bus,46.552243,15.650102
2600,G1,46.539877,15.648611,1769016292,57.68,35.00,waiting_at_station,46.552243,15.650102
2601,G1,46.539849,15.648287,1769016292,79.39,10.00,waiting_at_station,46.552243,15.650102
2800,G1,46.558568,15.656016,1769016292,54.65,35.00,waiting_at_station,46.552243,15.650102
5700,G1,46.552202,15.650033,1769016294,77.69,10.00,on_bus,46.552187,15.650083
5701,G1,46.552154,15.650019,1769016294,90.65,5.00,on_bus,46.552187,15.650083
5702,G1,46.552169,15.650124,1769016294,98.63,5.00,on_bus,46.552187,15.650083
5703,G1,46.552169,15.650072,1769016294,56.94,35.00,on_bus,46.552187,15.650083
5704,G1,46.552175,15.650061,1769016294,77.56,10.00,on_bus,46.552187,15.650083
2100,G1,46.552181,15.651372,1769016294,77.07,10.00,waiting_at_station,46.552187,15.650083
2101,G1,46.553048,15.650202,1769016294,59.41,35.00,waiting_at_station,46.552187,15.650083
2300,G1,46.532306,15.667273,1769016294,59.12,35.00,waiting_at_station,46.552187,15.650083
2301,G1,46.532312,15.666583,1769016294,84.19,10.00,waiting_at_station,46.552187,15.650083
2302,G1,46.532215,15.665479,1769016294,76.69,10.00,waiting_at_station,46.552187,15.650083
2800,G1,46.558404,15.655458,1769016294,86.71,10.00,waiting_at_station,46.552187,15.650083
5700,G1,46.552032,15.650022,1769016294,87.40,10.00,on_bus,46.552130,15.650065
5701,G1,46.552145,15.650268,1769016294,77.43,10.00,on_bus,46.552130,15.650065
5702,G1,46.552148,15.650180,1769016294,89.38,10.00,on_bus,46.552130,15.650065
5703,G1,46.552189,15.650120,1769016294,72.95,20.00,on_bus,46.552130,15.650065
5704,G1,46.552140,15.650034,1769016294,85.13,10.00,on_bus,46.552130,15.650065
2100,G1,46.552575,15.649160,1769016294,66.39,20.00,waiting_at_station,46.552130,15.650065
2101,G1,46.552822,15.650303,1769016294,85.06,10.00,waiting_at_station,46.552130,15.650065
2102,G1,46.552838,15.650279,1769016294,83.11,10.00,waiting_at_station,46.552130,15.650065
2200,G1,46.540342,15.649714,1769016294,55.12,35.00,waiting_at_station,46.552130,15.650065
2201,G1,46.540141,15.649830,1769016294,64.47,20.00,waiting_at_station,46.552130,15.650065
2202,G1,46.540173,15.649338,1769016294,86.06,10.00,waiting_at_station,46.552130,15.650065
2600,G1,46.539684,15.647972,1769016294,69.86,20.00,waiting_at_station,46.552130,15.650065
2700,G1,46.554335,15.650645,1769016294,73.00,20.00,waiting_at_station,46.552130,15.650065
5700,G1,46.552181,15.650090,1769016295,73.19,20.00,on_bus,46.552073,15.650046
5701,G1,46.552092,15.650125,1769016295,74.97,20.00,on_bus,46.552073,15.650046
2200,G1,46.540445,15.650375,1769016295,74.11,20.00,waiting_at_station,46.552073,15.650046
2201,G1,46.540183,15.649665,1769016295,91.28,5.00,waiting_at_station,46.552073,15.650046
2202,G1,46.540114,15.649742,1769016295,46.78,35.00,waiting_at_station,46.552073,15.650046
2300,G1,46.532545,15.666964,1769016295,60.83,20.00,waiting_at_station,46.552073,15.650046
2301,G1,46.532285,15.666700,1769016295,65.93,20.00,waiting_at_station,46.552073,15.650046
2302,G1,46.532612,15.666513,1769016295,67.81,20.00,waiting_at_station,46.552073,15.650046
2400,G1,46.527314,15.685007,1769016295,56.73,35.00,waiting_at_station,46.552073,15.650046
2401,G1,46.527285,15.684210,1769016295,70.86,20.00,waiting_at_station,46.552073,15.650046
2402,G1,46.527669,15.684220,1769016295,60.23,20.00,waiting_at_station,46.552073,15.650046
5700,G1,46.552062,15.649943,1769016296,65.32,20.00,on_bus,46.552017,15.650028
5701,G1,46.551920,15.650090,1769016296,88.83,10.00,on_bus,46.552017,15.650028
5702,G1,46.552020,15.650066,1769016296,92.42,5.00,on_bus,46.552017,15.650028
5703,G1,46.551997,15.650000,1769016296,64.17,20.00,on_bus,46.552017,15.650028
2000,G1,46.559488,15.655786,1769016296,50.49,35.00,waiting_at_station,46.552017,15.650028
2001,G1,46.559330,15.656108,1769016296,58.01,35.00,waiting_at_station,46.552017,15.650028
2400,G1,46.527614,15.684271,1769016296,75.86,10.00,waiting_at_station,46.552017,15.650028
2500,G1,46.530745,15.670357,1769016296,94.50,5.00,waiting_at_station,46.552017,15.650028
2501,G1,46.530603,15.669766,1769016296,95.57,5.00,waiting_at_station,46.552017,15.650028
2700,G1,46.554745,15.650012,1769016296,70.97,20.00,waiting_at_station,46.552017,15.650028
2701,G1,46.553872,15.651264,1769016296,94.09,5.00,waiting_at_station,46.552017,15.650028
2702,G1,46.554209,15.650483,1769016296,65.31,20.00,waiting_at_station,46.552017,15.650028
2800,G1,46.558162,15.655103,1769016296,73.13,20.00,waiting_at_station,46.552017,15.650028
2801,G1,46.558390,15.655531,1769016296,56.21,35.00,waiting_at_station,46.552017,15.650028
5800,G1,46.551926,15.650220,1769016295,64.29,20.00,on_bus,46.551960,15.650009
5801,G1,46.551908,15.650078,1769016295,74.48,20.00,on_bus,46.551960,15.650009
5802,G1,46.552001,15.650195,1769016295,68.05,20.00,on_bus,46.551960,15.650009
5803,G1,46.551949,15.650106,1769016295,68.47,20.00,on_bus,46.551960,15.650009
5804,G1,46.551911,15.649991,1769016295,100.00,5.00,on_bus,46.551960,15.650009
5805,G1,46.551978,15.649931,1769016295,93.51,5.00,on_bus,46.551960,15.650009
2300,G1,46.532587,15.666828,1769016295,71.53,20.00,waiting_at_station,46.551960,15.650009
2400,G1,46.527173,15.684788,1769016295,78.50,10.00,waiting_at_station,46.551960,15.650009
2401,G1,46.527554,15.684259,1769016295,66.65,20.00,waiting_at_station,46.551960,15.650009
2402,G1,46.527623,15.684188,1769016295,69.87,20.00,waiting_at_station,46.551960,15.650009
2500,G1,46.530582,15.670012,1769016295,91.18,5.00,waiting_at_station,46.551960,15.650009
2700,G1,46.554504,15.650155,1769016295,84.64,10.00,waiting_at_station,46.551960,15.650009
2701,G1,46.554337,15.650380,1769016295,87.82,10.00,waiting_at_station,46.551960,15.650009
2702,G1,46.554264,15.650885,1769016295,84.31,10.00,waiting_at_station,46.551960,15.650009
2800,G1,46.558597,15.655934,1769016295,81.72,10.00,waiting_at_station,46.551960,15.650009
5800,G1,46.551986,15.650202,1769016295,73.12,20.00,on_bus,46.551890,15.650010
5801,G1,46.551842,15.650017,1769016295,81.75,10.00,on_bus,46.551890,15.650010
5802,G1,46.551993,15.649934,1769016295,89.80,10.00,on_bus,46.551890,15.650010
5803,G1,46.551941,15.650034,1769016295,68.80,20.00,on_bus,46.551890,15.650010
5804,G1,46.551829,15.649925,1769016295,91.92,5.00,on_bus,46.551890,15.650010
5805,G1,46.551940,15.649929,1769016295,82.81,10.00,on_bus,46.551890,15.650010
2800,G1,46.558428,15.655479,1769016295,84.95,10.00,waiting_at_station,46.551890,15.650010
5800,G1,46.551882,15.650038,1769016296,61.26,20.00,on_bus,46.551821,15.650010
5801,G1,46.551750,15.649985,1769016296,94.82,5.00,on_bus,46.551821,15.650010
5802,G1,46.551816,15.650151,1769016296,86.71,10.00,on_bus,46.551821,15.650010
2100,G1,46.552469,15.649954,1769016296,90.80,5.00,waiting_at_station,46.551821,15.650010
2101,G1,46.552501,15.649893,1769016296,46.53,35.00,waiting_at_station,46.551821,15.650010
2102,G1,46.552701,15.650198,1769016296,87.93,10.00,waiting_at_station,46.551821,15.650010
2200,G1,46.540280,15.650220,1769016296,100.00,5.00,waiting_at_station,46.551821,15.650010
2600,G1,46.539711,15.648341,1769016296,75.96,10.00,waiting_at_station,46.551821,15.650010
2601,G1,46.539925,15.647749,1769016296,77.19,10.00,waiting_at_station,46.551821,15.650010
2602,G1,46.539868,15.648181,1769016296,89.10,10.00,waiting_at_station,46.551821,15.650010
5800,G1,46.551787,15.650039,1769016298,56.37,35.00,on_bus,46.551751,15.650011
5801,G1,46.551737,15.650105,1769016298,82.74,10.00,on_bus,46.551751,15.650011
5802,G1,46.551814,15.650238,1769016298,49.31,35.00,on_bus,46.551751,15.650011
2000,G1,46.559904,15.656727,1769016298,91.04,5.00,waiting_at_station,46.551751,15.650011
2001,G1,46.559476,15.656291,1769016298,76.95,10.00,waiting_at_station,46.551751,15.650011
2200,G1,46.540171,15.649490,1769016298,81.34,10.00,waiting_at_station,46.551751,15.650011
2500,G1,46.531023,15.670325,1769016298,65.44,20.00,waiting_at_station,46.551751,15.650011
2501,G1,46.530440,15.670675,1769016298,78.39,10.00,waiting_at_station,46.551751,15.650011
2502,G1,46.530840,15.670209,1769016298,52.32,35.00,waiting_at_station,46.551751,15.650011
2600,G1,46.539705,15.648211,1769016298,57.66,35.00,waiting_at_station,46.551751,15.650011
2800,G1,46.558482,15.655861,1769016298,63.02,20.00,waiting_at_station,46.551751,15.650011
2801,G1,46.558623,15.655690,1769016298,80.60,10.00,waiting_at_station,46.551751,15.650011
2802,G1,46.558554,15.655547,1769016298,100.00,5.00,waiting_at_station,46.551751,15.650011
5900,G1,46.551662,15.650045,1769016297,78.00,10.00,on_bus,46.551681,15.650011
5901,G1,46.551724,15.650012,1769016297,70.99,20.00,on_bus,46.551681,15.650011
5902,G1,46.551768,15.649996,1769016297,82.41,10.00,on_bus,46.551681,15.650011
2000,G1,46.559835,15.655904,1769016297,57.89,35.00,waiting_at_station,46.551681,15.650011
2001,G1,46.559444,15.656767,1769016297,75.60,10.00,waiting_at_station,46.551681,15.650011
2002,G1,46.559177,15.655646,1769016297,87.78,10.00,waiting_at_station,46.551681,15.650011
2100,G1,46.552400,15.650052,1769016297,93.49,5.00,waiting_at_station,46.551681,15.650011
2500,G1,46.530710,15.670395,1769016297,72.93,20.00,waiting_at_station,46.551681,15.650011
2501,G1,46.530854,15.670312,1769016297,100.00,5.00,waiting_at_station,46.551681,15.650011
2600,G1,46.539797,15.648038,1769016297,85.41,10.00,waiting_at_station,46.551681,15.650011
2700,G1,46.554222,15.651060,1769016297,81.36,10.00,waiting_at_station,46.551681,15.650011
2701,G1,46.554232,15.650591,1769016297,80.44,10.00,waiting_at_station,46.551681,15.650011
5900,G1,46.551757,15.649891,1769016297,83.06,10.00,on_bus,46.551621,15.649974
5901,G1,46.551533,15.649890,1769016297,73.74,20.00,on_bus,46.551621,15.649974
5902,G1,46.551634,15.649923,1769016297,72.26,20.00,on_bus,46.551621,15.649974
5903,G1,46.551559,15.650380,1769016297,78.74,10.00,on_bus,46.551621,15.649974
5904,G1,46.551641,15.649948,1769016297,68.55,20.00,on_bus,46.551621,15.649974
5905,G1,46.551657,15.650029,1769016297,78.90,10.00,on_bus,46.551621,15.649974
2100,G1,46.552670,15.650215,1769016297,90.39,5.00,waiting_at_station,46.551621,15.649974
2200,G1,46.540156,15.649772,1769016297,76.05,10.00,waiting_at_station,46.551621,15.649974
2300,G1,46.532675,15.666877,1769016297,85.73,10.00,waiting_at_station,46.551621,15.649974
2400,G1,46.527108,15.683928,1769016297,66.49,20.00,waiting_at_station,46.551621,15.649974
2401,G1,46.527460,15.684660,1769016297,77.08,10.00,waiting_at_station,46.551621,15.649974
2402,G1,46.527475,15.684377,1769016297,58.77,35.00,waiting_at_station,46.551621,15.649974
2800,G1,46.558599,15.655757,1769016297,72.30,20.00,waiting_at_station,46.551621,15.649974
5900,G1,46.551519,15.650104,1769016298,93.54,5.00,on_bus,46.551561,15.649938
5901,G1,46.551543,15.649939,1769016298,81.18,10.00,on_bus,46.551561,15.649938
5902,G1,46.551484,15.649782,1769016298,93.44,5.00,on_bus,46.551561,15.649938
5903,G1,46.551613,15.649819,1769016298,55.40,35.00,on_bus,46.551561,15.649938
5904,G1,46.551606,15.650035,1769016298,86.67,10.00,on_bus,46.551561,15.649938
2500,G1,46.530806,15.669485,1769016298,70.73,20.00,waiting_at_station,46.551561,15.649938
6000,G1,46.551497,15.649996,1769016298,59.45,35.00,on_bus,46.551501,15.649901
6001,G1,46.551452,15.649964,1769016298,67.00,20.00,on_bus,46.551501,15.649901
6002,G1,46.551534,15.649938,1769016298,80.15,10.00,on_bus,46.551501,15.649901
6003,G1,46.551464,15.649965,1769016298,93.54,5.00,on_bus,46.551501,15.649901
6004,G1,46.551676,15.649993,1769016298,85.10,10.00,on_bus,46.551501,15.649901
6005,G1,46.551505,15.649876,1769016298,85.20,10.00,on_bus,46.551501,15.649901
2800,G1,46.558324,15.655834,1769016298,83.00,10.00,waiting_at_station,46.551501,15.649901
2801,G1,46.558625,15.655935,1769016298,76.54,10.00,waiting_at_station,46.551501,15.649901
6000,G1,46.551779,15.649838,1769016298,85.52,10.00,on_bus,46.551453,15.649889
6001,G1,46.551548,15.649899,1769016298,81.11,10.00,on_bus,46.551453,15.649889
2000,G1,46.559574,15.656050,1769016298,78.64,10.00,waiting_at_station,46.551453,15.649889
2001,G1,46.559720,15.655749,1769016298,81.01,10.00,waiting_at_station,46.551453,15.649889
2100,G1,46.552191,15.650774,1769016298,74.36,20.00,waiting_at_station,46.551453,15.649889
2101,G1,46.552690,15.650504,1769016298,67.40,20.00,waiting_at_station,46.551453,15.649889
2200,G1,46.540187,15.650124,1769016298,73.27,20.00,waiting_at_station,46.551453,15.649889
2400,G1,46.527464,15.684386,1769016298,67.49,20.00,waiting_at_station,46.551453,15.649889
2401,G1,46.527376,15.684238,1769016298,61.49,20.00,waiting_at_station,46.551453,15.649889
2700,G1,46.554343,15.650446,1769016298,58.08,35.00,waiting_at_station,46.551453,15.649889
2701,G1,46.554464,15.650297,1769016298,59.78,35.00,waiting_at_station,46.551453,15.649889
2800,G1,46.558830,15.656031,1769016298,71.58,20.00,waiting_at_station,46.551453,15.649889
2801,G1,46.558832,15.655747,1769016298,71.15,20.00,waiting_at_station,46.551453,15.649889
6000,G1,46.551427,15.650076,1769016299,95.44,5.00,on_bus,46.551405,15.649877
6001,G1,46.551440,15.649931,1769016299,83.33,10.00,on_bus,46.551405,15.649877
6002,G1,46.551435,15.649801,1769016299,99.94,5.00,on_bus,46.551405,15.649877
6003,G1,46.551359,15.649884,1769016299,83.15,10.00,on_bus,46.551405,15.649877
6004,G1,46.551467,15.649821,1769016299,100.00,5.00,on_bus,46.551405,15.649877
6005,G1,46.551353,15.649887,1769016299,72.85,20.00,on_bus,46.551405,15.649877
2100,G1,46.552516,15.650399,1769016299,83.94,10.00,waiting_at_station,46.551405,15.649877
2101,G1,46.552741,15.650199,1769016299,50.68,35.00,waiting_at_station,46.551405,15.649877
2102,G1,46.552678,15.650210,1769016299,69.39,20.00,waiting_at_station,46.551405,15.649877
2200,G1,46.540008,15.649829,1769016299,90.19,5.00,waiting_at_station,46.551405,15.649877
2201,G1,46.540187,15.649327,1769016299,94.02,5.00,waiting_at_station,46.551405,15.649877
2400,G1,46.527455,15.684554,1769016299,88.41,10.00,waiting_at_station,46.551405,15.649877
2700,G1,46.554532,15.650617,1769016299,84.52,10.00,waiting_at_station,46.551405,15.649877
2701,G1,46.553598,15.649787,1769016299,89.14,10.00,waiting_at_station,46.551405,15.649877
2702,G1,46.554444,15.650567,1769016299,52.97,35.00,waiting_at_station,46.551405,15.649877
6000,G1,46.551327,15.649884,1769016300,67.68,20.00,on_bus,46.551357,15.649865
6001,G1,46.551310,15.649645,1769016300,86.35,10.00,on_bus,46.551357,15.649865
6002,G1,46.551379,15.649944,1769016300,87.12,10.00,on_bus,46.551357,15.649865
6003,G1,46.551193,15.649961,1769016300,61.38,20.00,on_bus,46.551357,15.649865
6004,G1,46.551355,15.649998,1769016300,62.05,20.00,on_bus,46.551357,15.649865
6005,G1,46.551303,15.649693,1769016300,90.65,5.00,on_bus,46.551357,15.649865
2700,G1,46.554154,15.649953,1769016300,37.54,50.00,waiting_at_station,46.551357,15.649865
2701,G1,46.554547,15.650095,1769016300,71.02,20.00,waiting_at_station,46.551357,15.649865
2800,G1,46.558517,15.655383,1769016300,59.21,35.00,waiting_at_station,46.551357,15.649865
2801,G1,46.558711,15.655969,1769016300,76.06,10.00,waiting_at_station,46.551357,15.649865
6000,G1,46.551307,15.649587,1769016300,70.60,20.00,on_bus,46.551309,15.649853
6001,G1,46.551331,15.649744,1769016300,78.32,10.00,on_bus,46.551309,15.649853
6002,G1,46.551339,15.649583,1769016300,93.21,5.00,on_bus,46.551309,15.649853
6003,G1,46.551334,15.649676,1769016300,86.26,10.00,on_bus,46.551309,15.649853
6004,G1,46.551519,15.649970,1769016300,81.70,10.00,on_bus,46.551309,15.649853
2000,G1,46.559551,15.655888,1769016300,57.37,35.00,waiting_at_station,46.551309,15.649853
2001,G1,46.559289,15.656046,1769016300,95.52,5.00,waiting_at_station,46.551309,15.649853
2300,G1,46.532417,15.667037,1769016300,86.94,10.00,waiting_at_station,46.551309,15.649853
2301,G1,46.532287,15.666921,1769016300,67.51,20.00,waiting_at_station,46.551309,15.649853
2400,G1,46.527427,15.684315,1769016300,76.39,10.00,waiting_at_station,46.551309,15.649853
2401,G1,46.527194,15.684009,1769016300,89.97,10.00,waiting_at_station,46.551309,15.649853
2402,G1,46.527366,15.684378,1769016300,100.00,5.00,waiting_at_station,46.551309,15.649853
2500,G1,46.530863,15.670092,1769016300,69.25,20.00,waiting_at_station,46.551309,15.649853
2501,G1,46.530581,15.671054,1769016300,83.26,10.00,waiting_at_station,46.551309,15.649853
2502,G1,46.530834,15.670179,1769016300,93.94,5.00,waiting_at_station,46.551309,15.649853
6100,G1,46.551172,15.650230,1769016300,100.00,5.00,on_bus,46.551261,15.649841
6101,G1,46.551305,15.649875,1769016300,100.00,5.00,on_bus,46.551261,15.649841
6102,G1,46.551272,15.649663,1769016300,94.85,5.00,on_bus,46.551261,15.649841
6103,G1,46.551235,15.649886,1769016300,90.05,5.00,on_bus,46.551261,15.649841
2100,G1,46.552515,15.649996,1769016300,85.84,10.00,waiting_at_station,46.551261,15.649841
2300,G1,46.532637,15.666520,1769016300,84.42,10.00,waiting_at_station,46.551261,15.649841
2301,G1,46.532727,15.667361,1769016300,78.96,10.00,waiting_at_station,46.551261,15.649841
2302,G1,46.532630,15.667079,1769016300,98.69,5.00,waiting_at_station,46.551261,15.649841
6100,G1,46.551246,15.649942,1769016300,83.20,10.00,on_bus,46.551233,15.649818
6101,G1,46.551274,15.649907,1769016300,73.58,20.00,on_bus,46.551233,15.649818
6102,G1,46.551273,15.649843,1769016300,64.09,20.00,on_bus,46.551233,15.649818
6103,G1,46.551150,15.649535,1769016300,75.26,10.00,on_bus,46.551233,15.649818
6104,G1,46.551228,15.649754,1769016300,100.00,5.00,on_bus,46.551233,15.649818
6105,G1,46.551078,15.649781,1769016300,66.48,20.00,on_bus,46.551233,15.649818
2300,G1,46.532447,15.667328,1769016300,55.81,35.00,waiting_at_station,46.551233,15.649818
2600,G1,46.539950,15.647970,1769016300,76.13,10.00,waiting_at_station,46.551233,15.649818
2601,G1,46.539822,15.648011,1769016300,56.90,35.00,waiting_at_station,46.551233,15.649818
2800,G1,46.559145,15.655659,1769016300,83.59,10.00,waiting_at_station,46.551233,15.649818
2801,G1,46.558666,15.655924,1769016300,81.56,10.00,waiting_at_station,46.551233,15.649818
2802,G1,46.558358,15.656341,1769016300,46.21,35.00,waiting_at_station,46.551233,15.649818
6100,G1,46.551270,15.649880,1769016300,78.03,10.00,on_bus,46.551204,15.649794
6101,G1,46.551175,15.649658,1769016300,73.36,20.00,on_bus,46.551204,15.649794
6102,G1,46.551328,15.649610,1769016300,67.86,20.00,on_bus,46.551204,15.649794
6103,G1,46.551101,15.650169,1769016300,81.52,10.00,on_bus,46.551204,15.649794
2100,G1,46.553123,15.650172,1769016300,100.00,5.00,waiting_at_station,46.551204,15.649794
2101,G1,46.552695,15.650182,1769016300,64.10,20.00,waiting_at_station,46.551204,15.649794
2400,G1,46.527224,15.684257,1769016300,92.63,5.00,waiting_at_station,46.551204,15.649794
2401,G1,46.527371,15.684413,1769016300,68.63,20.00,waiting_at_station,46.551204,15.649794
2600,G1,46.540183,15.648602,1769016300,74.21,20.00,waiting_at_station,46.551204,15.649794
2601,G1,46.539981,15.647909,1769016300,91.25,5.00,waiting_at_station,46.551204,15.649794
2602,G1,46.540673,15.648375,1769016300,97.59,5.00,waiting_at_station,46.551204,15.649794
6100,G1,46.551186,15.649770,1769016300,87.80,10.00,on_bus,46.551176,15.649771
6101,G1,46.551261,15.649784,1769016300,66.90,20.00,on_bus,46.551176,15.649771
6102,G1,46.551066,15.649686,1769016300,55.14,35.00,on_bus,46.551176,15.649771
6103,G1,46.551261,15.649804,1769016300,75.52,10.00,on_bus,46.551176,15.649771
6104,G1,46.551198,15.649746,1769016300,86.93,10.00,on_bus,46.551176,15.649771
6105,G1,46.551231,15.649975,1769016300,79.31,10.00,on_bus,46.551176,15.649771
2800,G1,46.558739,15.655982,1769016300,91.12,5.00,waiting_at_station,46.551176,15.649771
2801,G1,46.558474,15.656052,1769016300,100.00,5.00,waiting_at_station,46.551176,15.649771
6100,G1,46.551229,15.649913,1769016302,61.56,20.00,on_bus,46.551148,15.649748
6101,G1,46.551253,15.649745,1769016302,94.61,5.00,on_bus,46.551148,15.649748
2100,G1,46.552584,15.650299,1769016302,51.78,35.00,waiting_at_station,46.551148,15.649748
2101,G1,46.552661,15.650219,1769016302,75.85,10.00,waiting_at_station,46.551148,15.649748
2102,G1,46.552611,15.650328,1769016302,65.56,20.00,waiting_at_station,46.551148,15.649748
2200,G1,46.540206,15.649935,1769016302,91.97,5.00,waiting_at_station,46.551148,15.649748
2400,G1,46.527599,15.684549,1769016302,78.44,10.00,waiting_at_station,46.551148,15.649748
2700,G1,46.554277,15.650026,1769016302,78.80,10.00,waiting_at_station,46.551148,15.649748
2701,G1,46.554441,15.650913,1769016302,90.34,5.00,waiting_at_station,46.551148,15.649748
2702,G1,46.554610,15.651280,1769016302,78.07,10.00,waiting_at_station,46.551148,15.649748
6100,G1,46.551229,15.649699,1769016302,92.69,5.00,on_bus,46.551119,15.649724
6101,G1,46.551101,15.649729,1769016302,90.64,5.00,on_bus,46.551119,15.649724
6102,G1,46.551142,15.649752,1769016302,96.61,5.00,on_bus,46.551119,15.649724
6103,G1,46.551120,15.649733,1769016302,92.37,5.00,on_bus,46.551119,15.649724
6104,G1,46.550987,15.649932,1769016302,55.90,35.00,on_bus,46.551119,15.649724
6105,G1,46.551109,15.649717,1769016302,77.25,10.00,on_bus,46.551119,15.649724
2400,G1,46.527541,15.684015,1769016302,56.56,35.00,waiting_at_station,46.551119,15.649724
2401,G1,46.527398,15.684779,1769016302,92.87,5.00,waiting_at_station,46.551119,15.649724
2402,G1,46.527240,15.684224,1769016302,66.17,20.00,waiting_at_station,46.551119,15.649724
2700,G1,46.554352,15.650167,1769016302,82.06,10.00,waiting_at_station,46.551119,15.649724
2701,G1,46.554357,15.650569,1769016302,74.38,20.00,waiting_at_station,46.551119,15.649724
2702,G1,46.554344,15.650409,1769016302,62.57,20.00,waiting_at_station,46.551119,15.649724
2800,G1,46.558598,15.655832,1769016302,87.23,10.00,waiting_at_station,46.551119,15.649724
6200,G1,46.551106,15.649784,1769016301,75.99,10.00,on_bus,46.551091,15.649701
6201,G1,46.551101,15.649654,1769016301,70.09,20.00,on_bus,46.551091,15.649701
6202,G1,46.551204,15.649912,1769016301,78.13,10.00,on_bus,46.551091,15.649701
6200,G1,46.550945,15.649755,1769016302,68.07,20.00,on_bus,46.551031,15.649710
6201,G1,46.551050,15.649715,1769016302,73.08,20.00,on_bus,46.551031,15.649710
6202,G1,46.551102,15.649794,1769016302,93.98,5.00,on_bus,46.551031,15.649710
6203,G1,46.551039,15.649677,1769016302,98.79,5.00,on_bus,46.551031,15.649710
2100,G1,46.552793,15.650054,1769016302,66.42,20.00,waiting_at_station,46.551031,15.649710
2101,G1,46.552103,15.649586,1769016302,75.91,10.00,waiting_at_station,46.551031,15.649710
2102,G1,46.552521,15.649810,1769016302,72.73,20.00,waiting_at_station,46.551031,15.649710
6200,G1,46.550968,15.649698,1769016303,97.84,5.00,on_bus,46.550970,15.649719
6201,G1,46.550935,15.649726,1769016303,79.34,10.00,on_bus,46.550970,15.649719
6202,G1,46.550887,15.649959,1769016303,72.10,20.00,on_bus,46.550970,15.649719
2100,G1,46.552411,15.650568,1769016303,100.00,5.00,waiting_at_station,46.550970,15.649719
2101,G1,46.552794,15.650384,1769016303,92.48,5.00,waiting_at_station,46.550970,15.649719
2200,G1,46.539896,15.649819,1769016303,55.39,35.00,waiting_at_station,46.550970,15.649719
2300,G1,46.532365,15.666423,1769016303,80.70,10.00,waiting_at_station,46.550970,15.649719
2301,G1,46.532517,15.666186,1769016303,74.94,20.00,waiting_at_station,46.550970,15.649719
2302,G1,46.532597,15.666750,1769016303,50.24,35.00,waiting_at_station,46.550970,15.649719
2500,G1,46.531360,15.670223,1769016303,67.07,20.00,waiting_at_station,46.550970,15.649719
2501,G1,46.530875,15.670354,1769016303,68.98,20.00,waiting_at_station,46.550970,15.649719
2700,G1,46.554299,15.650919,1769016303,59.91,35.00,waiting_at_station,46.550970,15.649719
2701,G1,46.554429,15.650584,1769016303,51.21,35.00,waiting_at_station,46.550970,15.649719
2800,G1,46.558547,15.655597,1769016303,65.29,20.00,waiting_at_station,46.550970,15.649719
2801,G1,46.558405,15.655734,1769016303,72.20,20.00,waiting_at_station,46.550970,15.649719
2802,G1,46.559129,15.655366,1769016303,79.44,10.00,waiting_at_station,46.550970,15.649719
6200,G1,46.551057,15.649830,1769016303,98.21,5.00,on_bus,46.550910,15.649728
6201,G1,46.550931,15.649711,1769016303,79.69,10.00,on_bus,46.550910,15.649728
6202,G1,46.550846,15.649616,1769016303,82.16,10.00,on_bus,46.550910,15.649728
2000,G1,46.559550,15.655297,1769016303,81.91,10.00,waiting_at_station,46.550910,15.649728
2001,G1,46.559709,15.656169,1769016303,68.10,20.00,waiting_at_station,46.550910,15.649728
2002,G1,46.559210,15.656064,1769016303,92.80,5.00,waiting_at_station,46.550910,15.649728
2400,G1,46.527429,15.684373,1769016303,49.13,35.00,waiting_at_station,46.550910,15.649728
2401,G1,46.527395,15.684274,1769016303,86.06,10.00,waiting_at_station,46.550910,15.649728
2402,G1,46.527517,15.684434,1769016303,78.39,10.00,waiting_at_station,46.550910,15.649728
2500,G1,46.530693,15.670575,1769016303,62.04,20.00,waiting_at_station,46.550910,15.649728
2501,G1,46.531030,15.670391,1769016303,79.63,10.00,waiting_at_station,46.550910,15.649728
2700,G1,46.554244,15.650460,1769016303,100.00,5.00,waiting_at_station,46.550910,15.649728
2701,G1,46.554263,15.650541,1769016303,84.70,10.00,waiting_at_station,46.550910,15.649728
6300,G1,46.550813,15.649596,1769016303,68.70,20.00,on_bus,46.550850,15.649736
6301,G1,46.551117,15.649459,1769016303,77.97,10.00,on_bus,46.550850,15.649736
6302,G1,46.550831,15.649808,1769016303,81.66,10.00,on_bus,46.550850,15.649736
6303,G1,46.550700,15.649957,1769016303,82.41,10.00,on_bus,46.550850,15.649736
6304,G1,46.550832,15.649781,1769016303,96.09,5.00,on_bus,46.550850,15.649736
2000,G1,46.559504,15.656006,1769016303,78.07,10.00,waiting_at_station,46.550850,15.649736
2001,G1,46.559459,15.656193,1769016303,83.31,10.00,waiting_at_station,46.550850,15.649736
2002,G1,46.559712,15.655877,1769016303,58.49,35.00,waiting_at_station,46.550850,15.649736
2200,G1,46.540057,15.649625,1769016303,81.25,10.00,waiting_at_station,46.550850,15.649736
2201,G1,46.540079,15.649741,1769016303,77.31,10.00,waiting_at_station,46.550850,15.649736
2300,G1,46.532460,15.666781,1769016303,75.03,10.00,waiting_at_station,46.550850,15.649736
2700,G1,46.554112,15.650191,1769016303,99.30,5.00,waiting_at_station,46.550850,15.649736
2701,G1,46.554384,15.650483,1769016303,60.09,20.00,waiting_at_station,46.550850,15.649736
2702,G1,46.554537,15.650444,1769016303,83.39,10.00,waiting_at_station,46.550850,15.649736
2800,G1,46.558680,15.655730,1769016303,70.98,20.00,waiting_at_station,46.550850,15.649736
2801,G1,46.558797,15.655723,1769016303,65.47,20.00,waiting_at_station,46.550850,15.649736
6300,G1,46.550862,15.649886,1769016303,100.00,5.00,on_bus,46.550822,15.649729
6301,G1,46.550803,15.649777,1769016303,61.05,20.00,on_bus,46.550822,15.649729
6302,G1,46.550951,15.649786,1769016303,63.95,20.00,on_bus,46.550822,15.649729
6303,G1,46.550931,15.649592,1769016303,65.14,20.00,on_bus,46.550822,15.649729
2000,G1,46.559658,15.655050,1769016303,100.00,5.00,waiting_at_station,46.550822,15.649729
2001,G1,46.559505,15.656328,1769016303,80.48,10.00,waiting_at_station,46.550822,15.649729
2002,G1,46.559389,15.656079,1769016303,72.55,20.00,waiting_at_station,46.550822,15.649729
6300,G1,46.550757,15.649778,1769016303,81.81,10.00,on_bus,46.550794,15.649722
6301,G1,46.550794,15.649668,1769016303,89.59,10.00,on_bus,46.550794,15.649722
6302,G1,46.550913,15.649512,1769016303,74.44,20.00,on_bus,46.550794,15.649722
6303,G1,46.550813,15.649836,1769016303,76.14,10.00,on_bus,46.550794,15.649722
6304,G1,46.550747,15.649757,1769016303,66.10,20.00,on_bus,46.550794,15.649722
6305,G1,46.550828,15.649795,1769016303,83.88,10.00,on_bus,46.550794,15.649722
2000,G1,46.559367,15.655986,1769016303,74.03,20.00,waiting_at_station,46.550794,15.649722
2001,G1,46.559850,15.656336,1769016303,77.85,10.00,waiting_at_station,46.550794,15.649722
2100,G1,46.552743,15.650180,1769016303,100.00,5.00,waiting_at_station,46.550794,15.649722
2101,G1,46.552583,15.650111,1769016303,79.69,10.00,waiting_at_station,46.550794,15.649722
2102,G1,46.552609,15.650304,1769016303,86.41,10.00,waiting_at_station,46.550794,15.649722
6300,G1,46.550718,15.649641,1769016303,78.93,10.00,on_bus,46.550766,15.649714
6301,G1,46.550827,15.649680,1769016303,68.58,20.00,on_bus,46.550766,15.649714
6302,G1,46.550810,15.649928,1769016303,60.35,20.00,on_bus,46.550766,15.649714
6303,G1,46.550933,15.649371,1769016303,88.04,10.00,on_bus,46.550766,15.649714
6304,G1,46.550724,15.649702,1769016303,91.28,5.00,on_bus,46.550766,15.649714
2100,G1,46.552456,15.649979,1769016303,45.20,35.00,waiting_at_station,46.550766,15.649714
2101,G1,46.552809,15.650429,1769016303,97.54,5.00,waiting_at_station,46.550766,15.649714
2500,G1,46.530749,15.670326,1769016303,70.49,20.00,waiting_at_station,46.550766,15.649714
6300,G1,46.550818,15.649862,1769016305,92.80,5.00,on_bus,46.550738,15.649707
6301,G1,46.550720,15.649710,1769016305,73.00,20.00,on_bus,46.550738,15.649707
6302,G1,46.550715,15.649712,1769016305,75.40,10.00,on_bus,46.550738,15.649707
6303,G1,46.550747,15.649825,1769016305,70.65,20.00,on_bus,46.550738,15.649707
2100,G1,46.552951,15.650150,1769016305,56.32,35.00,waiting_at_station,46.550738,15.649707
2101,G1,46.552596,15.650303,1769016305,60.92,20.00,waiting_at_station,46.550738,15.649707
2500,G1,46.530831,15.670168,1769016305,86.15,10.00,waiting_at_station,46.550738,15.649707
2501,G1,46.530421,15.669862,1769016305,73.13,20.00,waiting_at_station,46.550738,15.649707
2502,G1,46.530945,15.670584,1769016305,86.24,10.00,waiting_at_station,46.550738,15.649707
2700,G1,46.554403,15.650427,1769016305,83.20,10.00,waiting_at_station,46.550738,15.649707
6400,G1,46.550805,15.649624,1769016304,94.59,5.00,on_bus,46.550710,15.649699
6401,G1,46.550614,15.649770,1769016304,75.28,10.00,on_bus,46.550710,15.649699
2100,G1,46.552741,15.649956,1769016304,58.36,35.00,waiting_at_station,46.550710,15.649699
2600,G1,46.539962,15.648603,1769016304,77.54,10.00,waiting_at_station,46.550710,15.649699
2601,G1,46.540094,15.648023,1769016304,93.02,5.00,waiting_at_station,46.550710,15.649699
6400,G1,46.550683,15.649688,1769016304,96.17,5.00,on_bus,46.550670,15.649690
6401,G1,46.550752,15.649453,1769016304,74.72,20.00,on_bus,46.550670,15.649690
6402,G1,46.550669,15.649723,1769016304,54.99,35.00,on_bus,46.550670,15.649690
6403,G1,46.550745,15.649698,1769016304,89.29,10.00,on_bus,46.550670,15.649690
6404,G1,46.550703,15.649626,1769016304,85.85,10.00,on_bus,46.550670,15.649690
2000,G1,46.559767,15.655995,1769016304,85.99,10.00,waiting_at_station,46.550670,15.649690
2001,G1,46.559874,15.656075,1769016304,71.27,20.00,waiting_at_station,46.550670,15.649690
2002,G1,46.559847,15.656241,1769016304,75.02,10.00,waiting_at_station,46.550670,15.649690
2100,G1,46.552592,15.650446,1769016304,87.81,10.00,waiting_at_station,46.550670,15.649690
2200,G1,46.539347,15.649613,1769016304,78.93,10.00,waiting_at_station,46.550670,15.649690
2201,G1,46.540263,15.649456,1769016304,70.93,20.00,waiting_at_station,46.550670,15.649690
2202,G1,46.540192,15.649329,1769016304,80.91,10.00,waiting_at_station,46.550670,15.649690
2400,G1,46.526251,15.685164,1769016304,61.55,20.00,waiting_at_station,46.550670,15.649690
2401,G1,46.527612,15.684430,1769016304,95.86,5.00,waiting_at_station,46.550670,15.649690
2402,G1,46.527732,15.684447,1769016304,58.84,35.00,waiting_at_station,46.550670,15.649690
2500,G1,46.530774,15.669882,1769016304,93.99,5.00,waiting_at_station,46.550670,15.649690
2501,G1,46.530956,15.670617,1769016304,81.49,10.00,waiting_at_station,46.550670,15.649690
2700,G1,46.554637,15.650552,1769016304,60.12,20.00,waiting_at_station,46.550670,15.649690
2800,G1,46.558504,15.655724,1769016304,56.39,35.00,waiting_at_station,46.550670,15.649690
6400,G1,46.550602,15.649706,1769016305,100.00,5.00,on_bus,46.550630,15.649680
6401,G1,46.550716,15.649747,1769016305,82.26,10.00,on_bus,46.550630,15.649680
6402,G1,46.550606,15.649763,1769016305,99.77,5.00,on_bus,46.550630,15.649680
6403,G1,46.550714,15.649902,1769016305,89.89,10.00,on_bus,46.550630,15.649680
6404,G1,46.550573,15.649896,1769016305,56.78,35.00,on_bus,46.550630,15.649680
6405,G1,46.550572,15.649717,1769016305,95.34,5.00,on_bus,46.550630,15.649680
2000,G1,46.559640,15.656270,1769016305,72.68,20.00,waiting_at_station,46.550630,15.649680
2001,G1,46.559584,15.655972,1769016305,60.93,20.00,waiting_at_station,46.550630,15.649680
2100,G1,46.552710,15.650413,1769016305,100.00,5.00,waiting_at_station,46.550630,15.649680
2101,G1,46.552593,15.649963,1769016305,65.58,20.00,waiting_at_station,46.550630,15.649680
2700,G1,46.554393,15.650683,1769016305,53.66,35.00,waiting_at_station,46.550630,15.649680
2701,G1,46.554338,15.650536,1769016305,77.30,10.00,waiting_at_station,46.550630,15.649680
2702,G1,46.554313,15.650508,1769016305,76.86,10.00,waiting_at_station,46.550630,15.649680
6400,G1,46.550665,15.649489,1769016306,89.05,10.00,on_bus,46.550590,15.649671
6401,G1,46.550767,15.649723,1769016306,91.78,5.00,on_bus,46.550590,15.649671
6402,G1,46.550438,15.649553,1769016306,74.27,20.00,on_bus,46.550590,15.649671
6403,G1,46.550551,15.649753,1769016306,76.05,10.00,on_bus,46.550590,15.649671
6404,G1,46.550464,15.649532,1769016306,71.81,20.00,on_bus,46.550590,15.649671
6405,G1,46.550607,15.649682,1769016306,93.84,5.00,on_bus,46.550590,15.649671
2000,G1,46.559409,15.655827,1769016306,82.13,10.00,waiting_at_station,46.550590,15.649671
2001,G1,46.559475,15.656091,1769016306,34.99,50.00,waiting_at_station,46.550590,15.649671
2002,G1,46.559609,15.655832,1769016306,65.01,20.00,waiting_at_station,46.550590,15.649671
2100,G1,46.552652,15.650193,1769016306,64.99,20.00,waiting_at_station,46.550590,15.649671
2101,G1,46.552619,15.650430,1769016306,65.22,20.00,waiting_at_station,46.550590,15.649671
2102,G1,46.552638,15.649994,1769016306,78.44,10.00,waiting_at_station,46.550590,15.649671
2600,G1,46.539974,15.647947,1769016306,74.49,20.00,waiting_at_station,46.550590,15.649671
2601,G1,46.539797,15.647984,1769016306,84.90,10.00,waiting_at_station,46.550590,15.649671
2602,G1,46.539822,15.648224,1769016306,70.20,20.00,waiting_at_station,46.550590,15.649671
2800,G1,46.558214,15.655391,1769016306,100.00,5.00,waiting_at_station,46.550590,15.649671
6500,G1,46.550427,15.649590,1769016305,92.40,5.00,on_bus,46.550550,15.649661
6501,G1,46.550651,15.649543,1769016305,88.23,10.00,on_bus,46.550550,15.649661
6502,G1,46.550257,15.649367,1769016305,94.36,5.00,on_bus,46.550550,15.649661
6503,G1,46.550554,15.649661,1769016305,91.82,5.00,on_bus,46.550550,15.649661
6504,G1,46.550538,15.649653,1769016305,100.00,5.00,on_bus,46.550550,15.649661
6505,G1,46.550522,15.649649,1769016305,44.74,50.00,on_bus,46.550550,15.649661
2000,G1,46.559658,15.655930,1769016305,67.29,20.00,waiting_at_station,46.550550,15.649661
2001,G1,46.559694,15.655755,1769016305,95.03,5.00,waiting_at_station,46.550550,15.649661
2002,G1,46.559328,15.656174,1769016305,64.20,20.00,waiting_at_station,46.550550,15.649661
6500,G1,46.550456,15.649568,1769016306,90.76,5.00,on_bus,46.550489,15.649644
6501,G1,46.550467,15.649564,1769016306,86.79,10.00,on_bus,46.550489,15.649644
6502,G1,46.550747,15.649236,1769016306,67.59,20.00,on_bus,46.550489,15.649644
6503,G1,46.550434,15.649680,1769016306,88.14,10.00,on_bus,46.550489,15.649644
6504,G1,46.550420,15.649617,1769016306,81.38,10.00,on_bus,46.550489,15.649644
6505,G1,46.550549,15.649472,1769016306,71.66,20.00,on_bus,46.550489,15.649644
2200,G1,46.540119,15.650034,1769016306,92.82,5.00,waiting_at_station,46.550489,15.649644
2201,G1,46.539841,15.649855,1769016306,74.60,20.00,waiting_at_station,46.550489,15.649644
2202,G1,46.540053,15.649864,1769016306,54.13,35.00,waiting_at_station,46.550489,15.649644
2800,G1,46.558394,15.655734,1769016306,86.35,10.00,waiting_at_station,46.550489,15.649644
2801,G1,46.558566,15.655604,1769016306,72.19,20.00,waiting_at_station,46.550489,15.649644
2802,G1,46.558698,15.655702,1769016306,61.80,20.00,waiting_at_station,46.550489,15.649644
6500,G1,46.550383,15.649399,1769016307,77.66,10.00,on_bus,46.550427,15.649627
6501,G1,46.550410,15.649661,1769016307,87.57,10.00,on_bus,46.550427,15.649627
6502,G1,46.550458,15.649619,1769016307,72.13,20.00,on_bus,46.550427,15.649627
2200,G1,46.540107,15.649777,1769016307,80.21,10.00,waiting_at_station,46.550427,15.649627
2300,G1,46.532881,15.666855,1769016307,49.34,35.00,waiting_at_station,46.550427,15.649627
2500,G1,46.530769,15.669858,1769016307,39.70,50.00,waiting_at_station,46.550427,15.649627
6500,G1,46.550326,15.649656,1769016307,82.91,10.00,on_bus,46.550366,15.649611
6501,G1,46.550390,15.649556,1769016307,70.10,20.00,on_bus,46.550366,15.649611
6502,G1,46.550289,15.649568,1769016307,76.97,10.00,on_bus,46.550366,15.649611
6503,G1,46.550420,15.649428,1769016307,75.46,10.00,on_bus,46.550366,15.649611
6504,G1,46.550397,15.649451,1769016307,77.39,10.00,on_bus,46.550366,15.649611
6505,G1,46.550334,15.649606,1769016307,76.81,10.00,on_bus,46.550366,15.649611
2400,G1,46.527196,15.684326,1769016307,48.36,35.00,waiting_at_station,46.550366,15.649611
2800,G1,46.558691,15.655758,1769016307,75.46,10.00,waiting_at_station,46.550366,15.649611
2801,G1,46.558650,15.655915,1769016307,78.64,10.00,waiting_at_station,46.550366,15.649611
6500,G1,46.550276,15.649734,1769016309,74.94,20.00,on_bus,46.550305,15.649594
6501,G1,46.550355,15.649794,1769016309,85.35,10.00,on_bus,46.550305,15.649594
6502,G1,46.550375,15.649607,1769016309,97.65,5.00,on_bus,46.550305,15.649594
2000,G1,46.559415,15.655889,1769016309,81.07,10.00,waiting_at_station,46.550305,15.649594
2001,G1,46.559286,15.656045,1769016309,86.55,10.00,waiting_at_station,46.550305,15.649594
2100,G1,46.552590,15.650749,1769016309,74.71,20.00,waiting_at_station,46.550305,15.649594
2101,G1,46.552668,15.650215,1769016309,73.75,20.00,waiting_at_station,46.550305,15.649594
2200,G1,46.540185,15.649986,1769016309,65.39,20.00,waiting_at_station,46.550305,15.649594
2400,G1,46.527644,15.684025,1769016309,61.79,20.00,waiting_at_station,46.550305,15.649594
2401,G1,46.527118,15.684226,1769016309,50.02,35.00,waiting_at_station,46.550305,15.649594
2600,G1,46.540007,15.647812,1769016309,94.77,5.00,waiting_at_station,46.550305,15.649594
2601,G1,46.540076,15.648662,1769016309,33.25,50.00,waiting_at_station,46.550305,15.649594
2800,G1,46.558659,15.655592,1769016309,82.86,10.00,waiting_at_station,46.550305,15.649594
2801,G1,46.558558,15.655565,1769016309,87.14,10.00,waiting_at_station,46.550305,15.649594
6600,G1,46.550204,15.649504,1769016308,71.20,20.00,on_bus,46.550243,15.649577
6601,G1,46.550285,15.649304,1769016308,94.77,5.00,on_bus,46.550243,15.649577
6602,G1,46.550270,15.649518,1769016308,49.90,35.00,on_bus,46.550243,15.649577
6603,G1,46.550422,15.649501,1769016308,73.22,20.00,on_bus,46.550243,15.649577
2000,G1,46.559451,15.655956,1769016308,53.00,35.00,waiting_at_station,46.550243,15.649577
2001,G1,46.559709,15.656120,1769016308,57.33,35.00,waiting_at_station,46.550243,15.649577
2100,G1,46.552691,15.650429,1769016308,81.81,10.00,waiting_at_station,46.550243,15.649577
2300,G1,46.533122,15.666409,1769016308,53.32,35.00,waiting_at_station,46.550243,15.649577
2301,G1,46.532814,15.666619,1769016308,89.53,10.00,waiting_at_station,46.550243,15.649577
2302,G1,46.532496,15.666956,1769016308,75.42,10.00,waiting_at_station,46.550243,15.649577
2400,G1,46.527334,15.684558,1769016308,65.54,20.00,waiting_at_station,46.550243,15.649577
2401,G1,46.527569,15.684447,1769016308,85.78,10.00,waiting_at_station,46.550243,15.649577
2402,G1,46.527496,15.684349,1769016308,76.41,10.00,waiting_at_station,46.550243,15.649577
2500,G1,46.530866,15.670071,1769016308,79.54,10.00,waiting_at_station,46.550243,15.649577
6600,G1,46.550122,15.649782,1769016308,80.25,10.00,on_bus,46.550161,15.649549
6601,G1,46.550158,15.649512,1769016308,88.18,10.00,on_bus,46.550161,15.649549
6602,G1,46.550110,15.649672,1769016308,77.70,10.00,on_bus,46.550161,15.649549
6603,G1,46.550168,15.649546,1769016308,82.79,10.00,on_bus,46.550161,15.649549
2000,G1,46.559546,15.656193,1769016308,81.57,10.00,waiting_at_station,46.550161,15.649549
2001,G1,46.559602,15.655893,1769016308,66.55,20.00,waiting_at_station,46.550161,15.649549
2200,G1,46.540369,15.650021,1769016308,64.69,20.00,waiting_at_station,46.550161,15.649549
2201,G1,46.540030,15.650034,1769016308,58.36,35.00,waiting_at_station,46.550161,15.649549
2400,G1,46.527066,15.684396,1769016308,100.00,5.00,waiting_at_station,46.550161,15.649549
2401,G1,46.527418,15.684196,1769016308,81.95,10.00,waiting_at_station,46.550161,15.649549
2402,G1,46.527269,15.684166,1769016308,100.00,5.00,waiting_at_station,46.550161,15.649549
2500,G1,46.530721,15.670364,1769016308,50.06,35.00,waiting_at_station,46.550161,15.649549
6600,G1,46.550148,15.649611,1769016309,68.93,20.00,on_bus,46.550079,15.649521
6601,G1,46.550074,15.649550,1769016309,89.33,10.00,on_bus,46.550079,15.649521
6602,G1,46.550018,15.649713,1769016309,86.48,10.00,on_bus,46.550079,15.649521
6603,G1,46.550123,15.649566,1769016309,81.83,10.00,on_bus,46.550079,15.649521
6604,G1,46.550136,15.649651,1769016309,93.33,5.00,on_bus,46.550079,15.649521
6605,G1,46.550058,15.649508,1769016309,65.35,20.00,on_bus,46.550079,15.649521
2200,G1,46.539929,15.650019,1769016309,96.38,5.00,waiting_at_station,46.550079,15.649521
2201,G1,46.540180,15.649781,1769016309,52.76,35.00,waiting_at_station,46.550079,15.649521
2400,G1,46.527663,15.684516,1769016309,72.92,20.00,waiting_at_station,46.550079,15.649521
2401,G1,46.527636,15.684189,1769016309,84.80,10.00,waiting_at_station,46.550079,15.649521
2402,G1,46.527240,15.684680,1769016309,71.33,20.00,waiting_at_station,46.550079,15.649521
6600,G1,46.549937,15.649309,1769016311,87.94,10.00,on_bus,46.549997,15.649493
6601,G1,46.549967,15.649613,1769016311,95.76,5.00,on_bus,46.549997,15.649493
6602,G1,46.549930,15.649538,1769016311,83.68,10.00,on_bus,46.549997,15.649493
6603,G1,46.550065,15.649555,1769016311,89.45,10.00,on_bus,46.549997,15.649493
2100,G1,46.552730,15.649964,1769016311,62.91,20.00,waiting_at_station,46.549997,15.649493
6700,G1,46.549885,15.649563,1769016310,58.38,35.00,on_bus,46.549915,15.649466
6701,G1,46.549843,15.649477,1769016310,98.36,5.00,on_bus,46.549915,15.649466
2300,G1,46.532758,15.667320,1769016310,52.48,35.00,waiting_at_station,46.549915,15.649466
2301,G1,46.532529,15.666178,1769016310,86.19,10.00,waiting_at_station,46.549915,15.649466
2302,G1,46.532252,15.667168,1769016310,90.86,5.00,waiting_at_station,46.549915,15.649466
2400,G1,46.527332,15.684591,1769016310,68.58,20.00,waiting_at_station,46.549915,15.649466
2800,G1,46.558594,15.655708,1769016310,79.72,10.00,waiting_at_station,46.549915,15.649466
2801,G1,46.558564,15.655769,1769016310,61.25,20.00,waiting_at_station,46.549915,15.649466
2802,G1,46.558936,15.655925,1769016310,82.72,10.00,waiting_at_station,46.549915,15.649466
6700,G1,46.549797,15.649438,1769016312,92.09,5.00,on_bus,46.549796,15.649417
6701,G1,46.549911,15.649504,1769016312,73.51,20.00,on_bus,46.549796,15.649417
6702,G1,46.549821,15.649372,1769016312,100.00,5.00,on_bus,46.549796,15.649417
6703,G1,46.549869,15.649416,1769016312,100.00,5.00,on_bus,46.549796,15.649417
6704,G1,46.549835,15.649325,1769016312,71.91,20.00,on_bus,46.549796,15.649417
6705,G1,46.549811,15.649394,1769016312,78.22,10.00,on_bus,46.549796,15.649417
2200,G1,46.539722,15.649677,1769016312,92.60,5.00,waiting_at_station,46.549796,15.649417
2201,G1,46.540194,15.649790,1769016312,68.14,20.00,waiting_at_station,46.549796,15.649417
2300,G1,46.532590,15.666775,1769016312,63.61,20.00,waiting_at_station,46.549796,15.649417
2301,G1,46.532697,15.666280,1769016312,75.14,10.00,waiting_at_station,46.549796,15.649417
2302,G1,46.532403,15.666794,1769016312,26.74,50.00,waiting_at_station,46.549796,15.649417
6700,G1,46.549724,15.649428,1769016313,78.45,10.00,on_bus,46.549676,15.649369
6701,G1,46.549788,15.649369,1769016313,77.82,10.00,on_bus,46.549676,15.649369
6702,G1,46.549679,15.649397,1769016313,93.10,5.00,on_bus,46.549676,15.649369
6703,G1,46.549522,15.649407,1769016313,71.05,20.00,on_bus,46.549676,15.649369
6704,G1,46.549710,15.649323,1769016313,96.55,5.00,on_bus,46.549676,15.649369
2000,G1,46.559642,15.655552,1769016313,71.80,20.00,waiting_at_station,46.549676,15.649369
2200,G1,46.539818,15.649441,1769016313,100.00,5.00,waiting_at_station,46.549676,15.649369
2400,G1,46.527475,15.684777,1769016313,92.86,5.00,waiting_at_station,46.549676,15.649369
2700,G1,46.554473,15.650704,1769016313,55.87,35.00,waiting_at_station,46.549676,15.649369
2701,G1,46.554295,15.650476,1769016313,66.89,20.00,waiting_at_station,46.549676,15.649369
2800,G1,46.558797,15.655572,1769016313,64.80,20.00,waiting_at_station,46.549676,15.649369
2801,G1,46.558304,15.655453,1769016313,65.68,20.00,waiting_at_station,46.549676,15.649369
2802,G1,46.558776,15.655936,1769016313,91.15,5.00,waiting_at_station,46.549676,15.649369
6800,G1,46.549699,15.649428,1769016313,82.21,10.00,on_bus,46.549557,15.649320
6801,G1,46.549569,15.649270,1769016313,67.37,20.00,on_bus,46.549557,15.649320
6802,G1,46.549565,15.649239,1769016313,65.89,20.00,on_bus,46.549557,15.649320
2400,G1,46.527391,15.683951,1769016313,88.16,10.00,waiting_at_station,46.549557,15.649320
2401,G1,46.528059,15.684469,1769016313,100.00,5.00,waiting_at_station,46.549557,15.649320
2402,G1,46.526996,15.684357,1769016313,65.62,20.00,waiting_at_station,46.549557,15.649320
2600,G1,46.539826,15.648088,1769016313,78.75,10.00,waiting_at_station,46.549557,15.649320
2601,G1,46.540266,15.647510,1769016313,70.94,20.00,waiting_at_station,46.549557,15.649320
6800,G1,46.549611,15.649192,1769016313,76.30,10.00,on_bus,46.549473,15.649272
6801,G1,46.549326,15.649234,1769016313,81.99,10.00,on_bus,46.549473,15.649272
2200,G1,46.540355,15.649787,1769016313,88.52,10.00,waiting_at_station,46.549473,15.649272
2201,G1,46.540192,15.649725,1769016313,62.97,20.00,waiting_at_station,46.549473,15.649272
2500,G1,46.530885,15.670080,1769016313,88.74,10.00,waiting_at_station,46.549473,15.649272
2600,G1,46.539737,15.648030,1769016313,59.49,35.00,waiting_at_station,46.549473,15.649272
2601,G1,46.539309,15.647900,1769016313,100.00,5.00,waiting_at_station,46.549473,15.649272
2602,G1,46.539559,15.647955,1769016313,75.18,10.00,waiting_at_station,46.549473,15.649272
6800,G1,46.549312,15.649206,1769016315,87.74,10.00,on_bus,46.549388,15.649223
6801,G1,46.549381,15.648959,1769016315,99.91,5.00,on_bus,46.549388,15.649223
6802,G1,46.549415,15.649294,1769016315,74.40,20.00,on_bus,46.549388,15.649223
6803,G1,46.549367,15.649014,1769016315,71.51,20.00,on_bus,46.549388,15.649223
6804,G1,46.549383,15.649396,1769016315,59.26,35.00,on_bus,46.549388,15.649223
2300,G1,46.532513,15.666313,1769016315,70.08,20.00,waiting_at_station,46.549388,15.649223
2400,G1,46.527623,15.684067,1769016315,65.25,20.00,waiting_at_station,46.549388,15.649223
2401,G1,46.527339,15.685035,1769016315,80.70,10.00,waiting_at_station,46.549388,15.649223
2700,G1,46.554242,15.650896,1769016315,99.63,5.00,waiting_at_station,46.549388,15.649223
6800,G1,46.549295,15.649216,1769016316,98.26,5.00,on_bus,46.549304,15.649175
6801,G1,46.549296,15.649085,1769016316,78.95,10.00,on_bus,46.549304,15.649175
6802,G1,46.549384,15.649259,1769016316,83.20,10.00,on_bus,46.549304,15.649175
6803,G1,46.549506,15.649317,1769016316,100.00,5.00,on_bus,46.549304,15.649175
6804,G1,46.549290,15.649190,1769016316,88.64,10.00,on_bus,46.549304,15.649175
6805,G1,46.549304,15.649190,1769016316,69.16,20.00,on_bus,46.549304,15.649175
2200,G1,46.539774,15.650193,1769016316,84.68,10.00,waiting_at_station,46.549304,15.649175
2201,G1,46.540016,15.649786,1769016316,86.98,10.00,waiting_at_station,46.549304,15.649175
2202,G1,46.540005,15.649599,1769016316,62.40,20.00,waiting_at_station,46.549304,15.649175
2400,G1,46.527403,15.684903,1769016316,83.00,10.00,waiting_at_station,46.549304,15.649175
2401,G1,46.527433,15.684544,1769016316,67.63,20.00,waiting_at_station,46.549304,15.649175
2402,G1,46.527235,15.684203,1769016316,65.63,20.00,waiting_at_station,46.549304,15.649175
2700,G1,46.554497,15.650748,1769016316,95.90,5.00,waiting_at_station,46.549304,15.649175
2701,G1,46.554456,15.650790,1769016316,89.21,10.00,waiting_at_station,46.549304,15.649175
6900,G1,46.549259,15.649093,1769016315,69.94,20.00,on_bus,46.549220,15.649126
6901,G1,46.549292,15.649040,1769016315,83.01,10.00,on_bus,46.549220,15.649126
2000,G1,46.559503,15.655884,1769016315,82.19,10.00,waiting_at_station,46.549220,15.649126
2001,G1,46.559868,15.655577,1769016315,69.70,20.00,waiting_at_station,46.549220,15.649126
2300,G1,46.532584,15.667093,1769016315,66.28,20.00,waiting_at_station,46.549220,15.649126
2301,G1,46.532268,15.667096,1769016315,77.62,10.00,waiting_at_station,46.549220,15.649126
2302,G1,46.532564,15.666801,1769016315,68.21,20.00,waiting_at_station,46.549220,15.649126
2400,G1,46.527197,15.684717,1769016315,79.52,10.00,waiting_at_station,46.549220,15.649126
2401,G1,46.527474,15.684634,1769016315,74.56,20.00,waiting_at_station,46.549220,15.649126
2402,G1,46.527729,15.684943,1769016315,73.15,20.00,waiting_at_station,46.549220,15.649126
2500,G1,46.530656,15.670171,1769016315,87.37,10.00,waiting_at_station,46.549220,15.649126
2501,G1,46.530977,15.670242,1769016315,78.78,10.00,waiting_at_station,46.549220,15.649126
2502,G1,46.530790,15.670007,1769016315,87.30,10.00,waiting_at_station,46.549220,15.649126
6900,G1,46.549156,15.649019,1769016316,72.68,20.00,on_bus,46.549167,15.649098
6901,G1,46.549114,15.649036,1769016316,88.19,10.00,on_bus,46.549167,15.649098
6902,G1,46.549226,15.648722,1769016316,56.38,35.00,on_bus,46.549167,15.649098
6903,G1,46.549211,15.648958,1769016316,82.37,10.00,on_bus,46.549167,15.649098
2000,G1,46.559821,15.656105,1769016316,63.77,20.00,waiting_at_station,46.549167,15.649098
2100,G1,46.552676,15.651200,1769016316,67.67,20.00,waiting_at_station,46.549167,15.649098
2101,G1,46.552549,15.650235,1769016316,76.65,10.00,waiting_at_station,46.549167,15.649098
2200,G1,46.540034,15.649272,1769016316,80.80,10.00,waiting_at_station,46.549167,15.649098
2201,G1,46.540084,15.649848,1769016316,88.95,10.00,waiting_at_station,46.549167,15.649098
2202,G1,46.540306,15.649043,1769016316,66.52,20.00,waiting_at_station,46.549167,15.649098
2800,G1,46.558650,15.656203,1769016316,74.34,20.00,waiting_at_station,46.549167,15.649098
6900,G1,46.549035,15.649268,1769016317,96.79,5.00,on_bus,46.549113,15.649071
6901,G1,46.549125,15.649064,1769016317,78.52,10.00,on_bus,46.549113,15.649071
6902,G1,46.549150,15.648972,1769016317,86.41,10.00,on_bus,46.549113,15.649071
6903,G1,46.549123,15.649111,1769016317,59.16,35.00,on_bus,46.549113,15.649071
6904,G1,46.549255,15.648836,1769016317,67.95,20.00,on_bus,46.549113,15.649071
6905,G1,46.549060,15.649148,1769016317,87.88,10.00,on_bus,46.549113,15.649071
2200,G1,46.539936,15.649783,1769016317,89.21,10.00,waiting_at_station,46.549113,15.649071
2800,G1,46.558295,15.655628,1769016317,42.17,50.00,waiting_at_station,46.549113,15.649071
2801,G1,46.558629,15.655915,1769016317,79.73,10.00,waiting_at_station,46.549113,15.649071
6900,G1,46.548918,15.649154,1769016317,79.67,10.00,on_bus,46.549060,15.649043
6901,G1,46.549110,15.649434,1769016317,63.69,20.00,on_bus,46.549060,15.649043
6902,G1,46.549013,15.649021,1769016317,60.93,20.00,on_bus,46.549060,15.649043
2100,G1,46.552757,15.649924,1769016317,60.85,20.00,waiting_at_station,46.549060,15.649043
2300,G1,46.532528,15.666898,1769016317,56.74,35.00,waiting_at_station,46.549060,15.649043
2301,G1,46.532530,15.666828,1769016317,95.44,5.00,waiting_at_station,46.549060,15.649043
2302,G1,46.532804,15.666977,1769016317,54.10,35.00,waiting_at_station,46.549060,15.649043
2500,G1,46.531020,15.670350,1769016317,57.68,35.00,waiting_at_station,46.549060,15.649043
2501,G1,46.530959,15.670220,1769016317,67.90,20.00,waiting_at_station,46.549060,15.649043
2700,G1,46.554393,15.650700,1769016317,84.44,10.00,waiting_at_station,46.549060,15.649043
2701,G1,46.554887,15.649638,1769016317,71.75,20.00,waiting_at_station,46.549060,15.649043
6900,G1,46.549317,15.648828,1769016319,78.20,10.00,on_bus,46.549007,15.649015
6901,G1,46.548965,15.648993,1769016319,99.76,5.00,on_bus,46.549007,15.649015
6902,G1,46.549051,15.649123,1769016319,64.71,20.00,on_bus,46.549007,15.649015
6903,G1,46.548838,15.649157,1769016319,80.47,10.00,on_bus,46.549007,15.649015
6904,G1,46.548990,15.648973,1769016319,84.98,10.00,on_bus,46.549007,15.649015
2300,G1,46.532427,15.667160,1769016319,68.26,20.00,waiting_at_station,46.549007,15.649015
2301,G1,46.532720,15.666791,1769016319,73.49,20.00,waiting_at_station,46.549007,15.649015
2302,G1,46.532691,15.667087,1769016319,91.07,5.00,waiting_at_station,46.549007,15.649015
6900,G1,46.548963,15.648863,1769016319,100.00,5.00,on_bus,46.548953,15.648988
6901,G1,46.548942,15.648935,1769016319,77.10,10.00,on_bus,46.548953,15.648988
6902,G1,46.549044,15.649046,1769016319,72.24,20.00,on_bus,46.548953,15.648988
2200,G1,46.540156,15.650001,1769016319,80.21,10.00,waiting_at_station,46.548953,15.648988
2300,G1,46.532359,15.666662,1769016319,70.11,20.00,waiting_at_station,46.548953,15.648988
2301,G1,46.532574,15.667031,1769016319,52.08,35.00,waiting_at_station,46.548953,15.648988
2302,G1,46.532609,15.666666,1769016319,100.00,5.00,waiting_at_station,46.548953,15.648988
2600,G1,46.539909,15.647915,1769016319,70.30,20.00,waiting_at_station,46.548953,15.648988
2601,G1,46.539730,15.648242,1769016319,94.28,5.00,waiting_at_station,46.548953,15.648988
2602,G1,46.539863,15.648105,1769016319,54.73,35.00,waiting_at_station,46.548953,15.648988
7000,G1,46.548864,15.649015,1769016318,83.48,10.00,on_bus,46.548900,15.648960
7001,G1,46.548896,15.648967,1769016318,77.81,10.00,on_bus,46.548900,15.648960
7002,G1,46.548872,15.648965,1769016318,70.19,20.00,on_bus,46.548900,15.648960
7003,G1,46.548905,15.648945,1769016318,80.11,10.00,on_bus,46.548900,15.648960
7004,G1,46.548849,15.649040,1769016318,77.71,10.00,on_bus,46.548900,15.648960
2200,G1,46.539901,15.649527,1769016318,99.98,5.00,waiting_at_station,46.548900,15.648960
2201,G1,46.540175,15.649864,1769016318,84.05,10.00,waiting_at_station,46.548900,15.648960
2500,G1,46.530727,15.670150,1769016318,63.83,20.00,waiting_at_station,46.548900,15.648960
2600,G1,46.539907,15.647956,1769016318,94.76,5.00,waiting_at_station,46.548900,15.648960
2601,G1,46.540475,15.647932,1769016318,57.82,35.00,waiting_at_station,46.548900,15.648960
2602,G1,46.539751,15.647877,1769016318,76.19,10.00,waiting_at_station,46.548900,15.648960
7000,G1,46.548667,15.648729,1769016319,90.23,5.00,on_bus,46.548782,15.648909
7001,G1,46.548688,15.648958,1769016319,65.12,20.00,on_bus,46.548782,15.648909
2500,G1,46.530886,15.670163,1769016319,83.75,10.00,waiting_at_station,46.548782,15.648909
2501,G1,46.530965,15.670212,1769016319,60.42,20.00,waiting_at_station,46.548782,15.648909
2502,G1,46.530963,15.670075,1769016319,78.53,10.00,waiting_at_station,46.548782,15.648909
2700,G1,46.554338,15.650435,1769016319,54.30,35.00,waiting_at_station,46.548782,15.648909
7000,G1,46.548683,15.648909,1769016321,65.23,20.00,on_bus,46.548664,15.648858
7001,G1,46.548560,15.649047,1769016321,58.66,35.00,on_bus,46.548664,15.648858
7002,G1,46.548713,15.648978,1769016321,86.05,10.00,on_bus,46.548664,15.648858
7003,G1,46.548664,15.649036,1769016321,100.00,5.00,on_bus,46.548664,15.648858
7004,G1,46.548539,15.648812,1769016321,96.51,5.00,on_bus,46.548664,15.648858
7005,G1,46.548695,15.648757,1769016321,95.11,5.00,on_bus,46.548664,15.648858
2100,G1,46.552968,15.650000,1769016321,65.16,20.00,waiting_at_station,46.548664,15.648858
2101,G1,46.552617,15.650218,1769016321,90.38,5.00,waiting_at_station,46.548664,15.648858
2102,G1,46.552495,15.649502,1769016321,75.38,10.00,waiting_at_station,46.548664,15.648858
2800,G1,46.558868,15.655789,1769016321,38.78,50.00,waiting_at_station,46.548664,15.648858
2801,G1,46.558622,15.655046,1769016321,71.88,20.00,waiting_at_station,46.548664,15.648858
2802,G1,46.558681,15.655698,1769016321,70.26,20.00,waiting_at_station,46.548664,15.648858
7100,G1,46.548562,15.648767,1769016320,83.92,10.00,on_bus,46.548546,15.648808
7101,G1,46.548568,15.648881,1769016320,89.63,10.00,on_bus,46.548546,15.648808
7102,G1,46.548518,15.648786,1769016320,82.90,10.00,on_bus,46.548546,15.648808
7103,G1,46.548496,15.648859,1769016320,96.52,5.00,on_bus,46.548546,15.648808
2100,G1,46.552864,15.650241,1769016320,87.35,10.00,waiting_at_station,46.548546,15.648808
2200,G1,46.539927,15.649255,1769016320,81.59,10.00,waiting_at_station,46.548546,15.648808
2201,G1,46.540177,15.649134,1769016320,95.08,5.00,waiting_at_station,46.548546,15.648808
2400,G1,46.527388,15.684276,1769016320,97.22,5.00,waiting_at_station,46.548546,15.648808
2401,G1,46.527406,15.684377,1769016320,71.79,20.00,waiting_at_station,46.548546,15.648808
7100,G1,46.548495,15.648921,1769016321,48.51,35.00,on_bus,46.548476,15.648793
7101,G1,46.548405,15.648793,1769016321,88.65,10.00,on_bus,46.548476,15.648793
7102,G1,46.548486,15.648846,1769016321,81.01,10.00,on_bus,46.548476,15.648793
7103,G1,46.548559,15.648751,1769016321,95.98,5.00,on_bus,46.548476,15.648793
7104,G1,46.548528,15.648794,1769016321,100.00,5.00,on_bus,46.548476,15.648793
2100,G1,46.553026,15.650417,1769016321,89.68,10.00,waiting_at_station,46.548476,15.648793
2101,G1,46.552637,15.650294,1769016321,80.59,10.00,waiting_at_station,46.548476,15.648793
2700,G1,46.554146,15.650661,1769016321,66.70,20.00,waiting_at_station,46.548476,15.648793
2701,G1,46.554312,15.650822,1769016321,72.83,20.00,waiting_at_station,46.548476,15.648793
2702,G1,46.554567,15.649878,1769016321,82.21,10.00,waiting_at_station,46.548476,15.648793
7100,G1,46.548255,15.648807,1769016322,94.79,5.00,on_bus,46.548407,15.648779
7101,G1,46.548482,15.648707,1769016322,74.26,20.00,on_bus,46.548407,15.648779
7102,G1,46.548429,15.648764,1769016322,97.23,5.00,on_bus,46.548407,15.648779
7103,G1,46.548345,15.648839,1769016322,51.91,35.00,on_bus,46.548407,15.648779
7104,G1,46.548298,15.648795,1769016322,67.79,20.00,on_bus,46.548407,15.648779
7105,G1,46.548416,15.648605,1769016322,79.20,10.00,on_bus,46.548407,15.648779
2400,G1,46.527393,15.684262,1769016322,50.09,35.00,waiting_at_station,46.548407,15.648779
2401,G1,46.527342,15.684274,1769016322,94.84,5.00,waiting_at_station,46.548407,15.648779
7100,G1,46.548348,15.648732,1769016324,64.73,20.00,on_bus,46.548337,15.648764
7101,G1,46.548337,15.648772,1769016324,82.89,10.00,on_bus,46.548337,15.648764
7102,G1,46.548303,15.648782,1769016324,70.26,20.00,on_bus,46.548337,15.648764
7103,G1,46.548328,15.648816,1769016324,91.60,5.00,on_bus,46.548337,15.648764
7104,G1,46.548287,15.648805,1769016324,98.75,5.00,on_bus,46.548337,15.648764
7105,G1,46.548137,15.648750,1769016324,66.85,20.00,on_bus,46.548337,15.648764
2000,G1,46.559491,15.656211,1769016324,72.61,20.00,waiting_at_station,46.548337,15.648764
2001,G1,46.559431,15.655674,1769016324,83.95,10.00,waiting_at_station,46.548337,15.648764
2002,G1,46.559619,15.655466,1769016324,84.82,10.00,waiting_at_station,46.548337,15.648764
2100,G1,46.552284,15.650521,1769016324,79.22,10.00,waiting_at_station,46.548337,15.648764
2101,G1,46.552801,15.650004,1769016324,83.80,10.00,waiting_at_station,46.548337,15.648764
2200,G1,46.540266,15.650159,1769016324,75.46,10.00,waiting_at_station,46.548337,15.648764
2201,G1,46.540065,15.649715,1769016324,57.59,35.00,waiting_at_station,46.548337,15.648764
2800,G1,46.558942,15.656048,1769016324,71.41,20.00,waiting_at_station,46.548337,15.648764
2801,G1,46.558682,15.655888,1769016324,68.92,20.00,waiting_at_station,46.548337,15.648764
7200,G1,46.548213,15.648724,1769016322,74.71,20.00,on_bus,46.548267,15.648750
7201,G1,46.548199,15.648769,1769016322,96.94,5.00,on_bus,46.548267,15.648750
7202,G1,46.548405,15.648662,1769016322,87.84,10.00,on_bus,46.548267,15.648750
2700,G1,46.554404,15.650686,1769016322,75.78,10.00,waiting_at_station,46.548267,15.648750
2701,G1,46.554326,15.650491,1769016322,58.44,35.00,waiting_at_station,46.548267,15.648750
2702,G1,46.554434,15.650523,1769016322,51.01,35.00,waiting_at_station,46.548267,15.648750
7200,G1,46.548221,15.648711,1769016323,65.11,20.00,on_bus,46.548218,15.648743
7201,G1,46.548301,15.648661,1769016323,100.00,5.00,on_bus,46.548218,15.648743
2000,G1,46.559464,15.655924,1769016323,69.09,20.00,waiting_at_station,46.548218,15.648743
2001,G1,46.559684,15.655550,1769016323,71.84,20.00,waiting_at_station,46.548218,15.648743
2002,G1,46.559625,15.656100,1769016323,87.49,10.00,waiting_at_station,46.548218,15.648743
2300,G1,46.532398,15.665783,1769016323,81.78,10.00,waiting_at_station,46.548218,15.648743
2600,G1,46.539692,15.647912,1769016323,70.25,20.00,waiting_at_station,46.548218,15.648743
7200,G1,46.548390,15.648785,1769016324,63.50,20.00,on_bus,46.548168,15.648736
7201,G1,46.548180,15.648817,1769016324,46.75,35.00,on_bus,46.548168,15.648736
7202,G1,46.548263,15.648689,1769016324,78.59,10.00,on_bus,46.548168,15.648736
7203,G1,46.548126,15.648695,1769016324,75.99,10.00,on_bus,46.548168,15.648736
7204,G1,46.548226,15.648711,1769016324,83.54,10.00,on_bus,46.548168,15.648736
2100,G1,46.552719,15.650329,1769016324,80.49,10.00,waiting_at_station,46.548168,15.648736
2101,G1,46.552790,15.650177,1769016324,70.66,20.00,waiting_at_station,46.548168,15.648736
2300,G1,46.532675,15.667387,1769016324,79.09,10.00,waiting_at_station,46.548168,15.648736
2500,G1,46.531053,15.670654,1769016324,47.29,35.00,waiting_at_station,46.548168,15.648736
7200,G1,46.548148,15.648688,1769016324,88.46,10.00,on_bus,46.548119,15.648729
7201,G1,46.548131,15.648695,1769016324,100.00,5.00,on_bus,46.548119,15.648729
7202,G1,46.548118,15.648729,1769016324,96.12,5.00,on_bus,46.548119,15.648729
2400,G1,46.527248,15.684633,1769016324,71.39,20.00,waiting_at_station,46.548119,15.648729
2401,G1,46.526950,15.685104,1769016324,92.80,5.00,waiting_at_station,46.548119,15.648729
2402,G1,46.527131,15.684183,1769016324,58.64,35.00,waiting_at_station,46.548119,15.648729
2500,G1,46.530809,15.670001,1769016324,91.07,5.00,waiting_at_station,46.548119,15.648729
2600,G1,46.539963,15.648075,1769016324,85.10,10.00,waiting_at_station,46.548119,15.648729
2700,G1,46.554428,15.650595,1769016324,96.06,5.00,waiting_at_station,46.548119,15.648729
2701,G1,46.554513,15.650115,1769016324,58.23,35.00,waiting_at_station,46.548119,15.648729
2702,G1,46.554539,15.651037,1769016324,76.47,10.00,waiting_at_station,46.548119,15.648729
7200,G1,46.548085,15.649114,1769016326,69.42,20.00,on_bus,46.548069,15.648722
7201,G1,46.547970,15.648874,1769016326,60.70,20.00,on_bus,46.548069,15.648722
7202,G1,46.548072,15.648623,1769016326,81.86,10.00,on_bus,46.548069,15.648722
7203,G1,46.548066,15.648940,1769016326,96.43,5.00,on_bus,46.548069,15.648722
7204,G1,46.548045,15.648730,1769016326,76.55,10.00,on_bus,46.548069,15.648722
2200,G1,46.540098,15.649874,1769016326,75.64,10.00,waiting_at_station,46.548069,15.648722
2201,G1,46.540657,15.649606,1769016326,91.49,5.00,waiting_at_station,46.548069,15.648722
2400,G1,46.527414,15.684074,1769016326,85.81,10.00,waiting_at_station,46.548069,15.648722
2800,G1,46.558588,15.655899,1769016326,61.43,20.00,waiting_at_station,46.548069,15.648722
2801,G1,46.558939,15.655502,1769016326,67.54,20.00,waiting_at_station,46.548069,15.648722
7200,G1,46.547968,15.648874,1769016326,81.48,10.00,on_bus,46.548020,15.648715
7201,G1,46.548055,15.648687,1769016326,65.04,20.00,on_bus,46.548020,15.648715
7202,G1,46.547918,15.648800,1769016326,98.29,5.00,on_bus,46.548020,15.648715
7203,G1,46.548019,15.648687,1769016326,87.74,10.00,on_bus,46.548020,15.648715
2000,G1,46.559572,15.656518,1769016326,87.74,10.00,waiting_at_station,46.548020,15.648715
2001,G1,46.559715,15.655817,1769016326,100.00,5.00,waiting_at_station,46.548020,15.648715
2002,G1,46.560009,15.656976,1769016326,64.91,20.00,waiting_at_station,46.548020,15.648715
2700,G1,46.554414,15.650838,1769016326,86.50,10.00,waiting_at_station,46.548020,15.648715
2701,G1,46.554607,15.650730,1769016326,71.96,20.00,waiting_at_station,46.548020,15.648715
2702,G1,46.554222,15.650674,1769016326,48.73,35.00,waiting_at_station,46.548020,15.648715
7300,G1,46.547970,15.648719,1769016325,89.80,10.00,on_bus,46.547970,15.648708
7301,G1,46.547978,15.648792,1769016325,76.49,10.00,on_bus,46.547970,15.648708
7302,G1,46.547994,15.648721,1769016325,83.29,10.00,on_bus,46.547970,15.648708
7303,G1,46.547948,15.648646,1769016325,65.94,20.00,on_bus,46.547970,15.648708
7304,G1,46.547919,15.648742,1769016325,86.05,10.00,on_bus,46.547970,15.648708
7305,G1,46.547942,15.648828,1769016325,56.82,35.00,on_bus,46.547970,15.648708
2000,G1,46.559825,15.655448,1769016325,99.94,5.00,waiting_at_station,46.547970,15.648708
2700,G1,46.554259,15.650533,1769016325,53.01,35.00,waiting_at_station,46.547970,15.648708
2701,G1,46.554369,15.651161,1769016325,75.14,10.00,waiting_at_station,46.547970,15.648708
2702,G1,46.554901,15.650116,1769016325,75.87,10.00,waiting_at_station,46.547970,15.648708
7300,G1,46.548169,15.648784,1769016325,74.56,20.00,on_bus,46.547910,15.648711
7301,G1,46.548103,15.648756,1769016325,73.98,20.00,on_bus,46.547910,15.648711
7302,G1,46.547961,15.648675,1769016325,95.43,5.00,on_bus,46.547910,15.648711
2000,G1,46.559542,15.656027,1769016325,77.33,10.00,waiting_at_station,46.547910,15.648711
2001,G1,46.559666,15.655754,1769016325,43.34,50.00,waiting_at_station,46.547910,15.648711
2400,G1,46.527531,15.684414,1769016325,67.54,20.00,waiting_at_station,46.547910,15.648711
2401,G1,46.527683,15.685316,1769016325,73.82,20.00,waiting_at_station,46.547910,15.648711
2700,G1,46.554067,15.650568,1769016325,79.25,10.00,waiting_at_station,46.547910,15.648711
7300,G1,46.547796,15.648786,1769016326,91.23,5.00,on_bus,46.547850,15.648715
7301,G1,46.547810,15.648728,1769016326,79.35,10.00,on_bus,46.547850,15.648715
7302,G1,46.547776,15.648812,1769016326,99.91,5.00,on_bus,46.547850,15.648715
7303,G1,46.547808,15.648761,1769016326,67.46,20.00,on_bus,46.547850,15.648715
2200,G1,46.540229,15.649353,1769016326,64.83,20.00,waiting_at_station,46.547850,15.648715
2201,G1,46.539875,15.649626,1769016326,76.18,10.00,waiting_at_station,46.547850,15.648715
2300,G1,46.532633,15.666468,1769016326,41.27,50.00,waiting_at_station,46.547850,15.648715
2301,G1,46.532502,15.666714,1769016326,85.84,10.00,waiting_at_station,46.547850,15.648715
2500,G1,46.530722,15.670150,1769016326,69.52,20.00,waiting_at_station,46.547850,15.648715
2501,G1,46.531024,15.669872,1769016326,74.28,20.00,waiting_at_station,46.547850,15.648715
2600,G1,46.540154,15.647647,1769016326,52.72,35.00,waiting_at_station,46.547850,15.648715
7300,G1,46.547779,15.648765,1769016327,60.18,20.00,on_bus,46.547791,15.648718
7301,G1,46.547770,15.648722,1769016327,80.78,10.00,on_bus,46.547791,15.648718
7302,G1,46.547816,15.648441,1769016327,77.15,10.00,on_bus,46.547791,15.648718
7303,G1,46.547517,15.648973,1769016327,74.65,20.00,on_bus,46.547791,15.648718
7304,G1,46.547818,15.648648,1769016327,83.34,10.00,on_bus,46.547791,15.648718
2600,G1,46.540042,15.647669,1769016327,45.55,35.00,waiting_at_station,46.547791,15.648718
7400,G1,46.547700,15.648773,1769016326,83.80,10.00,on_bus,46.547731,15.648721
7401,G1,46.547715,15.648671,1769016326,88.52,10.00,on_bus,46.547731,15.648721
7402,G1,46.547752,15.648624,1769016326,90.75,5.00,on_bus,46.547731,15.648721
2200,G1,46.540147,15.650231,1769016326,85.15,10.00,waiting_at_station,46.547731,15.648721
2201,G1,46.540072,15.650264,1769016326,69.44,20.00,waiting_at_station,46.547731,15.648721
2202,G1,46.540135,15.649815,1769016326,79.58,10.00,waiting_at_station,46.547731,15.648721
2300,G1,46.532536,15.666445,1769016326,82.00,10.00,waiting_at_station,46.547731,15.648721
2301,G1,46.532625,15.667499,1769016326,86.20,10.00,waiting_at_station,46.547731,15.648721
2302,G1,46.532613,15.666627,1769016326,75.49,10.00,waiting_at_station,46.547731,15.648721
2500,G1,46.530880,15.670493,1769016326,85.28,10.00,waiting_at_station,46.547731,15.648721
2700,G1,46.554710,15.649879,1769016326,65.02,20.00,waiting_at_station,46.547731,15.648721
2701,G1,46.554493,15.650467,1769016326,72.81,20.00,waiting_at_station,46.547731,15.648721
2800,G1,46.558683,15.655469,1769016326,88.79,10.00,waiting_at_station,46.547731,15.648721
2801,G1,46.558735,15.655887,1769016326,79.18,10.00,waiting_at_station,46.547731,15.648721
7400,G1,46.547683,15.648734,1769016327,75.40,10.00,on_bus,46.547654,15.648701
7401,G1,46.547724,15.648822,1769016327,71.45,20.00,on_bus,46.547654,15.648701
7402,G1,46.547609,15.648488,1769016327,70.51,20.00,on_bus,46.547654,15.648701
7403,G1,46.547703,15.648702,1769016327,71.56,20.00,on_bus,46.547654,15.648701
7404,G1,46.547727,15.648881,1769016327,100.00,5.00,on_bus,46.547654,15.648701
7405,G1,46.547742,15.648742,1769016327,100.00,5.00,on_bus,46.547654,15.648701
7400,G1,46.547612,15.648685,1769016328,100.00,5.00,on_bus,46.547578,15.648681
7401,G1,46.547644,15.648626,1769016328,77.97,10.00,on_bus,46.547578,15.648681
7402,G1,46.547739,15.648933,1769016328,98.83,5.00,on_bus,46.547578,15.648681
7403,G1,46.547586,15.648598,1769016328,64.66,20.00,on_bus,46.547578,15.648681
7500,G1,46.547490,15.648637,1769016328,76.70,10.00,on_bus,46.547501,15.648661
7501,G1,46.547497,15.648649,1769016328,74.06,20.00,on_bus,46.547501,15.648661
7502,G1,46.547515,15.648748,1769016328,79.71,10.00,on_bus,46.547501,15.648661
2000,G1,46.559220,15.656418,1769016328,82.38,10.00,waiting_at_station,46.547501,15.648661
2001,G1,46.559965,15.656250,1769016328,63.20,20.00,waiting_at_station,46.547501,15.648661
2200,G1,46.540200,15.649724,1769016328,98.51,5.00,waiting_at_station,46.547501,15.648661
2201,G1,46.540012,15.649911,1769016328,52.52,35.00,waiting_at_station,46.547501,15.648661
2300,G1,46.532517,15.666704,1769016328,66.64,20.00,waiting_at_station,46.547501,15.648661
2301,G1,46.532566,15.666907,1769016328,71.80,20.00,waiting_at_station,46.547501,15.648661
2302,G1,46.532068,15.667041,1769016328,73.46,20.00,waiting_at_station,46.547501,15.648661
2600,G1,46.539848,15.647828,1769016328,66.44,20.00,waiting_at_station,46.547501,15.648661
2601,G1,46.539890,15.647728,1769016328,58.02,35.00,waiting_at_station,46.547501,15.648661
2602,G1,46.539712,15.647786,1769016328,69.43,20.00,waiting_at_station,46.547501,15.648661
2700,G1,46.554084,15.650508,1769016328,58.13,35.00,waiting_at_station,46.547501,15.648661
7500,G1,46.547398,15.648569,1769016329,68.92,20.00,on_bus,46.547422,15.648673
7501,G1,46.547485,15.648807,1769016329,85.17,10.00,on_bus,46.547422,15.648673
7502,G1,46.547235,15.648675,1769016329,79.80,10.00,on_bus,46.547422,15.648673
7503,G1,46.547364,15.648656,1769016329,78.57,10.00,on_bus,46.547422,15.648673
7504,G1,46.547421,15.648801,1769016329,80.31,10.00,on_bus,46.547422,15.648673
2200,G1,46.539672,15.649461,1769016329,65.97,20.00,waiting_at_station,46.547422,15.648673
2800,G1,46.558655,15.655709,1769016329,77.01,10.00,waiting_at_station,46.547422,15.648673
7500,G1,46.547306,15.648447,1769016330,70.96,20.00,on_bus,46.547344,15.648685
7501,G1,46.547444,15.648673,1769016330,72.05,20.00,on_bus,46.547344,15.648685
7502,G1,46.547376,15.648783,1769016330,100.00,5.00,on_bus,46.547344,15.648685
2000,G1,46.559327,15.656149,1769016330,82.04,10.00,waiting_at_station,46.547344,15.648685
2001,G1,46.559476,15.656150,1769016330,75.29,10.00,waiting_at_station,46.547344,15.648685
2002,G1,46.559679,15.655798,1769016330,47.75,35.00,waiting_at_station,46.547344,15.648685
2300,G1,46.532829,15.665854,1769016330,70.61,20.00,waiting_at_station,46.547344,15.648685
2301,G1,46.533040,15.666497,1769016330,70.31,20.00,waiting_at_station,46.547344,15.648685
2302,G1,46.532481,15.666592,1769016330,77.94,10.00,waiting_at_station,46.547344,15.648685
2500,G1,46.531020,15.670270,1769016330,83.44,10.00,waiting_at_station,46.547344,15.648685
2700,G1,46.554071,15.650132,1769016330,72.58,20.00,waiting_at_station,46.547344,15.648685
2701,G1,46.554617,15.649801,1769016330,71.90,20.00,waiting_at_station,46.547344,15.648685
2702,G1,46.554496,15.650231,1769016330,100.00,5.00,waiting_at_station,46.547344,15.648685
7500,G1,46.547204,15.648771,1769016331,82.99,10.00,on_bus,46.547265,15.648696
7501,G1,46.547196,15.648639,1769016331,78.78,10.00,on_bus,46.547265,15.648696
7502,G1,46.547234,15.648607,1769016331,75.97,10.00,on_bus,46.547265,15.648696
7503,G1,46.547257,15.648699,1769016331,76.59,10.00,on_bus,46.547265,15.648696
7504,G1,46.547263,15.648676,1769016331,56.27,35.00,on_bus,46.547265,15.648696
2000,G1,46.559673,15.655643,1769016331,77.78,10.00,waiting_at_station,46.547265,15.648696
2001,G1,46.559589,15.656073,1769016331,83.69,10.00,waiting_at_station,46.547265,15.648696
2002,G1,46.559373,15.656308,1769016331,69.15,20.00,waiting_at_station,46.547265,15.648696
2500,G1,46.531062,15.669969,1769016331,96.62,5.00,waiting_at_station,46.547265,15.648696
2501,G1,46.530714,15.670387,1769016331,75.37,10.00,waiting_at_station,46.547265,15.648696
2502,G1,46.530907,15.670193,1769016331,96.22,5.00,waiting_at_station,46.547265,15.648696
2800,G1,46.558482,15.655540,1769016331,73.25,20.00,waiting_at_station,46.547265,15.648696
2801,G1,46.558618,15.655875,1769016331,96.24,5.00,waiting_at_station,46.547265,15.648696
7500,G1,46.547187,15.648753,1769016333,46.07,35.00,on_bus,46.547186,15.648708
7501,G1,46.547197,15.648819,1769016333,94.42,5.00,on_bus,46.547186,15.648708
7502,G1,46.547277,15.648736,1769016333,71.29,20.00,on_bus,46.547186,15.648708
7503,G1,46.547162,15.648734,1769016333,76.54,10.00,on_bus,46.547186,15.648708
7504,G1,46.547116,15.648965,1769016333,78.30,10.00,on_bus,46.547186,15.648708
7505,G1,46.547194,15.648722,1769016333,61.95,20.00,on_bus,46.547186,15.648708
2300,G1,46.532526,15.666769,1769016333,79.80,10.00,waiting_at_station,46.547186,15.648708
2301,G1,46.532356,15.667230,1769016333,46.89,35.00,waiting_at_station,46.547186,15.648708
2302,G1,46.532669,15.666965,1769016333,67.81,20.00,waiting_at_station,46.547186,15.648708
2500,G1,46.530864,15.670188,1769016333,73.34,20.00,waiting_at_station,46.547186,15.648708
2501,G1,46.530960,15.669614,1769016333,35.55,50.00,waiting_at_station,46.547186,15.648708
7600,G1,46.547024,15.648573,1769016331,90.45,5.00,on_bus,46.547108,15.648720
7601,G1,46.547188,15.648772,1769016331,82.59,10.00,on_bus,46.547108,15.648720
7602,G1,46.547107,15.648597,1769016331,100.00,5.00,on_bus,46.547108,15.648720
2100,G1,46.552703,15.650140,1769016331,96.68,5.00,waiting_at_station,46.547108,15.648720
2101,G1,46.552757,15.650806,1769016331,83.74,10.00,waiting_at_station,46.547108,15.648720
2600,G1,46.540089,15.648230,1769016331,70.84,20.00,waiting_at_station,46.547108,15.648720
2601,G1,46.539956,15.648512,1769016331,53.77,35.00,waiting_at_station,46.547108,15.648720
7600,G1,46.546938,15.648693,1769016333,100.00,5.00,on_bus,46.546995,15.648726
7601,G1,46.546993,15.648712,1769016333,76.08,10.00,on_bus,46.546995,15.648726
7602,G1,46.546942,15.648933,1769016333,55.89,35.00,on_bus,46.546995,15.648726
2000,G1,46.559893,15.656638,1769016333,95.10,5.00,waiting_at_station,46.546995,15.648726
2001,G1,46.559342,15.656221,1769016333,100.00,5.00,waiting_at_station,46.546995,15.648726
2002,G1,46.559624,15.655869,1769016333,72.91,20.00,waiting_at_station,46.546995,15.648726
2300,G1,46.532496,15.666467,1769016333,83.84,10.00,waiting_at_station,46.546995,15.648726
2301,G1,46.532414,15.666513,1769016333,77.65,10.00,waiting_at_station,46.546995,15.648726
2500,G1,46.530725,15.671274,1769016333,87.28,10.00,waiting_at_station,46.546995,15.648726
2501,G1,46.530827,15.670138,1769016333,85.25,10.00,waiting_at_station,46.546995,15.648726
2600,G1,46.539998,15.648358,1769016333,70.26,20.00,waiting_at_station,46.546995,15.648726
7600,G1,46.546951,15.648717,1769016334,84.35,10.00,on_bus,46.546883,15.648733
7601,G1,46.546919,15.648956,1769016334,46.82,35.00,on_bus,46.546883,15.648733
7602,G1,46.546854,15.648749,1769016334,57.84,35.00,on_bus,46.546883,15.648733
7603,G1,46.546868,15.648705,1769016334,68.46,20.00,on_bus,46.546883,15.648733
7604,G1,46.546813,15.648693,1769016334,56.28,35.00,on_bus,46.546883,15.648733
2100,G1,46.552640,15.650245,1769016334,93.56,5.00,waiting_at_station,46.546883,15.648733
2200,G1,46.540058,15.649536,1769016334,80.09,10.00,waiting_at_station,46.546883,15.648733
2300,G1,46.532510,15.666793,1769016334,48.71,35.00,waiting_at_station,46.546883,15.648733
2301,G1,46.532690,15.666348,1769016334,79.68,10.00,waiting_at_station,46.546883,15.648733
2600,G1,46.539887,15.648045,1769016334,87.13,10.00,waiting_at_station,46.546883,15.648733
2601,G1,46.539771,15.647808,1769016334,58.34,35.00,waiting_at_station,46.546883,15.648733
7700,G1,46.546743,15.648663,1769016333,64.93,20.00,on_bus,46.546770,15.648739
7701,G1,46.546757,15.648813,1769016333,100.00,5.00,on_bus,46.546770,15.648739
7702,G1,46.546752,15.648748,1769016333,58.55,35.00,on_bus,46.546770,15.648739
7703,G1,46.546768,15.648778,1769016333,94.45,5.00,on_bus,46.546770,15.648739
7704,G1,46.546801,15.648741,1769016333,65.10,20.00,on_bus,46.546770,15.648739
2000,G1,46.559564,15.655989,1769016333,72.62,20.00,waiting_at_station,46.546770,15.648739
2001,G1,46.559472,15.655794,1769016333,54.01,35.00,waiting_at_station,46.546770,15.648739
2002,G1,46.559787,15.656107,1769016333,67.45,20.00,waiting_at_station,46.546770,15.648739
2100,G1,46.552628,15.650276,1769016333,57.38,35.00,waiting_at_station,46.546770,15.648739
2101,G1,46.552400,15.650130,1769016333,78.87,10.00,waiting_at_station,46.546770,15.648739
2200,G1,46.540140,15.649886,1769016333,64.51,20.00,waiting_at_station,46.546770,15.648739
2201,G1,46.540078,15.649610,1769016333,96.51,5.00,waiting_at_station,46.546770,15.648739
2202,G1,46.539975,15.649791,1769016333,71.33,20.00,waiting_at_station,46.546770,15.648739
2700,G1,46.554595,15.650522,1769016333,70.16,20.00,waiting_at_station,46.546770,15.648739
7700,G1,46.546734,15.648724,1769016334,74.04,20.00,on_bus,46.546713,15.648745
7701,G1,46.546680,15.648765,1769016334,63.92,20.00,on_bus,46.546713,15.648745
7702,G1,46.546751,15.648806,1769016334,65.74,20.00,on_bus,46.546713,15.648745
7703,G1,46.546710,15.648609,1769016334,91.84,5.00,on_bus,46.546713,15.648745
7704,G1,46.546768,15.649140,1769016334,85.25,10.00,on_bus,46.546713,15.648745
2300,G1,46.532667,15.666774,1769016334,71.68,20.00,waiting_at_station,46.546713,15.648745
2301,G1,46.532373,15.666651,1769016334,56.91,35.00,waiting_at_station,46.546713,15.648745
2500,G1,46.530984,15.669576,1769016334,42.42,50.00,waiting_at_station,46.546713,15.648745
7700,G1,46.546621,15.648837,1769016335,63.97,20.00,on_bus,46.546657,15.648751
7701,G1,46.546612,15.648744,1769016335,83.86,10.00,on_bus,46.546657,15.648751
7702,G1,46.546562,15.648723,1769016335,73.92,20.00,on_bus,46.546657,15.648751
2400,G1,46.527543,15.684261,1769016335,85.57,10.00,waiting_at_station,46.546657,15.648751
2401,G1,46.527717,15.684175,1769016335,70.53,20.00,waiting_at_station,46.546657,15.648751
7700,G1,46.546628,15.648726,1769016335,85.79,10.00,on_bus,46.546600,15.648757
7701,G1,46.546698,15.648832,1769016335,100.00,5.00,on_bus,46.546600,15.648757
7702,G1,46.546641,15.648748,1769016335,100.00,5.00,on_bus,46.546600,15.648757
2000,G1,46.560131,15.655742,1769016335,100.00,5.00,waiting_at_station,46.546600,15.648757
2001,G1,46.559585,15.655929,1769016335,81.49,10.00,waiting_at_station,46.546600,15.648757
2100,G1,46.552708,15.650126,1769016335,72.98,20.00,waiting_at_station,46.546600,15.648757
2101,G1,46.552657,15.650148,1769016335,84.16,10.00,waiting_at_station,46.546600,15.648757
2102,G1,46.552307,15.650235,1769016335,50.53,35.00,waiting_at_station,46.546600,15.648757
2200,G1,46.540081,15.650162,1769016335,55.30,35.00,waiting_at_station,46.546600,15.648757
2400,G1,46.527283,15.684019,1769016335,76.39,10.00,waiting_at_station,46.546600,15.648757
2401,G1,46.527456,15.684455,1769016335,69.51,20.00,waiting_at_station,46.546600,15.648757
7700,G1,46.546826,15.648677,1769016337,90.55,5.00,on_bus,46.546543,15.648762
7701,G1,46.546590,15.648577,1769016337,100.00,5.00,on_bus,46.546543,15.648762
7702,G1,46.546517,15.648770,1769016337,67.50,20.00,on_bus,46.546543,15.648762
7703,G1,46.546473,15.648660,1769016337,100.00,5.00,on_bus,46.546543,15.648762
7704,G1,46.546366,15.648851,1769016337,71.57,20.00,on_bus,46.546543,15.648762
7705,G1,46.546588,15.648826,1769016337,79.33,10.00,on_bus,46.546543,15.648762
2000,G1,46.559748,15.655932,1769016337,82.78,10.00,waiting_at_station,46.546543,15.648762
2001,G1,46.559202,15.655720,1769016337,62.54,20.00,waiting_at_station,46.546543,15.648762
2002,G1,46.559709,15.655608,1769016337,100.00,5.00,waiting_at_station,46.546543,15.648762
2400,G1,46.527478,15.684100,1769016337,70.00,20.00,waiting_at_station,46.546543,15.648762
2500,G1,46.530731,15.669876,1769016337,79.54,10.00,waiting_at_station,46.546543,15.648762
2800,G1,46.558513,15.655292,1769016337,67.58,20.00,waiting_at_station,46.546543,15.648762
2801,G1,46.558388,15.656186,1769016337,64.77,20.00,waiting_at_station,46.546543,15.648762
2802,G1,46.558691,15.655552,1769016337,64.92,20.00,waiting_at_station,46.546543,15.648762
7700,G1,46.546327,15.648752,1769016337,82.17,10.00,on_bus,46.546487,15.648768
7701,G1,46.546479,15.648770,1769016337,70.72,20.00,on_bus,46.546487,15.648768
7702,G1,46.546557,15.648541,1769016337,99.04,5.00,on_bus,46.546487,15.648768
2500,G1,46.530842,15.670466,1769016337,61.86,20.00,waiting_at_station,46.546487,15.648768
2501,G1,46.530829,15.670143,1769016337,71.20,20.00,waiting_at_station,46.546487,15.648768
2502,G1,46.530993,15.670312,1769016337,90.14,5.00,waiting_at_station,46.546487,15.648768
2800,G1,46.558906,15.655845,1769016337,78.34,10.00,waiting_at_station,46.546487,15.648768
2801,G1,46.558573,15.655593,1769016337,69.84,20.00,waiting_at_station,46.546487,15.648768
2802,G1,46.558733,15.656101,1769016337,71.84,20.00,waiting_at_station,46.546487,15.648768
7800,G1,46.546431,15.648839,1769016336,94.29,5.00,on_bus,46.546430,15.648774
7801,G1,46.546409,15.648776,1769016336,76.70,10.00,on_bus,46.546430,15.648774
7802,G1,46.546397,15.648642,1769016336,91.37,5.00,on_bus,46.546430,15.648774
7803,G1,46.546454,15.648634,1769016336,69.97,20.00,on_bus,46.546430,15.648774
2000,G1,46.559498,15.656377,1769016336,73.77,20.00,waiting_at_station,46.546430,15.648774
2500,G1,46.530956,15.669965,1769016336,76.93,10.00,waiting_at_station,46.546430,15.648774
2501,G1,46.531132,15.669680,1769016336,79.31,10.00,waiting_at_station,46.546430,15.648774
2502,G1,46.530962,15.671011,1769016336,86.64,10.00,waiting_at_station,46.546430,15.648774
2600,G1,46.540018,15.647608,1769016336,77.06,10.00,waiting_at_station,46.546430,15.648774
2601,G1,46.539663,15.648089,1769016336,100.00,5.00,waiting_at_station,46.546430,15.648774
2602,G1,46.539695,15.648595,1769016336,67.27,20.00,waiting_at_station,46.546430,15.648774
2800,G1,46.558592,15.655780,1769016336,100.00,5.00,waiting_at_station,46.546430,15.648774
7800,G1,46.546167,15.649044,1769016338,71.06,20.00,on_bus,46.546303,15.648803
7801,G1,46.546267,15.648692,1769016338,71.50,20.00,on_bus,46.546303,15.648803
7802,G1,46.546439,15.648818,1769016338,70.68,20.00,on_bus,46.546303,15.648803
7803,G1,46.546338,15.648922,1769016338,71.66,20.00,on_bus,46.546303,15.648803
7804,G1,46.546451,15.649145,1769016338,95.63,5.00,on_bus,46.546303,15.648803
7805,G1,46.546388,15.648816,1769016338,58.81,35.00,on_bus,46.546303,15.648803
2200,G1,46.540113,15.649649,1769016338,53.47,35.00,waiting_at_station,46.546303,15.648803
2700,G1,46.554658,15.650865,1769016338,61.39,20.00,waiting_at_station,46.546303,15.648803
2701,G1,46.554352,15.650639,1769016338,84.72,10.00,waiting_at_station,46.546303,15.648803
2800,G1,46.558637,15.655541,1769016338,54.46,35.00,waiting_at_station,46.546303,15.648803
2801,G1,46.558064,15.655317,1769016338,55.94,35.00,waiting_at_station,46.546303,15.648803
7800,G1,46.546271,15.648882,1769016339,79.58,10.00,on_bus,46.546177,15.648832
7801,G1,46.546193,15.648828,1769016339,59.28,35.00,on_bus,46.546177,15.648832
2600,G1,46.538995,15.648682,1769016339,65.61,20.00,waiting_at_station,46.546177,15.648832
2601,G1,46.539781,15.648180,1769016339,57.73,35.00,waiting_at_station,46.546177,15.648832
2602,G1,46.539832,15.647816,1769016339,49.60,35.00,waiting_at_station,46.546177,15.648832
2800,G1,46.558913,15.655898,1769016339,78.44,10.00,waiting_at_station,46.546177,15.648832
2801,G1,46.558871,15.655348,1769016339,79.90,10.00,waiting_at_station,46.546177,15.648832
7900,G1,46.546028,15.648887,1769016339,100.00,5.00,on_bus,46.546050,15.648861
7901,G1,46.546064,15.648931,1769016339,66.68,20.00,on_bus,46.546050,15.648861
7902,G1,46.546044,15.648835,1769016339,60.81,20.00,on_bus,46.546050,15.648861
7903,G1,46.546165,15.648820,1769016339,73.44,20.00,on_bus,46.546050,15.648861
2300,G1,46.532988,15.666277,1769016339,73.43,20.00,waiting_at_station,46.546050,15.648861
2400,G1,46.527402,15.683794,1769016339,75.83,10.00,waiting_at_station,46.546050,15.648861
2401,G1,46.527661,15.684315,1769016339,58.74,35.00,waiting_at_station,46.546050,15.648861
2600,G1,46.539795,15.648215,1769016339,56.72,35.00,waiting_at_station,46.546050,15.648861
2601,G1,46.539825,15.647973,1769016339,99.88,5.00,waiting_at_station,46.546050,15.648861
2700,G1,46.554370,15.650439,1769016339,65.07,20.00,waiting_at_station,46.546050,15.648861
2701,G1,46.554411,15.650560,1769016339,100.00,5.00,waiting_at_station,46.546050,15.648861
2702,G1,46.554313,15.649967,1769016339,75.52,10.00,waiting_at_station,46.546050,15.648861
7900,G1,46.545896,15.648880,1769016340,85.54,10.00,on_bus,46.545922,15.648861
7901,G1,46.545905,15.648843,1769016340,100.00,5.00,on_bus,46.545922,15.648861
7902,G1,46.545917,15.648715,1769016340,88.93,10.00,on_bus,46.545922,15.648861
7903,G1,46.545920,15.648908,1769016340,98.90,5.00,on_bus,46.545922,15.648861
2200,G1,46.540268,15.649264,1769016340,70.62,20.00,waiting_at_station,46.545922,15.648861
2201,G1,46.540155,15.649696,1769016340,67.49,20.00,waiting_at_station,46.545922,15.648861
2300,G1,46.532559,15.667376,1769016340,100.00,5.00,waiting_at_station,46.545922,15.648861
2600,G1,46.539878,15.647684,1769016340,75.94,10.00,waiting_at_station,46.545922,15.648861
2601,G1,46.539620,15.648336,1769016340,78.66,10.00,waiting_at_station,46.545922,15.648861
7900,G1,46.545713,15.648966,1769016342,79.13,10.00,on_bus,46.545794,15.648861
7901,G1,46.545706,15.648903,1769016342,91.45,5.00,on_bus,46.545794,15.648861
7902,G1,46.545833,15.648775,1769016342,69.35,20.00,on_bus,46.545794,15.648861
2300,G1,46.532684,15.666572,1769016342,95.10,5.00,waiting_at_station,46.545794,15.648861
2700,G1,46.554137,15.650497,1769016342,82.18,10.00,waiting_at_station,46.545794,15.648861
2800,G1,46.559010,15.655600,1769016342,73.92,20.00,waiting_at_station,46.545794,15.648861
8000,G1,46.545609,15.648875,1769016341,78.69,10.00,on_bus,46.545666,15.648861
8001,G1,46.545708,15.648911,1769016341,100.00,5.00,on_bus,46.545666,15.648861
8002,G1,46.545594,15.649014,1769016341,70.83,20.00,on_bus,46.545666,15.648861
8000,G1,46.545696,15.648857,1769016343,70.97,20.00,on_bus,46.545540,15.648865
8001,G1,46.545547,15.648846,1769016343,76.83,10.00,on_bus,46.545540,15.648865
2000,G1,46.559241,15.656252,1769016343,59.39,35.00,waiting_at_station,46.545540,15.648865
2100,G1,46.553107,15.650922,1769016343,82.45,10.00,waiting_at_station,46.545540,15.648865
2101,G1,46.552935,15.650187,1769016343,78.88,10.00,waiting_at_station,46.545540,15.648865
2102,G1,46.552358,15.650241,1769016343,60.63,20.00,waiting_at_station,46.545540,15.648865
2500,G1,46.530982,15.670313,1769016343,89.92,10.00,waiting_at_station,46.545540,15.648865
2501,G1,46.530557,15.669836,1769016343,69.04,20.00,waiting_at_station,46.545540,15.648865
2502,G1,46.530794,15.669851,1769016343,62.82,20.00,waiting_at_station,46.545540,15.648865
2700,G1,46.554617,15.650770,1769016343,94.81,5.00,waiting_at_station,46.545540,15.648865
2701,G1,46.554195,15.650460,1769016343,91.92,5.00,waiting_at_station,46.545540,15.648865
8000,G1,46.545333,15.648804,1769016345,72.63,20.00,on_bus,46.545414,15.648869
8001,G1,46.545437,15.648496,1769016345,59.34,35.00,on_bus,46.545414,15.648869
8002,G1,46.545496,15.648956,1769016345,60.93,20.00,on_bus,46.545414,15.648869
8003,G1,46.545335,15.648600,1769016345,92.95,5.00,on_bus,46.545414,15.648869
2000,G1,46.559411,15.655701,1769016345,52.09,35.00,waiting_at_station,46.545414,15.648869
2500,G1,46.530779,15.670623,1769016345,80.81,10.00,waiting_at_station,46.545414,15.648869
2800,G1,46.558980,15.656001,1769016345,63.03,20.00,waiting_at_station,46.545414,15.648869
2801,G1,46.559059,15.655919,1769016345,57.45,35.00,waiting_at_station,46.545414,15.648869
8100,G1,46.545299,15.648905,1769016344,80.69,10.00,on_bus,46.545288,15.648872
8101,G1,46.545187,15.648899,1769016344,74.22,20.00,on_bus,46.545288,15.648872
8102,G1,46.545030,15.648622,1769016344,59.69,35.00,on_bus,46.545288,15.648872
8103,G1,46.545276,15.648917,1769016344,67.43,20.00,on_bus,46.545288,15.648872
8104,G1,46.545265,15.648873,1769016344,82.46,10.00,on_bus,46.545288,15.648872
2300,G1,46.532469,15.666829,1769016344,43.16,50.00,waiting_at_station,46.545288,15.648872
2301,G1,46.532610,15.668194,1769016344,100.00,5.00,waiting_at_station,46.545288,15.648872
2700,G1,46.554278,15.650942,1769016344,71.28,20.00,waiting_at_station,46.545288,15.648872
2701,G1,46.554328,15.650566,1769016344,80.55,10.00,waiting_at_station,46.545288,15.648872
2702,G1,46.554132,15.650588,1769016344,84.76,10.00,waiting_at_station,46.545288,15.648872
8100,G1,46.545240,15.648708,1769016345,100.00,5.00,on_bus,46.545190,15.648874
8101,G1,46.545100,15.648983,1769016345,70.09,20.00,on_bus,46.545190,15.648874
8102,G1,46.545167,15.648865,1769016345,81.68,10.00,on_bus,46.545190,15.648874
8103,G1,46.545259,15.648769,1769016345,100.00,5.00,on_bus,46.545190,15.648874
2400,G1,46.527163,15.684215,1769016345,67.88,20.00,waiting_at_station,46.545190,15.648874
2800,G1,46.558374,15.655588,1769016345,52.31,35.00,waiting_at_station,46.545190,15.648874
2801,G1,46.558596,15.655613,1769016345,84.62,10.00,waiting_at_station,46.545190,15.648874
2802,G1,46.558440,15.655431,1769016345,92.51,5.00,waiting_at_station,46.545190,15.648874
8100,G1,46.545015,15.649009,1769016346,100.00,5.00,on_bus,46.545092,15.648876
8101,G1,46.544811,15.649070,1769016346,81.31,10.00,on_bus,46.545092,15.648876
8102,G1,46.545170,15.648970,1769016346,90.37,5.00,on_bus,46.545092,15.648876
8103,G1,46.545053,15.648979,1769016346,70.61,20.00,on_bus,46.545092,15.648876
8104,G1,46.544904,15.649310,1769016346,72.65,20.00,on_bus,46.545092,15.648876
2300,G1,46.532730,15.667256,1769016346,91.11,5.00,waiting_at_station,46.545092,15.648876
2800,G1,46.558337,15.655923,1769016346,71.90,20.00,waiting_at_station,46.545092,15.648876
2801,G1,46.558856,15.655743,1769016346,90.13,5.00,waiting_at_station,46.545092,15.648876
2802,G1,46.558734,15.655856,1769016346,86.39,10.00,waiting_at_station,46.545092,15.648876
8200,G1,46.544917,15.648895,1769016346,76.21,10.00,on_bus,46.544994,15.648878
8201,G1,46.545014,15.648930,1769016346,59.98,35.00,on_bus,46.544994,15.648878
8202,G1,46.544918,15.648807,1769016346,71.86,20.00,on_bus,46.544994,15.648878
8203,G1,46.545039,15.648767,1769016346,98.31,5.00,on_bus,46.544994,15.648878
8204,G1,46.544967,15.648901,1769016346,63.60,20.00,on_bus,46.544994,15.648878
8205,G1,46.544948,15.648898,1769016346,94.57,5.00,on_bus,46.544994,15.648878
2000,G1,46.559619,15.655880,1769016346,60.22,20.00,waiting_at_station,46.544994,15.648878
2001,G1,46.559381,15.656094,1769016346,71.02,20.00,waiting_at_station,46.544994,15.648878
2002,G1,46.560005,15.655312,1769016346,88.40,10.00,waiting_at_station,46.544994,15.648878
2100,G1,46.552794,15.650139,1769016346,76.46,10.00,waiting_at_station,46.544994,15.648878
2101,G1,46.552720,15.649951,1769016346,53.43,35.00,waiting_at_station,46.544994,15.648878
2102,G1,46.552653,15.650257,1769016346,77.75,10.00,waiting_at_station,46.544994,15.648878
2400,G1,46.527211,15.684510,1769016346,98.13,5.00,waiting_at_station,46.544994,15.648878
2401,G1,46.527607,15.684243,1769016346,72.79,20.00,waiting_at_station,46.544994,15.648878
2402,G1,46.527485,15.684551,1769016346,46.32,35.00,waiting_at_station,46.544994,15.648878
2600,G1,46.539762,15.647864,1769016346,69.33,20.00,waiting_at_station,46.544994,15.648878
2601,G1,46.539965,15.647967,1769016346,91.34,5.00,waiting_at_station,46.544994,15.648878
2800,G1,46.558624,15.655561,1769016346,71.98,20.00,waiting_at_station,46.544994,15.648878
2801,G1,46.558565,15.655670,1769016346,81.22,10.00,waiting_at_station,46.544994,15.648878
2802,G1,46.558418,15.655638,1769016346,36.64,50.00,waiting_at_station,46.544994,15.648878
8200,G1,46.544760,15.648860,1769016347,63.39,20.00,on_bus,46.544931,15.648881
8201,G1,46.544915,15.648796,1769016347,76.23,10.00,on_bus,46.544931,15.648881
8202,G1,46.545013,15.648896,1769016347,44.61,50.00,on_bus,46.544931,15.648881
2400,G1,46.527216,15.683802,1769016347,100.00,5.00,waiting_at_station,46.544931,15.648881
2401,G1,46.527411,15.683960,1769016347,65.07,20.00,waiting_at_station,46.544931,15.648881
2402,G1,46.527549,15.684260,1769016347,53.13,35.00,waiting_at_station,46.544931,15.648881
2500,G1,46.530830,15.670130,1769016347,85.32,10.00,waiting_at_station,46.544931,15.648881
2501,G1,46.530856,15.670252,1769016347,60.01,20.00,waiting_at_station,46.544931,15.648881
2502,G1,46.530744,15.670161,1769016347,58.16,35.00,waiting_at_station,46.544931,15.648881
2600,G1,46.539613,15.647852,1769016347,87.81,10.00,waiting_at_station,46.544931,15.648881
2601,G1,46.539890,15.647748,1769016347,67.67,20.00,waiting_at_station,46.544931,15.648881
8200,G1,46.544830,15.648915,1769016348,69.87,20.00,on_bus,46.544868,15.648885
8201,G1,46.544850,15.648831,1769016348,78.05,10.00,on_bus,46.544868,15.648885
8202,G1,46.544861,15.648963,1769016348,95.28,5.00,on_bus,46.544868,15.648885
8203,G1,46.544882,15.648924,1769016348,60.94,20.00,on_bus,46.544868,15.648885
2100,G1,46.552479,15.649987,1769016348,77.03,10.00,waiting_at_station,46.544868,15.648885
2101,G1,46.552776,15.650990,1769016348,66.44,20.00,waiting_at_station,46.544868,15.648885
2102,G1,46.552541,15.649942,1769016348,86.53,10.00,waiting_at_station,46.544868,15.648885
2300,G1,46.532481,15.666894,1769016348,62.46,20.00,waiting_at_station,46.544868,15.648885
2301,G1,46.532411,15.666442,1769016348,70.98,20.00,waiting_at_station,46.544868,15.648885
2302,G1,46.532302,15.667062,1769016348,69.89,20.00,waiting_at_station,46.544868,15.648885
2500,G1,46.530842,15.670152,1769016348,83.90,10.00,waiting_at_station,46.544868,15.648885
2501,G1,46.530579,15.670618,1769016348,53.61,35.00,waiting_at_station,46.544868,15.648885
2502,G1,46.530798,15.670159,1769016348,69.07,20.00,waiting_at_station,46.544868,15.648885
2700,G1,46.554308,15.650542,1769016348,82.38,10.00,waiting_at_station,46.544868,15.648885
2701,G1,46.554497,15.651022,1769016348,54.25,35.00,waiting_at_station,46.544868,15.648885
8200,G1,46.544901,15.648960,1769016348,68.59,20.00,on_bus,46.544804,15.648888
8201,G1,46.544704,15.648830,1769016348,72.23,20.00,on_bus,46.544804,15.648888
8202,G1,46.544805,15.648905,1769016348,85.95,10.00,on_bus,46.544804,15.648888
8203,G1,46.544852,15.649099,1769016348,50.46,35.00,on_bus,46.544804,15.648888
8204,G1,46.544724,15.648930,1769016348,71.29,20.00,on_bus,46.544804,15.648888
8205,G1,46.544791,15.648799,1769016348,74.53,20.00,on_bus,46.544804,15.648888
2500,G1,46.530674,15.670197,1769016348,70.26,20.00,waiting_at_station,46.544804,15.648888
2501,G1,46.530540,15.670286,1769016348,83.46,10.00,waiting_at_station,46.544804,15.648888
2800,G1,46.558424,15.656098,1769016348,84.05,10.00,waiting_at_station,46.544804,15.648888
2801,G1,46.558551,15.655915,1769016348,81.18,10.00,waiting_at_station,46.544804,15.648888
8300,G1,46.544445,15.648645,1769016348,97.54,5.00,on_bus,46.544741,15.648891
8301,G1,46.544600,15.649103,1769016348,78.76,10.00,on_bus,46.544741,15.648891
8302,G1,46.544811,15.648883,1769016348,83.70,10.00,on_bus,46.544741,15.648891
8303,G1,46.544730,15.648939,1769016348,100.00,5.00,on_bus,46.544741,15.648891
8304,G1,46.544706,15.648899,1769016348,83.00,10.00,on_bus,46.544741,15.648891
8305,G1,46.544703,15.648886,1769016348,68.57,20.00,on_bus,46.544741,15.648891
2100,G1,46.552577,15.650198,1769016348,46.86,35.00,waiting_at_station,46.544741,15.648891
2400,G1,46.527311,15.684141,1769016348,60.18,20.00,waiting_at_station,46.544741,15.648891
2401,G1,46.527483,15.684354,1769016348,91.76,5.00,waiting_at_station,46.544741,15.648891
2600,G1,46.540306,15.648204,1769016348,80.71,10.00,waiting_at_station,46.544741,15.648891
2601,G1,46.539883,15.647896,1769016348,57.26,35.00,waiting_at_station,46.544741,15.648891
2602,G1,46.539502,15.648910,1769016348,80.11,10.00,waiting_at_station,46.544741,15.648891
8300,G1,46.544744,15.648767,1769016348,100.00,5.00,on_bus,46.544712,15.648869
8301,G1,46.544672,15.648788,1769016348,61.22,20.00,on_bus,46.544712,15.648869
2000,G1,46.559592,15.655881,1769016348,98.12,5.00,waiting_at_station,46.544712,15.648869
2001,G1,46.559552,15.655998,1769016348,72.86,20.00,waiting_at_station,46.544712,15.648869
2002,G1,46.559310,15.656146,1769016348,79.98,10.00,waiting_at_station,46.544712,15.648869
2300,G1,46.532562,15.666830,1769016348,76.43,10.00,waiting_at_station,46.544712,15.648869
2301,G1,46.532528,15.666233,1769016348,93.17,5.00,waiting_at_station,46.544712,15.648869
2700,G1,46.554396,15.650671,1769016348,100.00,5.00,waiting_at_station,46.544712,15.648869
2701,G1,46.554391,15.650525,1769016348,75.24,10.00,waiting_at_station,46.544712,15.648869
8300,G1,46.544684,15.648837,1769016348,63.90,20.00,on_bus,46.544682,15.648847
8301,G1,46.544638,15.648884,1769016348,78.87,10.00,on_bus,46.544682,15.648847
8302,G1,46.544640,15.648923,1769016348,87.47,10.00,on_bus,46.544682,15.648847
8303,G1,46.544682,15.648785,1769016348,80.14,10.00,on_bus,46.544682,15.648847
2300,G1,46.532655,15.666877,1769016348,72.17,20.00,waiting_at_station,46.544682,15.648847
2301,G1,46.532390,15.666819,1769016348,52.12,35.00,waiting_at_station,46.544682,15.648847
2302,G1,46.532227,15.667106,1769016348,85.89,10.00,waiting_at_station,46.544682,15.648847
2500,G1,46.530666,15.670242,1769016348,68.96,20.00,waiting_at_station,46.544682,15.648847
2501,G1,46.530916,15.669894,1769016348,65.48,20.00,waiting_at_station,46.544682,15.648847
2502,G1,46.530660,15.670031,1769016348,81.91,10.00,waiting_at_station,46.544682,15.648847
2800,G1,46.558495,15.655280,1769016348,74.40,20.00,waiting_at_station,46.544682,15.648847
2801,G1,46.558332,15.656016,1769016348,61.59,20.00,waiting_at_station,46.544682,15.648847
2802,G1,46.558626,15.655890,1769016348,100.00,5.00,waiting_at_station,46.544682,15.648847
8300,G1,46.544735,15.648829,1769016349,68.55,20.00,on_bus,46.544653,15.648826
8301,G1,46.544564,15.648927,1769016349,72.45,20.00,on_bus,46.544653,15.648826
2000,G1,46.559928,15.655804,1769016349,58.95,35.00,waiting_at_station,46.544653,15.648826
2001,G1,46.559368,15.656302,1769016349,75.19,10.00,waiting_at_station,46.544653,15.648826
2100,G1,46.552702,15.650393,1769016349,87.66,10.00,waiting_at_station,46.544653,15.648826
2101,G1,46.553150,15.649675,1769016349,84.46,10.00,waiting_at_station,46.544653,15.648826
2500,G1,46.530864,15.669976,1769016349,96.41,5.00,waiting_at_station,46.544653,15.648826
2501,G1,46.530894,15.669903,1769016349,75.41,10.00,waiting_at_station,46.544653,15.648826
2502,G1,46.530808,15.670262,1769016349,76.92,10.00,waiting_at_station,46.544653,15.648826
2800,G1,46.558698,15.655538,1769016349,88.70,10.00,waiting_at_station,46.544653,15.648826
2801,G1,46.558726,15.655554,1769016349,70.06,20.00,waiting_at_station,46.544653,15.648826
2802,G1,46.558685,15.655419,1769016349,74.61,20.00,waiting_at_station,46.544653,15.648826
8300,G1,46.544558,15.648889,1769016350,73.99,20.00,on_bus,46.544623,15.648804
8301,G1,46.544623,15.648853,1769016350,64.28,20.00,on_bus,46.544623,15.648804
2100,G1,46.552899,15.649969,1769016350,58.44,35.00,waiting_at_station,46.544623,15.648804
2101,G1,46.552584,15.650498,1769016350,94.56,5.00,waiting_at_station,46.544623,15.648804
2102,G1,46.552741,15.650026,1769016350,81.46,10.00,waiting_at_station,46.544623,15.648804
2500,G1,46.530722,15.670062,1769016350,70.02,20.00,waiting_at_station,46.544623,15.648804
2501,G1,46.530981,15.670255,1769016350,59.83,35.00,waiting_at_station,46.544623,15.648804
2600,G1,46.540160,15.647421,1769016350,100.00,5.00,waiting_at_station,46.544623,15.648804
2800,G1,46.558516,15.655782,1769016350,57.01,35.00,waiting_at_station,46.544623,15.648804
2801,G1,46.558798,15.655707,1769016350,94.22,5.00,waiting_at_station,46.544623,15.648804
8400,G1,46.544676,15.648871,1769016349,66.27,20.00,on_bus,46.544594,15.648782
8401,G1,46.544518,15.648774,1769016349,79.15,10.00,on_bus,46.544594,15.648782
8402,G1,46.544593,15.648869,1769016349,75.77,10.00,on_bus,46.544594,15.648782
8403,G1,46.544447,15.648984,1769016349,77.68,10.00,on_bus,46.544594,15.648782
2000,G1,46.559473,15.655701,1769016349,66.28,20.00,waiting_at_station,46.544594,15.648782
2001,G1,46.559633,15.656470,1769016349,78.04,10.00,waiting_at_station,46.544594,15.648782
2300,G1,46.532314,15.666803,1769016349,93.20,5.00,waiting_at_station,46.544594,15.648782
2301,G1,46.532659,15.666566,1769016349,100.00,5.00,waiting_at_station,46.544594,15.648782
2600,G1,46.539906,15.648212,1769016349,98.23,5.00,waiting_at_station,46.544594,15.648782
8400,G1,46.544462,15.648895,1769016351,100.00,5.00,on_bus,46.544464,15.648815
8401,G1,46.544405,15.648852,1769016351,71.57,20.00,on_bus,46.544464,15.648815
2300,G1,46.532315,15.667344,1769016351,76.70,10.00,waiting_at_station,46.544464,15.648815
2400,G1,46.527566,15.684488,1769016351,93.77,5.00,waiting_at_station,46.544464,15.648815
2401,G1,46.527467,15.684501,1769016351,74.60,20.00,waiting_at_station,46.544464,15.648815
2402,G1,46.527650,15.684642,1769016351,87.54,10.00,waiting_at_station,46.544464,15.648815
2700,G1,46.554528,15.650487,1769016351,73.93,20.00,waiting_at_station,46.544464,15.648815
2701,G1,46.554676,15.651040,1769016351,89.93,10.00,waiting_at_station,46.544464,15.648815
8400,G1,46.544432,15.649130,1769016353,99.49,5.00,on_bus,46.544335,15.648847
8401,G1,46.544313,15.648889,1769016353,89.34,10.00,on_bus,46.544335,15.648847
8402,G1,46.544306,15.648794,1769016353,68.08,20.00,on_bus,46.544335,15.648847
8403,G1,46.544312,15.648921,1769016353,89.45,10.00,on_bus,46.544335,15.648847
2000,G1,46.558879,15.656328,1769016353,86.83,10.00,waiting_at_station,46.544335,15.648847
2001,G1,46.559712,15.656053,1769016353,77.57,10.00,waiting_at_station,46.544335,15.648847
2002,G1,46.559541,15.656364,1769016353,60.56,20.00,waiting_at_station,46.544335,15.648847
2400,G1,46.527434,15.684670,1769016353,82.60,10.00,waiting_at_station,46.544335,15.648847
2700,G1,46.554519,15.650123,1769016353,100.00,5.00,waiting_at_station,46.544335,15.648847
2701,G1,46.554644,15.651103,1769016353,66.19,20.00,waiting_at_station,46.544335,15.648847
2702,G1,46.554535,15.651150,1769016353,70.04,20.00,waiting_at_station,46.544335,15.648847
8500,G1,46.544246,15.648854,1769016352,78.35,10.00,on_bus,46.544205,15.648880
8501,G1,46.544272,15.648955,1769016352,66.89,20.00,on_bus,46.544205,15.648880
2300,G1,46.532424,15.666913,1769016352,61.88,20.00,waiting_at_station,46.544205,15.648880
2800,G1,46.558632,15.656107,1769016352,75.17,10.00,waiting_at_station,46.544205,15.648880
2801,G1,46.558684,15.655952,1769016352,79.55,10.00,waiting_at_station,46.544205,15.648880
2802,G1,46.558397,15.655001,1769016352,100.00,5.00,waiting_at_station,46.544205,15.648880
8500,G1,46.544102,15.648864,1769016354,83.86,10.00,on_bus,46.544102,15.648883
8501,G1,46.544109,15.648907,1769016354,78.20,10.00,on_bus,46.544102,15.648883
8502,G1,46.544095,15.648957,1769016354,66.28,20.00,on_bus,46.544102,15.648883
2100,G1,46.552766,15.650570,1769016354,82.73,10.00,waiting_at_station,46.544102,15.648883
2101,G1,46.552641,15.650175,1769016354,93.93,5.00,waiting_at_station,46.544102,15.648883
2102,G1,46.553268,15.649865,1769016354,84.08,10.00,waiting_at_station,46.544102,15.648883
2200,G1,46.540099,15.650351,1769016354,38.95,50.00,waiting_at_station,46.544102,15.648883
2201,G1,46.540031,15.649501,1769016354,70.24,20.00,waiting_at_station,46.544102,15.648883
2700,G1,46.554461,15.650374,1769016354,93.91,5.00,waiting_at_station,46.544102,15.648883
2800,G1,46.558549,15.655869,1769016354,100.00,5.00,waiting_at_station,46.544102,15.648883
2801,G1,46.558585,15.655830,1769016354,66.70,20.00,waiting_at_station,46.544102,15.648883
8500,G1,46.544093,15.648763,1769016355,76.41,10.00,on_bus,46.543999,15.648885
8501,G1,46.544027,15.648887,1769016355,76.82,10.00,on_bus,46.543999,15.648885
8502,G1,46.543922,15.648704,1769016355,76.83,10.00,on_bus,46.543999,15.648885
8503,G1,46.544030,15.648860,1769016355,100.00,5.00,on_bus,46.543999,15.648885
8504,G1,46.543953,15.648883,1769016355,57.38,35.00,on_bus,46.543999,15.648885
8600,G1,46.543866,15.648884,1769016354,87.76,10.00,on_bus,46.543896,15.648888
8601,G1,46.543877,15.648983,1769016354,94.40,5.00,on_bus,46.543896,15.648888
8602,G1,46.543933,15.648867,1769016354,63.51,20.00,on_bus,46.543896,15.648888
2300,G1,46.532786,15.666804,1769016354,67.74,20.00,waiting_at_station,46.543896,15.648888
2400,G1,46.527336,15.684350,1769016354,82.72,10.00,waiting_at_station,46.543896,15.648888
8600,G1,46.543778,15.648967,1769016355,93.99,5.00,on_bus,46.543842,15.648889
8601,G1,46.543896,15.648819,1769016355,85.03,10.00,on_bus,46.543842,15.648889
2100,G1,46.553191,15.649995,1769016355,69.37,20.00,waiting_at_station,46.543842,15.648889
2101,G1,46.552722,15.650551,1769016355,71.94,20.00,waiting_at_station,46.543842,15.648889
2102,G1,46.552779,15.650219,1769016355,49.74,35.00,waiting_at_station,46.543842,15.648889
2200,G1,46.539897,15.649559,1769016355,82.23,10.00,waiting_at_station,46.543842,15.648889
2201,G1,46.540206,15.649892,1769016355,68.36,20.00,waiting_at_station,46.543842,15.648889
2400,G1,46.527422,15.684266,1769016355,79.38,10.00,waiting_at_station,46.543842,15.648889
2401,G1,46.527271,15.684482,1769016355,56.52,35.00,waiting_at_station,46.543842,15.648889
8600,G1,46.543732,15.649206,1769016356,83.41,10.00,on_bus,46.543787,15.648891
8601,G1,46.543781,15.648866,1769016356,74.62,20.00,on_bus,46.543787,15.648891
8602,G1,46.543698,15.649087,1769016356,74.01,20.00,on_bus,46.543787,15.648891
8603,G1,46.543829,15.648986,1769016356,87.27,10.00,on_bus,46.543787,15.648891
8604,G1,46.543657,15.649226,1769016356,100.00,5.00,on_bus,46.543787,15.648891
8605,G1,46.543816,15.648943,1769016356,75.50,10.00,on_bus,46.543787,15.648891
2100,G1,46.552655,15.649998,1769016356,70.27,20.00,waiting_at_station,46.543787,15.648891
2200,G1,46.540407,15.650079,1769016356,64.04,20.00,waiting_at_station,46.543787,15.648891
2800,G1,46.558839,15.655291,1769016356,62.85,20.00,waiting_at_station,46.543787,15.648891
8600,G1,46.543808,15.648825,1769016356,94.72,5.00,on_bus,46.543733,15.648892
8601,G1,46.543699,15.648854,1769016356,82.52,10.00,on_bus,46.543733,15.648892
8602,G1,46.543834,15.648950,1769016356,81.82,10.00,on_bus,46.543733,15.648892
8603,G1,46.543720,15.648940,1769016356,90.26,5.00,on_bus,46.543733,15.648892
8604,G1,46.543712,15.648830,1769016356,80.80,10.00,on_bus,46.543733,15.648892
2200,G1,46.539860,15.649299,1769016356,70.27,20.00,waiting_at_station,46.543733,15.648892
2201,G1,46.540052,15.649832,1769016356,96.97,5.00,waiting_at_station,46.543733,15.648892
2202,G1,46.540176,15.649822,1769016356,97.37,5.00,waiting_at_station,46.543733,15.648892
2300,G1,46.532375,15.666901,1769016356,84.56,10.00,waiting_at_station,46.543733,15.648892
2301,G1,46.532692,15.666545,1769016356,80.98,10.00,waiting_at_station,46.543733,15.648892
2400,G1,46.527411,15.684251,1769016356,89.50,10.00,waiting_at_station,46.543733,15.648892
2401,G1,46.527764,15.684826,1769016356,81.41,10.00,waiting_at_station,46.543733,15.648892
2402,G1,46.527467,15.684212,1769016356,92.76,5.00,waiting_at_station,46.543733,15.648892
2700,G1,46.554604,15.650632,1769016356,65.21,20.00,waiting_at_station,46.543733,15.648892
2701,G1,46.554448,15.650436,1769016356,57.82,35.00,waiting_at_station,46.543733,15.648892
2800,G1,46.558653,15.655597,1769016356,91.35,5.00,waiting_at_station,46.543733,15.648892
8600,G1,46.543747,15.648675,1769016357,85.79,10.00,on_bus,46.543679,15.648894
8601,G1,46.543853,15.649097,1769016357,83.70,10.00,on_bus,46.543679,15.648894
8602,G1,46.543638,15.648825,1769016357,80.87,10.00,on_bus,46.543679,15.648894
8603,G1,46.543689,15.648824,1769016357,73.04,20.00,on_bus,46.543679,15.648894
8604,G1,46.543688,15.648863,1769016357,89.08,10.00,on_bus,46.543679,15.648894
2200,G1,46.539811,15.649351,1769016357,84.66,10.00,waiting_at_station,46.543679,15.648894
2600,G1,46.539756,15.647998,1769016357,98.24,5.00,waiting_at_station,46.543679,15.648894
2601,G1,46.539694,15.648042,1769016357,55.94,35.00,waiting_at_station,46.543679,15.648894
2700,G1,46.554294,15.650111,1769016357,61.07,20.00,waiting_at_station,46.543679,15.648894
2701,G1,46.554462,15.650602,1769016357,65.55,20.00,waiting_at_station,46.543679,15.648894
8600,G1,46.543619,15.648921,1769016358,100.00,5.00,on_bus,46.543624,15.648896
8601,G1,46.543598,15.648869,1769016358,82.57,10.00,on_bus,46.543624,15.648896
2000,G1,46.559673,15.655878,1769016358,68.81,20.00,waiting_at_station,46.543624,15.648896
2100,G1,46.552629,15.649984,1769016358,53.75,35.00,waiting_at_station,46.543624,15.648896
2300,G1,46.532485,15.667029,1769016358,86.67,10.00,waiting_at_station,46.543624,15.648896
2700,G1,46.554270,15.650446,1769016358,72.92,20.00,waiting_at_station,46.543624,15.648896
8700,G1,46.543692,15.648741,1769016357,100.00,5.00,on_bus,46.543570,15.648897
8701,G1,46.543720,15.648888,1769016357,78.90,10.00,on_bus,46.543570,15.648897
8702,G1,46.543552,15.648911,1769016357,82.82,10.00,on_bus,46.543570,15.648897
8703,G1,46.543531,15.649072,1769016357,98.21,5.00,on_bus,46.543570,15.648897
8704,G1,46.543661,15.648950,1769016357,83.03,10.00,on_bus,46.543570,15.648897
2200,G1,46.540306,15.649867,1769016357,70.49,20.00,waiting_at_station,46.543570,15.648897
2201,G1,46.540191,15.649891,1769016357,59.11,35.00,waiting_at_station,46.543570,15.648897
2202,G1,46.539624,15.648915,1769016357,85.93,10.00,waiting_at_station,46.543570,15.648897
2300,G1,46.532958,15.667066,1769016357,80.83,10.00,waiting_at_station,46.543570,15.648897
2301,G1,46.532278,15.667093,1769016357,76.95,10.00,waiting_at_station,46.543570,15.648897
2400,G1,46.527470,15.684400,1769016357,66.60,20.00,waiting_at_station,46.543570,15.648897
8700,G1,46.543479,15.649043,1769016357,95.91,5.00,on_bus,46.543488,15.648893
8701,G1,46.543607,15.648718,1769016357,74.38,20.00,on_bus,46.543488,15.648893
8702,G1,46.543492,15.649050,1769016357,88.38,10.00,on_bus,46.543488,15.648893
2200,G1,46.540192,15.649733,1769016357,63.17,20.00,waiting_at_station,46.543488,15.648893
2500,G1,46.530741,15.670239,1769016357,98.36,5.00,waiting_at_station,46.543488,15.648893
2501,G1,46.530900,15.670427,1769016357,100.00,5.00,waiting_at_station,46.543488,15.648893
2600,G1,46.539914,15.648016,1769016357,53.89,35.00,waiting_at_station,46.543488,15.648893
2601,G1,46.539974,15.648425,1769016357,84.35,10.00,waiting_at_station,46.543488,15.648893
2602,G1,46.539854,15.648203,1769016357,44.30,50.00,waiting_at_station,46.543488,15.648893
2700,G1,46.554468,15.650458,1769016357,70.93,20.00,waiting_at_station,46.543488,15.648893
2701,G1,46.554005,15.650537,1769016357,62.26,20.00,waiting_at_station,46.543488,15.648893
2702,G1,46.554600,15.650544,1769016357,78.53,10.00,waiting_at_station,46.543488,15.648893
2800,G1,46.558338,15.655997,1769016357,85.04,10.00,waiting_at_station,46.543488,15.648893
8700,G1,46.543334,15.648773,1769016358,64.39,20.00,on_bus,46.543405,15.648890
8701,G1,46.543461,15.648971,1769016358,75.40,10.00,on_bus,46.543405,15.648890
8702,G1,46.543301,15.648907,1769016358,89.85,10.00,on_bus,46.543405,15.648890
2000,G1,46.559622,15.656136,1769016358,80.75,10.00,waiting_at_station,46.543405,15.648890
2001,G1,46.559677,15.655779,1769016358,89.75,10.00,waiting_at_station,46.543405,15.648890
2800,G1,46.558761,15.655180,1769016358,96.37,5.00,waiting_at_station,46.543405,15.648890
2801,G1,46.558638,15.655710,1769016358,59.32,35.00,waiting_at_station,46.543405,15.648890
2802,G1,46.558830,15.655725,1769016358,63.96,20.00,waiting_at_station,46.543405,15.648890
8700,G1,46.543328,15.648861,1769016360,79.99,10.00,on_bus,46.543323,15.648886
8701,G1,46.543289,15.649025,1769016360,61.65,20.00,on_bus,46.543323,15.648886
8702,G1,46.543333,15.648802,1769016360,100.00,5.00,on_bus,46.543323,15.648886
2100,G1,46.552300,15.649702,1769016360,61.13,20.00,waiting_at_station,46.543323,15.648886
2101,G1,46.552731,15.650279,1769016360,69.17,20.00,waiting_at_station,46.543323,15.648886
2102,G1,46.552976,15.650171,1769016360,98.57,5.00,waiting_at_station,46.543323,15.648886
2300,G1,46.532435,15.666899,1769016360,80.35,10.00,waiting_at_station,46.543323,15.648886
2301,G1,46.532420,15.666608,1769016360,70.88,20.00,waiting_at_station,46.543323,15.648886
2302,G1,46.532122,15.666567,1769016360,60.08,20.00,waiting_at_station,46.543323,15.648886
8700,G1,46.543301,15.648802,1769016361,100.00,5.00,on_bus,46.543240,15.648882
8701,G1,46.543192,15.648877,1769016361,100.00,5.00,on_bus,46.543240,15.648882
8702,G1,46.543247,15.648831,1769016361,93.04,5.00,on_bus,46.543240,15.648882
8703,G1,46.543224,15.648632,1769016361,93.12,5.00,on_bus,46.543240,15.648882
2300,G1,46.532542,15.667068,1769016361,78.69,10.00,waiting_at_station,46.543240,15.648882
2301,G1,46.532703,15.666919,1769016361,78.02,10.00,waiting_at_station,46.543240,15.648882
2302,G1,46.532501,15.666941,1769016361,66.64,20.00,waiting_at_station,46.543240,15.648882
2400,G1,46.527874,15.684049,1769016361,79.64,10.00,waiting_at_station,46.543240,15.648882
2401,G1,46.527865,15.684664,1769016361,77.87,10.00,waiting_at_station,46.543240,15.648882
8700,G1,46.543140,15.649135,1769016363,90.52,5.00,on_bus,46.543157,15.648879
8701,G1,46.543233,15.648916,1769016363,79.50,10.00,on_bus,46.543157,15.648879
8702,G1,46.543158,15.648899,1769016363,71.40,20.00,on_bus,46.543157,15.648879
8703,G1,46.543038,15.648914,1769016363,63.64,20.00,on_bus,46.543157,15.648879
2500,G1,46.530396,15.670301,1769016363,61.88,20.00,waiting_at_station,46.543157,15.648879
2700,G1,46.554540,15.650462,1769016363,92.75,5.00,waiting_at_station,46.543157,15.648879
8800,G1,46.543068,15.648927,1769016360,100.00,5.00,on_bus,46.543075,15.648875
8801,G1,46.543074,15.648907,1769016360,81.97,10.00,on_bus,46.543075,15.648875
8802,G1,46.543085,15.648889,1769016360,89.37,10.00,on_bus,46.543075,15.648875
8803,G1,46.543089,15.648724,1769016360,73.16,20.00,on_bus,46.543075,15.648875
8804,G1,46.543114,15.648870,1769016360,97.63,5.00,on_bus,46.543075,15.648875
8805,G1,46.543079,15.648769,1769016360,96.26,5.00,on_bus,46.543075,15.648875
2500,G1,46.531089,15.670475,1769016360,90.57,5.00,waiting_at_station,46.543075,15.648875
2501,G1,46.530829,15.669663,1769016360,84.64,10.00,waiting_at_station,46.543075,15.648875
2502,G1,46.530701,15.670004,1769016360,88.38,10.00,waiting_at_station,46.543075,15.648875
2600,G1,46.540295,15.647936,1769016360,65.93,20.00,waiting_at_station,46.543075,15.648875
2601,G1,46.539900,15.648249,1769016360,74.66,20.00,waiting_at_station,46.543075,15.648875
2700,G1,46.555192,15.651861,1769016360,87.24,10.00,waiting_at_station,46.543075,15.648875
2701,G1,46.554503,15.650618,1769016360,83.92,10.00,waiting_at_station,46.543075,15.648875
8800,G1,46.542923,15.648629,1769016361,90.46,5.00,on_bus,46.542985,15.648850
8801,G1,46.542947,15.648843,1769016361,71.23,20.00,on_bus,46.542985,15.648850
8802,G1,46.543134,15.648948,1769016361,82.53,10.00,on_bus,46.542985,15.648850
8803,G1,46.543043,15.648924,1769016361,79.79,10.00,on_bus,46.542985,15.648850
2400,G1,46.527488,15.684445,1769016361,62.19,20.00,waiting_at_station,46.542985,15.648850
2401,G1,46.527428,15.684395,1769016361,66.66,20.00,waiting_at_station,46.542985,15.648850
2500,G1,46.531138,15.670178,1769016361,100.00,5.00,waiting_at_station,46.542985,15.648850
2501,G1,46.531162,15.670233,1769016361,97.01,5.00,waiting_at_station,46.542985,15.648850
2800,G1,46.558787,15.655665,1769016361,67.96,20.00,waiting_at_station,46.542985,15.648850
2801,G1,46.558409,15.655955,1769016361,75.79,10.00,waiting_at_station,46.542985,15.648850
8800,G1,46.542879,15.648825,1769016362,75.74,10.00,on_bus,46.542894,15.648825
8801,G1,46.542910,15.648823,1769016362,66.86,20.00,on_bus,46.542894,15.648825
8802,G1,46.542659,15.648863,1769016362,67.15,20.00,on_bus,46.542894,15.648825
8803,G1,46.542952,15.648834,1769016362,88.41,10.00,on_bus,46.542894,15.648825
8804,G1,46.542950,15.648890,1769016362,72.50,20.00,on_bus,46.542894,15.648825
2000,G1,46.559856,15.655595,1769016362,96.43,5.00,waiting_at_station,46.542894,15.648825
2001,G1,46.559310,15.655602,1769016362,68.33,20.00,waiting_at_station,46.542894,15.648825
2002,G1,46.559668,15.655582,1769016362,83.57,10.00,waiting_at_station,46.542894,15.648825
2800,G1,46.558375,15.656136,1769016362,93.90,5.00,waiting_at_station,46.542894,15.648825
2801,G1,46.558724,15.655737,1769016362,90.25,5.00,waiting_at_station,46.542894,15.648825
2802,G1,46.558767,15.655640,1769016362,75.63,10.00,waiting_at_station,46.542894,15.648825
8800,G1,46.542813,15.648836,1769016364,84.98,10.00,on_bus,46.542804,15.648799
8801,G1,46.542976,15.648698,1769016364,75.01,10.00,on_bus,46.542804,15.648799
8802,G1,46.542740,15.648756,1769016364,91.75,5.00,on_bus,46.542804,15.648799
8803,G1,46.542748,15.648714,1769016364,99.94,5.00,on_bus,46.542804,15.648799
8804,G1,46.542795,15.648786,1769016364,49.01,35.00,on_bus,46.542804,15.648799
8805,G1,46.542722,15.648649,1769016364,100.00,5.00,on_bus,46.542804,15.648799
2600,G1,46.539991,15.647852,1769016364,71.72,20.00,waiting_at_station,46.542804,15.648799
2601,G1,46.539617,15.648263,1769016364,100.00,5.00,waiting_at_station,46.542804,15.648799
2602,G1,46.539894,15.647859,1769016364,86.50,10.00,waiting_at_station,46.542804,15.648799
8800,G1,46.542792,15.648869,1769016365,99.35,5.00,on_bus,46.542713,15.648774
8801,G1,46.542710,15.648670,1769016365,87.07,10.00,on_bus,46.542713,15.648774
8802,G1,46.542700,15.648812,1769016365,72.87,20.00,on_bus,46.542713,15.648774
8803,G1,46.542666,15.648795,1769016365,83.71,10.00,on_bus,46.542713,15.648774
8804,G1,46.542714,15.648898,1769016365,58.45,35.00,on_bus,46.542713,15.648774
8805,G1,46.542693,15.648811,1769016365,82.83,10.00,on_bus,46.542713,15.648774
2000,G1,46.559105,15.656145,1769016365,52.46,35.00,waiting_at_station,46.542713,15.648774
2001,G1,46.559625,15.656022,1769016365,98.09,5.00,waiting_at_station,46.542713,15.648774
2400,G1,46.527442,15.684297,1769016365,57.76,35.00,waiting_at_station,46.542713,15.648774
2600,G1,46.539958,15.648238,1769016365,48.89,35.00,waiting_at_station,46.542713,15.648774
8800,G1,46.542665,15.648698,1769016367,84.52,10.00,on_bus,46.542623,15.648749
8801,G1,46.542552,15.648729,1769016367,68.15,20.00,on_bus,46.542623,15.648749
8802,G1,46.542624,15.648711,1769016367,83.52,10.00,on_bus,46.542623,15.648749
2100,G1,46.552721,15.650305,1769016367,100.00,5.00,waiting_at_station,46.542623,15.648749
2101,G1,46.552620,15.650023,1769016367,92.14,5.00,waiting_at_station,46.542623,15.648749
2102,G1,46.552909,15.650214,1769016367,95.95,5.00,waiting_at_station,46.542623,15.648749
2600,G1,46.539758,15.648390,1769016367,75.60,10.00,waiting_at_station,46.542623,15.648749
2601,G1,46.539642,15.648066,1769016367,95.81,5.00,waiting_at_station,46.542623,15.648749
2602,G1,46.539847,15.648023,1769016367,63.35,20.00,waiting_at_station,46.542623,15.648749
2800,G1,46.558676,15.655375,1769016367,77.31,10.00,waiting_at_station,46.542623,15.648749
8900,G1,46.542587,15.648898,1769016364,90.69,5.00,on_bus,46.542532,15.648724
8901,G1,46.542465,15.648529,1769016364,81.08,10.00,on_bus,46.542532,15.648724
8902,G1,46.542478,15.648751,1769016364,84.06,10.00,on_bus,46.542532,15.648724
8903,G1,46.542388,15.648745,1769016364,86.32,10.00,on_bus,46.542532,15.648724
8904,G1,46.542568,15.648626,1769016364,94.14,5.00,on_bus,46.542532,15.648724
8905,G1,46.542475,15.648523,1769016364,64.85,20.00,on_bus,46.542532,15.648724
2200,G1,46.540047,15.649512,1769016364,78.65,10.00,waiting_at_station,46.542532,15.648724
2201,G1,46.540045,15.649517,1769016364,84.04,10.00,waiting_at_station,46.542532,15.648724
2202,G1,46.540120,15.649924,1769016364,90.51,5.00,waiting_at_station,46.542532,15.648724
2300,G1,46.532355,15.667236,1769016364,85.63,10.00,waiting_at_station,46.542532,15.648724
2301,G1,46.532679,15.667099,1769016364,90.45,5.00,waiting_at_station,46.542532,15.648724
2302,G1,46.532524,15.666638,1769016364,95.45,5.00,waiting_at_station,46.542532,15.648724
2600,G1,46.540178,15.648387,1769016364,71.01,20.00,waiting_at_station,46.542532,15.648724
2601,G1,46.540699,15.647791,1769016364,70.98,20.00,waiting_at_station,46.542532,15.648724
8900,G1,46.542507,15.648695,1769016366,100.00,5.00,on_bus,46.542395,15.648663
8901,G1,46.542354,15.648782,1769016366,78.49,10.00,on_bus,46.542395,15.648663
8902,G1,46.542410,15.648712,1769016366,50.11,35.00,on_bus,46.542395,15.648663
2300,G1,46.532628,15.666798,1769016366,68.88,20.00,waiting_at_station,46.542395,15.648663
2500,G1,46.530731,15.670707,1769016366,77.26,10.00,waiting_at_station,46.542395,15.648663
2501,G1,46.530726,15.670109,1769016366,53.75,35.00,waiting_at_station,46.542395,15.648663
2600,G1,46.540203,15.647828,1769016366,56.67,35.00,waiting_at_station,46.542395,15.648663
2601,G1,46.539715,15.648289,1769016366,82.13,10.00,waiting_at_station,46.542395,15.648663
2700,G1,46.554813,15.651208,1769016366,74.10,20.00,waiting_at_station,46.542395,15.648663
2701,G1,46.554436,15.650545,1769016366,100.00,5.00,waiting_at_station,46.542395,15.648663
2800,G1,46.558675,15.655699,1769016366,74.47,20.00,waiting_at_station,46.542395,15.648663
8900,G1,46.542261,15.648412,1769016368,87.08,10.00,on_bus,46.542259,15.648603
8901,G1,46.542305,15.648636,1769016368,46.19,35.00,on_bus,46.542259,15.648603
8902,G1,46.542237,15.648597,1769016368,95.35,5.00,on_bus,46.542259,15.648603
8903,G1,46.542180,15.648501,1769016368,72.71,20.00,on_bus,46.542259,15.648603
8904,G1,46.542318,15.648565,1769016368,82.92,10.00,on_bus,46.542259,15.648603
2000,G1,46.559644,15.655885,1769016368,93.73,5.00,waiting_at_station,46.542259,15.648603
2100,G1,46.552779,15.650333,1769016368,60.09,20.00,waiting_at_station,46.542259,15.648603
2101,G1,46.552626,15.650780,1769016368,69.35,20.00,waiting_at_station,46.542259,15.648603
2500,G1,46.530831,15.670190,1769016368,44.57,50.00,waiting_at_station,46.542259,15.648603
2501,G1,46.530430,15.670085,1769016368,90.77,5.00,waiting_at_station,46.542259,15.648603
2502,G1,46.530862,15.670179,1769016368,80.26,10.00,waiting_at_station,46.542259,15.648603
9000,G1,46.542110,15.648520,1769016367,87.83,10.00,on_bus,46.542122,15.648542
9001,G1,46.542041,15.648432,1769016367,99.88,5.00,on_bus,46.542122,15.648542
9002,G1,46.542141,15.648553,1769016367,86.86,10.00,on_bus,46.542122,15.648542
9003,G1,46.542064,15.648898,1769016367,86.29,10.00,on_bus,46.542122,15.648542
9004,G1,46.542189,15.648393,1769016367,74.68,20.00,on_bus,46.542122,15.648542
9005,G1,46.542089,15.648553,1769016367,85.11,10.00,on_bus,46.542122,15.648542
2300,G1,46.533079,15.666603,1769016367,73.49,20.00,waiting_at_station,46.542122,15.648542
2301,G1,46.532827,15.667565,1769016367,67.83,20.00,waiting_at_station,46.542122,15.648542
9000,G1,46.542052,15.648469,1769016368,95.82,5.00,on_bus,46.542057,15.648512
9001,G1,46.542073,15.648552,1769016368,62.86,20.00,on_bus,46.542057,15.648512
9002,G1,46.542115,15.648172,1769016368,73.73,20.00,on_bus,46.542057,15.648512
2500,G1,46.530908,15.670159,1769016368,82.74,10.00,waiting_at_station,46.542057,15.648512
2700,G1,46.554226,15.649555,1769016368,80.59,10.00,waiting_at_station,46.542057,15.648512
2701,G1,46.554154,15.650341,1769016368,100.00,5.00,waiting_at_station,46.542057,15.648512
9000,G1,46.542022,15.648366,1769016369,62.60,20.00,on_bus,46.541993,15.648482
9001,G1,46.541864,15.648538,1769016369,79.47,10.00,on_bus,46.541993,15.648482
2500,G1,46.530913,15.670290,1769016369,100.00,5.00,waiting_at_station,46.541993,15.648482
2501,G1,46.530777,15.670198,1769016369,85.43,10.00,waiting_at_station,46.541993,15.648482
2700,G1,46.554731,15.650302,1769016369,62.40,20.00,waiting_at_station,46.541993,15.648482
2701,G1,46.553786,15.651061,1769016369,88.75,10.00,waiting_at_station,46.541993,15.648482
9000,G1,46.541918,15.648571,1769016370,74.37,20.00,on_bus,46.541928,15.648452
9001,G1,46.541895,15.648407,1769016370,54.48,35.00,on_bus,46.541928,15.648452
2100,G1,46.552723,15.649583,1769016370,65.81,20.00,waiting_at_station,46.541928,15.648452
2101,G1,46.552644,15.650176,1769016370,51.41,35.00,waiting_at_station,46.541928,15.648452
2102,G1,46.552699,15.650166,1769016370,85.11,10.00,waiting_at_station,46.541928,15.648452
2200,G1,46.540277,15.649545,1769016370,86.30,10.00,waiting_at_station,46.541928,15.648452
2201,G1,46.540083,15.649601,1769016370,70.04,20.00,waiting_at_station,46.541928,15.648452
2400,G1,46.527347,15.684019,1769016370,65.43,20.00,waiting_at_station,46.541928,15.648452
2401,G1,46.526849,15.684361,1769016370,40.41,50.00,waiting_at_station,46.541928,15.648452
2500,G1,46.530573,15.670449,1769016370,73.54,20.00,waiting_at_station,46.541928,15.648452
2501,G1,46.531041,15.670306,1769016370,74.18,20.00,waiting_at_station,46.541928,15.648452
2502,G1,46.530835,15.670095,1769016370,89.75,10.00,waiting_at_station,46.541928,15.648452
2700,G1,46.554448,15.650433,1769016370,81.31,10.00,waiting_at_station,46.541928,15.648452
2701,G1,46.554002,15.650938,1769016370,70.87,20.00,waiting_at_station,46.541928,15.648452
2702,G1,46.554527,15.650206,1769016370,71.07,20.00,waiting_at_station,46.541928,15.648452
9000,G1,46.541984,15.648254,1769016371,90.51,5.00,on_bus,46.541863,15.648422
9001,G1,46.541844,15.648376,1769016371,81.88,10.00,on_bus,46.541863,15.648422
9002,G1,46.541851,15.648389,1769016371,69.89,20.00,on_bus,46.541863,15.648422
2200,G1,46.539989,15.649568,1769016371,71.60,20.00,waiting_at_station,46.541863,15.648422
2201,G1,46.540098,15.649683,1769016371,66.48,20.00,waiting_at_station,46.541863,15.648422
2202,G1,46.540210,15.650014,1769016371,97.27,5.00,waiting_at_station,46.541863,15.648422
2400,G1,46.527430,15.684207,1769016371,92.14,5.00,waiting_at_station,46.541863,15.648422
2401,G1,46.527257,15.684220,1769016371,61.50,20.00,waiting_at_station,46.541863,15.648422
2500,G1,46.530664,15.670220,1769016371,70.90,20.00,waiting_at_station,46.541863,15.648422
2501,G1,46.530533,15.669957,1769016371,71.60,20.00,waiting_at_station,46.541863,15.648422
2800,G1,46.558720,15.655499,1769016371,77.04,10.00,waiting_at_station,46.541863,15.648422
9000,G1,46.541812,15.648419,1769016372,98.68,5.00,on_bus,46.541799,15.648392
9001,G1,46.541929,15.648283,1769016372,87.44,10.00,on_bus,46.541799,15.648392
2000,G1,46.559302,15.655860,1769016372,96.90,5.00,waiting_at_station,46.541799,15.648392
2001,G1,46.559523,15.655976,1769016372,91.84,5.00,waiting_at_station,46.541799,15.648392
2200,G1,46.539736,15.649355,1769016372,78.84,10.00,waiting_at_station,46.541799,15.648392
2600,G1,46.539708,15.648233,1769016372,100.00,5.00,waiting_at_station,46.541799,15.648392
2601,G1,46.539713,15.647517,1769016372,47.59,35.00,waiting_at_station,46.541799,15.648392
9100,G1,46.541702,15.648356,1769016370,62.16,20.00,on_bus,46.541734,15.648362
9101,G1,46.541686,15.648343,1769016370,81.99,10.00,on_bus,46.541734,15.648362
9102,G1,46.541699,15.648371,1769016370,78.68,10.00,on_bus,46.541734,15.648362
2100,G1,46.552639,15.650472,1769016370,54.92,35.00,waiting_at_station,46.541734,15.648362
2101,G1,46.552630,15.650159,1769016370,81.20,10.00,waiting_at_station,46.541734,15.648362
2400,G1,46.528043,15.683591,1769016370,65.05,20.00,waiting_at_station,46.541734,15.648362
2401,G1,46.527571,15.683969,1769016370,38.00,50.00,waiting_at_station,46.541734,15.648362
2402,G1,46.527399,15.684050,1769016370,100.00,5.00,waiting_at_station,46.541734,15.648362
2500,G1,46.530923,15.670039,1769016370,74.04,20.00,waiting_at_station,46.541734,15.648362
2501,G1,46.530769,15.670377,1769016370,49.84,35.00,waiting_at_station,46.541734,15.648362
2800,G1,46.558784,15.655845,1769016370,77.54,10.00,waiting_at_station,46.541734,15.648362
9100,G1,46.541593,15.648232,1769016371,99.00,5.00,on_bus,46.541642,15.648320
9101,G1,46.541661,15.648241,1769016371,100.00,5.00,on_bus,46.541642,15.648320
9102,G1,46.541727,15.648371,1769016371,85.17,10.00,on_bus,46.541642,15.648320
9103,G1,46.541693,15.648300,1769016371,65.82,20.00,on_bus,46.541642,15.648320
9104,G1,46.541653,15.648313,1769016371,72.96,20.00,on_bus,46.541642,15.648320
2400,G1,46.527684,15.684392,1769016371,89.28,10.00,waiting_at_station,46.541642,15.648320
2401,G1,46.527386,15.684891,1769016371,98.92,5.00,waiting_at_station,46.541642,15.648320
2402,G1,46.528005,15.684459,1769016371,86.30,10.00,waiting_at_station,46.541642,15.648320
2700,G1,46.555316,15.651688,1769016371,100.00,5.00,waiting_at_station,46.541642,15.648320
2701,G1,46.554236,15.649903,1769016371,78.15,10.00,waiting_at_station,46.541642,15.648320
9100,G1,46.541503,15.648295,1769016372,86.38,10.00,on_bus,46.541550,15.648277
9101,G1,46.541605,15.648314,1769016372,99.82,5.00,on_bus,46.541550,15.648277
2000,G1,46.559912,15.656006,1769016372,97.04,5.00,waiting_at_station,46.541550,15.648277
2300,G1,46.532489,15.666401,1769016372,64.76,20.00,waiting_at_station,46.541550,15.648277
2301,G1,46.532907,15.667087,1769016372,70.96,20.00,waiting_at_station,46.541550,15.648277
2800,G1,46.558825,15.654940,1769016372,80.10,10.00,waiting_at_station,46.541550,15.648277
9100,G1,46.541558,15.648236,1769016374,69.81,20.00,on_bus,46.541459,15.648235
9101,G1,46.541500,15.648230,1769016374,75.86,10.00,on_bus,46.541459,15.648235
2000,G1,46.558937,15.656274,1769016374,99.20,5.00,waiting_at_station,46.541459,15.648235
2700,G1,46.554326,15.650807,1769016374,79.52,10.00,waiting_at_station,46.541459,15.648235
2800,G1,46.558714,15.655858,1769016374,83.23,10.00,waiting_at_station,46.541459,15.648235
2801,G1,46.558822,15.655847,1769016374,75.48,10.00,waiting_at_station,46.541459,15.648235
9200,G1,46.541436,15.648264,1769016373,99.84,5.00,on_bus,46.541367,15.648193
9201,G1,46.541201,15.648105,1769016373,84.72,10.00,on_bus,46.541367,15.648193
9202,G1,46.541241,15.648304,1769016373,81.93,10.00,on_bus,46.541367,15.648193
9203,G1,46.541324,15.648327,1769016373,51.87,35.00,on_bus,46.541367,15.648193
9204,G1,46.541387,15.648225,1769016373,73.21,20.00,on_bus,46.541367,15.648193
9205,G1,46.541340,15.648269,1769016373,89.94,10.00,on_bus,46.541367,15.648193
2000,G1,46.559946,15.656211,1769016373,77.32,10.00,waiting_at_station,46.541367,15.648193
2300,G1,46.532408,15.667299,1769016373,56.83,35.00,waiting_at_station,46.541367,15.648193
2301,G1,46.532496,15.667216,1769016373,59.25,35.00,waiting_at_station,46.541367,15.648193
2400,G1,46.527366,15.684707,1769016373,59.90,35.00,waiting_at_station,46.541367,15.648193
2800,G1,46.558037,15.655985,1769016373,72.13,20.00,waiting_at_station,46.541367,15.648193
9200,G1,46.541307,15.647995,1769016373,100.00,5.00,on_bus,46.541291,15.648159
9201,G1,46.541268,15.648175,1769016373,62.62,20.00,on_bus,46.541291,15.648159
2300,G1,46.532627,15.667032,1769016373,91.85,5.00,waiting_at_station,46.541291,15.648159
2301,G1,46.532558,15.667223,1769016373,51.38,35.00,waiting_at_station,46.541291,15.648159
2302,G1,46.532453,15.666801,1769016373,93.47,5.00,waiting_at_station,46.541291,15.648159
9200,G1,46.541229,15.648014,1769016375,100.00,5.00,on_bus,46.541216,15.648126
9201,G1,46.541222,15.648164,1769016375,83.68,10.00,on_bus,46.541216,15.648126
2700,G1,46.554662,15.650119,1769016375,72.50,20.00,waiting_at_station,46.541216,15.648126
9200,G1,46.541130,15.648182,1769016376,70.42,20.00,on_bus,46.541140,15.648093
9201,G1,46.541154,15.648039,1769016376,81.93,10.00,on_bus,46.541140,15.648093
2000,G1,46.559699,15.656033,1769016376,65.40,20.00,waiting_at_station,46.541140,15.648093
2001,G1,46.559850,15.655774,1769016376,79.19,10.00,waiting_at_station,46.541140,15.648093
2002,G1,46.559659,15.655930,1769016376,92.66,5.00,waiting_at_station,46.541140,15.648093
2300,G1,46.532589,15.666926,1769016376,87.18,10.00,waiting_at_station,46.541140,15.648093
2500,G1,46.530807,15.670316,1769016376,75.32,10.00,waiting_at_station,46.541140,15.648093
2501,G1,46.530608,15.670200,1769016376,65.27,20.00,waiting_at_station,46.541140,15.648093
2600,G1,46.539772,15.648037,1769016376,73.89,20.00,waiting_at_station,46.541140,15.648093
2700,G1,46.554177,15.650471,1769016376,57.91,35.00,waiting_at_station,46.541140,15.648093
2701,G1,46.554336,15.650866,1769016376,58.44,35.00,waiting_at_station,46.541140,15.648093
2702,G1,46.554318,15.650361,1769016376,53.28,35.00,waiting_at_station,46.541140,15.648093
9200,G1,46.540963,15.648077,1769016378,96.69,5.00,on_bus,46.541064,15.648059
9201,G1,46.541012,15.648050,1769016378,60.05,20.00,on_bus,46.541064,15.648059
9202,G1,46.540941,15.647910,1769016378,74.44,20.00,on_bus,46.541064,15.648059
9200,G1,46.540984,15.648063,1769016378,98.86,5.00,on_bus,46.540989,15.648025
9201,G1,46.540967,15.648095,1769016378,93.55,5.00,on_bus,46.540989,15.648025
9202,G1,46.540910,15.648090,1769016378,64.67,20.00,on_bus,46.540989,15.648025
9203,G1,46.540976,15.647955,1769016378,100.00,5.00,on_bus,46.540989,15.648025
2300,G1,46.532537,15.666830,1769016378,96.58,5.00,waiting_at_station,46.540989,15.648025
2700,G1,46.554434,15.650600,1769016378,46.90,35.00,waiting_at_station,46.540989,15.648025
2701,G1,46.554365,15.650681,1769016378,83.69,10.00,waiting_at_station,46.540989,15.648025
2800,G1,46.558851,15.655744,1769016378,63.96,20.00,waiting_at_station,46.540989,15.648025
2801,G1,46.558714,15.656018,1769016378,85.68,10.00,waiting_at_station,46.540989,15.648025
9300,G1,46.540901,15.647948,1769016376,95.28,5.00,on_bus,46.540913,15.647992
9301,G1,46.540807,15.648029,1769016376,61.64,20.00,on_bus,46.540913,15.647992
9302,G1,46.540929,15.647981,1769016376,62.93,20.00,on_bus,46.540913,15.647992
9303,G1,46.540948,15.647888,1769016376,95.19,5.00,on_bus,46.540913,15.647992
9304,G1,46.540906,15.648028,1769016376,75.86,10.00,on_bus,46.540913,15.647992
9305,G1,46.540974,15.648027,1769016376,69.70,20.00,on_bus,46.540913,15.647992
2600,G1,46.539451,15.647907,1769016376,80.96,10.00,waiting_at_station,46.540913,15.647992
2700,G1,46.554731,15.651048,1769016376,59.98,35.00,waiting_at_station,46.540913,15.647992
2701,G1,46.554425,15.650296,1769016376,100.00,5.00,waiting_at_station,46.540913,15.647992
2702,G1,46.554543,15.650687,1769016376,66.07,20.00,waiting_at_station,46.540913,15.647992
9300,G1,46.540880,15.648053,1769016377,72.23,20.00,on_bus,46.540847,15.647962
9301,G1,46.540977,15.648077,1769016377,87.49,10.00,on_bus,46.540847,15.647962
9302,G1,46.540780,15.648063,1769016377,55.49,35.00,on_bus,46.540847,15.647962
2000,G1,46.559272,15.656069,1769016377,72.88,20.00,waiting_at_station,46.540847,15.647962
2001,G1,46.559548,15.656153,1769016377,92.55,5.00,waiting_at_station,46.540847,15.647962
2500,G1,46.530663,15.671216,1769016377,100.00,5.00,waiting_at_station,46.540847,15.647962
2501,G1,46.530966,15.669785,1769016377,59.18,35.00,waiting_at_station,46.540847,15.647962
2502,G1,46.530524,15.670503,1769016377,75.48,10.00,waiting_at_station,46.540847,15.647962
9300,G1,46.540738,15.647993,1769016378,70.97,20.00,on_bus,46.540780,15.647933
9301,G1,46.540809,15.647788,1769016378,81.65,10.00,on_bus,46.540780,15.647933
2000,G1,46.559936,15.656014,1769016378,79.85,10.00,waiting_at_station,46.540780,15.647933
2001,G1,46.559390,15.655972,1769016378,84.13,10.00,waiting_at_station,46.540780,15.647933
2002,G1,46.559427,15.655958,1769016378,63.11,20.00,waiting_at_station,46.540780,15.647933
2300,G1,46.532646,15.667532,1769016378,50.62,35.00,waiting_at_station,46.540780,15.647933
2600,G1,46.539740,15.647654,1769016378,64.67,20.00,waiting_at_station,46.540780,15.647933
9300,G1,46.540783,15.647854,1769016379,88.60,10.00,on_bus,46.540714,15.647903
9301,G1,46.540701,15.647904,1769016379,56.00,35.00,on_bus,46.540714,15.647903
2000,G1,46.559483,15.655702,1769016379,72.11,20.00,waiting_at_station,46.540714,15.647903
2200,G1,46.540512,15.649756,1769016379,86.58,10.00,waiting_at_station,46.540714,15.647903
2500,G1,46.530777,15.670393,1769016379,95.36,5.00,waiting_at_station,46.540714,15.647903
2700,G1,46.554299,15.650793,1769016379,58.46,35.00,waiting_at_station,46.540714,15.647903
2800,G1,46.558520,15.656089,1769016379,69.30,20.00,waiting_at_station,46.540714,15.647903
9300,G1,46.540595,15.647939,1769016380,59.72,35.00,on_bus,46.540648,15.647873
9301,G1,46.540598,15.647855,1769016380,62.18,20.00,on_bus,46.540648,15.647873
9302,G1,46.540557,15.647627,1769016380,53.33,35.00,on_bus,46.540648,15.647873
9303,G1,46.540725,15.647907,1769016380,100.00,5.00,on_bus,46.540648,15.647873
2000,G1,46.559392,15.655784,1769016380,86.81,10.00,waiting_at_station,46.540648,15.647873
2001,G1,46.559618,15.656085,1769016380,75.83,10.00,waiting_at_station,46.540648,15.647873
2002,G1,46.559948,15.655646,1769016380,86.94,10.00,waiting_at_station,46.540648,15.647873
2300,G1,46.532594,15.667273,1769016380,87.21,10.00,waiting_at_station,46.540648,15.647873
2301,G1,46.532554,15.666397,1769016380,46.57,35.00,waiting_at_station,46.540648,15.647873
2302,G1,46.532467,15.666898,1769016380,46.34,35.00,waiting_at_station,46.540648,15.647873
9300,G1,46.540632,15.647785,1769016381,57.90,35.00,on_bus,46.540581,15.647844
9301,G1,46.540567,15.647794,1769016381,96.64,5.00,on_bus,46.540581,15.647844
9302,G1,46.540610,15.647996,1769016381,97.38,5.00,on_bus,46.540581,15.647844
9303,G1,46.540559,15.647810,1769016381,53.59,35.00,on_bus,46.540581,15.647844
9304,G1,46.540653,15.647926,1769016381,72.76,20.00,on_bus,46.540581,15.647844
2000,G1,46.559550,15.656197,1769016381,89.90,10.00,waiting_at_station,46.540581,15.647844
2001,G1,46.559234,15.655148,1769016381,87.36,10.00,waiting_at_station,46.540581,15.647844
2002,G1,46.559705,15.655837,1769016381,83.88,10.00,waiting_at_station,46.540581,15.647844
2300,G1,46.532390,15.667010,1769016381,62.22,20.00,waiting_at_station,46.540581,15.647844
2400,G1,46.527271,15.685393,1769016381,81.95,10.00,waiting_at_station,46.540581,15.647844
2500,G1,46.530550,15.669526,1769016381,45.05,35.00,waiting_at_station,46.540581,15.647844
2501,G1,46.531014,15.671087,1769016381,69.11,20.00,waiting_at_station,46.540581,15.647844
9400,G1,46.540494,15.647795,1769016379,86.09,10.00,on_bus,46.540515,15.647814
9401,G1,46.540512,15.647653,1769016379,76.74,10.00,on_bus,46.540515,15.647814
9402,G1,46.540490,15.647683,1769016379,68.50,20.00,on_bus,46.540515,15.647814
9403,G1,46.540497,15.647608,1769016379,74.02,20.00,on_bus,46.540515,15.647814
9404,G1,46.540585,15.647562,1769016379,93.87,5.00,on_bus,46.540515,15.647814
9405,G1,46.540557,15.647958,1769016379,72.08,20.00,on_bus,46.540515,15.647814
2100,G1,46.552642,15.650030,1769016379,100.00,5.00,waiting_at_station,46.540515,15.647814
2101,G1,46.552748,15.651358,1769016379,74.64,20.00,waiting_at_station,46.540515,15.647814
2200,G1,46.539891,15.649273,1769016379,91.57,5.00,waiting_at_station,46.540515,15.647814
2201,G1,46.540231,15.649973,1769016379,75.64,10.00,waiting_at_station,46.540515,15.647814
2202,G1,46.540061,15.649673,1769016379,50.63,35.00,waiting_at_station,46.540515,15.647814
2700,G1,46.554324,15.650711,1769016379,78.72,10.00,waiting_at_station,46.540515,15.647814
9400,G1,46.540474,15.647508,1769016381,75.65,10.00,on_bus,46.540383,15.647755
9401,G1,46.540344,15.648080,1769016381,79.48,10.00,on_bus,46.540383,15.647755
2700,G1,46.554591,15.650774,1769016381,58.60,35.00,waiting_at_station,46.540383,15.647755
2701,G1,46.554154,15.650438,1769016381,54.67,35.00,waiting_at_station,46.540383,15.647755
9400,G1,46.540447,15.647632,1769016383,68.47,20.00,on_bus,46.540252,15.647697
9401,G1,46.540372,15.647765,1769016383,90.72,5.00,on_bus,46.540252,15.647697
9402,G1,46.540235,15.647802,1769016383,64.27,20.00,on_bus,46.540252,15.647697
9403,G1,46.540248,15.647668,1769016383,62.12,20.00,on_bus,46.540252,15.647697
9404,G1,46.540420,15.647713,1769016383,62.86,20.00,on_bus,46.540252,15.647697
2000,G1,46.559722,15.656078,1769016383,71.62,20.00,waiting_at_station,46.540252,15.647697
9500,G1,46.540139,15.647496,1769016382,78.80,10.00,on_bus,46.540120,15.647638
9501,G1,46.540032,15.647795,1769016382,92.83,5.00,on_bus,46.540120,15.647638
9502,G1,46.540111,15.647654,1769016382,66.63,20.00,on_bus,46.540120,15.647638
9503,G1,46.540077,15.647653,1769016382,100.00,5.00,on_bus,46.540120,15.647638
2300,G1,46.532316,15.666790,1769016382,82.36,10.00,waiting_at_station,46.540120,15.647638
2301,G1,46.532545,15.667250,1769016382,73.30,20.00,waiting_at_station,46.540120,15.647638
2302,G1,46.532507,15.666603,1769016382,83.13,10.00,waiting_at_station,46.540120,15.647638
2400,G1,46.527696,15.683847,1769016382,77.65,10.00,waiting_at_station,46.540120,15.647638
2401,G1,46.527500,15.684527,1769016382,87.54,10.00,waiting_at_station,46.540120,15.647638
2700,G1,46.554589,15.650131,1769016382,60.58,20.00,waiting_at_station,46.540120,15.647638
2701,G1,46.554378,15.650898,1769016382,58.11,35.00,waiting_at_station,46.540120,15.647638
9500,G1,46.540032,15.647515,1769016384,100.00,5.00,on_bus,46.539996,15.647581
9501,G1,46.540067,15.647522,1769016384,61.99,20.00,on_bus,46.539996,15.647581
9502,G1,46.539991,15.647506,1769016384,100.00,5.00,on_bus,46.539996,15.647581
2000,G1,46.559524,15.656051,1769016384,66.41,20.00,waiting_at_station,46.539996,15.647581
2100,G1,46.552916,15.650052,1769016384,57.36,35.00,waiting_at_station,46.539996,15.647581
2101,G1,46.552683,15.650198,1769016384,100.00,5.00,waiting_at_station,46.539996,15.647581
2102,G1,46.552968,15.650557,1769016384,62.42,20.00,waiting_at_station,46.539996,15.647581
2400,G1,46.527378,15.684465,1769016384,60.08,20.00,waiting_at_station,46.539996,15.647581
2401,G1,46.527099,15.684648,1769016384,69.03,20.00,waiting_at_station,46.539996,15.647581
2800,G1,46.558699,15.655848,1769016384,51.83,35.00,waiting_at_station,46.539996,15.647581
9500,G1,46.539910,15.647494,1769016386,61.41,20.00,on_bus,46.539871,15.647523
9501,G1,46.540030,15.647237,1769016386,83.06,10.00,on_bus,46.539871,15.647523
9502,G1,46.539961,15.647593,1769016386,66.13,20.00,on_bus,46.539871,15.647523
9503,G1,46.539899,15.647483,1769016386,74.70,20.00,on_bus,46.539871,15.647523
9504,G1,46.539929,15.647295,1769016386,82.14,10.00,on_bus,46.539871,15.647523
2200,G1,46.540228,15.649650,1769016386,77.53,10.00,waiting_at_station,46.539871,15.647523
2201,G1,46.540291,15.649540,1769016386,87.80,10.00,waiting_at_station,46.539871,15.647523
2202,G1,46.539953,15.649342,1769016386,90.25,5.00,waiting_at_station,46.539871,15.647523
2300,G1,46.532546,15.666641,1769016386,98.70,5.00,waiting_at_station,46.539871,15.647523
2301,G1,46.532552,15.666989,1769016386,87.35,10.00,waiting_at_station,46.539871,15.647523
2302,G1,46.532550,15.666967,1769016386,49.03,35.00,waiting_at_station,46.539871,15.647523
2500,G1,46.530798,15.669918,1769016386,73.79,20.00,waiting_at_station,46.539871,15.647523
2501,G1,46.530601,15.670256,1769016386,81.16,10.00,waiting_at_station,46.539871,15.647523
2502,G1,46.530827,15.670189,1769016386,58.72,35.00,waiting_at_station,46.539871,15.647523
2600,G1,46.540085,15.647961,1769016386,77.39,10.00,waiting_at_station,46.539871,15.647523
2601,G1,46.539561,15.647675,1769016386,75.71,10.00,waiting_at_station,46.539871,15.647523
2700,G1,46.554597,15.650308,1769016386,100.00,5.00,waiting_at_station,46.539871,15.647523
2701,G1,46.554624,15.650656,1769016386,100.00,5.00,waiting_at_station,46.539871,15.647523
9600,G1,46.539768,15.647458,1769016385,68.15,20.00,on_bus,46.539747,15.647466
9601,G1,46.539708,15.647795,1769016385,80.34,10.00,on_bus,46.539747,15.647466
9602,G1,46.539741,15.647501,1769016385,79.32,10.00,on_bus,46.539747,15.647466
2000,G1,46.559369,15.656036,1769016385,63.50,20.00,waiting_at_station,46.539747,15.647466
2001,G1,46.559781,15.655617,1769016385,91.59,5.00,waiting_at_station,46.539747,15.647466
2200,G1,46.540010,15.649655,1769016385,81.23,10.00,waiting_at_station,46.539747,15.647466
2201,G1,46.539606,15.649497,1769016385,50.82,35.00,waiting_at_station,46.539747,15.647466
2500,G1,46.530959,15.670216,1769016385,54.18,35.00,waiting_at_station,46.539747,15.647466
9600,G1,46.539624,15.647546,1769016386,74.17,20.00,on_bus,46.539730,15.647571
9601,G1,46.539721,15.647562,1769016386,65.30,20.00,on_bus,46.539730,15.647571
9602,G1,46.539687,15.647598,1769016386,64.53,20.00,on_bus,46.539730,15.647571
9603,G1,46.539674,15.647570,1769016386,88.25,10.00,on_bus,46.539730,15.647571
2000,G1,46.559524,15.655752,1769016386,81.56,10.00,waiting_at_station,46.539730,15.647571
2001,G1,46.559632,15.656522,1769016386,98.35,5.00,waiting_at_station,46.539730,15.647571
2002,G1,46.559661,15.655830,1769016386,92.10,5.00,waiting_at_station,46.539730,15.647571
2100,G1,46.552609,15.650115,1769016386,53.68,35.00,waiting_at_station,46.539730,15.647571
9600,G1,46.539740,15.648056,1769016387,61.47,20.00,on_bus,46.539714,15.647676
9601,G1,46.539766,15.647652,1769016387,59.11,35.00,on_bus,46.539714,15.647676
2100,G1,46.552707,15.650345,1769016387,100.00,5.00,waiting_at_station,46.539714,15.647676
9600,G1,46.539720,15.647737,1769016388,84.28,10.00,on_bus,46.539697,15.647781
9601,G1,46.539690,15.647780,1769016388,65.67,20.00,on_bus,46.539697,15.647781
9600,G1,46.539648,15.647692,1769016389,84.95,10.00,on_bus,46.539680,15.647886
9601,G1,46.539687,15.647965,1769016389,73.74,20.00,on_bus,46.539680,15.647886
9602,G1,46.539580,15.648240,1769016389,73.03,20.00,on_bus,46.539680,15.647886
9603,G1,46.539689,15.647922,1769016389,96.63,5.00,on_bus,46.539680,15.647886
9604,G1,46.539763,15.647808,1769016389,81.26,10.00,on_bus,46.539680,15.647886
2100,G1,46.552496,15.650095,1769016389,86.96,10.00,waiting_at_station,46.539680,15.647886
2101,G1,46.552676,15.650649,1769016389,71.97,20.00,waiting_at_station,46.539680,15.647886
2102,G1,46.552676,15.650313,1769016389,66.13,20.00,waiting_at_station,46.539680,15.647886
2300,G1,46.532379,15.666748,1769016389,53.16,35.00,waiting_at_station,46.539680,15.647886
2500,G1,46.530794,15.669935,1769016389,58.64,35.00,waiting_at_station,46.539680,15.647886
2700,G1,46.554218,15.650474,1769016389,80.24,10.00,waiting_at_station,46.539680,15.647886
2701,G1,46.554510,15.650543,1769016389,91.13,5.00,waiting_at_station,46.539680,15.647886
9600,G1,46.539772,15.648087,1769016390,84.74,10.00,on_bus,46.539664,15.647991
9601,G1,46.539607,15.647722,1769016390,52.29,35.00,on_bus,46.539664,15.647991
9602,G1,46.539696,15.647876,1769016390,77.97,10.00,on_bus,46.539664,15.647991
9603,G1,46.539844,15.648163,1769016390,91.29,5.00,on_bus,46.539664,15.647991
9604,G1,46.539690,15.648053,1769016390,81.39,10.00,on_bus,46.539664,15.647991
2300,G1,46.532507,15.666725,1769016390,52.91,35.00,waiting_at_station,46.539664,15.647991
2700,G1,46.554357,15.650314,1769016390,58.83,35.00,waiting_at_station,46.539664,15.647991
2800,G1,46.558529,15.654576,1769016390,52.02,35.00,waiting_at_station,46.539664,15.647991
9700,G1,46.539693,15.647989,1769016388,100.00,5.00,on_bus,46.539647,15.648096
9701,G1,46.539724,15.648140,1769016388,71.60,20.00,on_bus,46.539647,15.648096
9702,G1,46.539666,15.648065,1769016388,97.74,5.00,on_bus,46.539647,15.648096
9703,G1,46.539610,15.648196,1769016388,62.64,20.00,on_bus,46.539647,15.648096
9704,G1,46.539652,15.648085,1769016388,100.00,5.00,on_bus,46.539647,15.648096
9705,G1,46.539595,15.648024,1769016388,74.27,20.00,on_bus,46.539647,15.648096
2000,G1,46.558847,15.655621,1769016388,65.63,20.00,waiting_at_station,46.539647,15.648096
2200,G1,46.540045,15.649363,1769016388,100.00,5.00,waiting_at_station,46.539647,15.648096
2201,G1,46.540214,15.649942,1769016388,29.74,50.00,waiting_at_station,46.539647,15.648096
2300,G1,46.532182,15.666456,1769016388,56.23,35.00,waiting_at_station,46.539647,15.648096
2700,G1,46.554443,15.650474,1769016388,100.00,5.00,waiting_at_station,46.539647,15.648096
2800,G1,46.558719,15.655628,1769016388,68.66,20.00,waiting_at_station,46.539647,15.648096
2801,G1,46.558466,15.655432,1769016388,100.00,5.00,waiting_at_station,46.539647,15.648096
9700,G1,46.539677,15.648201,1769016390,78.56,10.00,on_bus,46.539665,15.648261
9701,G1,46.539713,15.648368,1769016390,79.83,10.00,on_bus,46.539665,15.648261
2000,G1,46.559016,15.655945,1769016390,67.90,20.00,waiting_at_station,46.539665,15.648261
2001,G1,46.559494,15.656000,1769016390,84.20,10.00,waiting_at_station,46.539665,15.648261
2100,G1,46.552789,15.650106,1769016390,70.59,20.00,waiting_at_station,46.539665,15.648261
2101,G1,46.553503,15.650828,1769016390,42.14,50.00,waiting_at_station,46.539665,15.648261
2102,G1,46.552873,15.650263,1769016390,64.48,20.00,waiting_at_station,46.539665,15.648261
2300,G1,46.532245,15.666387,1769016390,84.16,10.00,waiting_at_station,46.539665,15.648261
2301,G1,46.532373,15.666390,1769016390,73.14,20.00,waiting_at_station,46.539665,15.648261
2400,G1,46.527204,15.684091,1769016390,40.22,50.00,waiting_at_station,46.539665,15.648261
2401,G1,46.527450,15.684443,1769016390,80.67,10.00,waiting_at_station,46.539665,15.648261
2402,G1,46.527724,15.684620,1769016390,91.50,5.00,waiting_at_station,46.539665,15.648261
2700,G1,46.554530,15.651077,1769016390,66.42,20.00,waiting_at_station,46.539665,15.648261
2701,G1,46.554419,15.650757,1769016390,100.00,5.00,waiting_at_station,46.539665,15.648261
2702,G1,46.554104,15.650585,1769016390,100.00,5.00,waiting_at_station,46.539665,15.648261
9700,G1,46.539513,15.648455,1769016392,100.00,5.00,on_bus,46.539683,15.648426
9701,G1,46.539612,15.648450,1769016392,68.15,20.00,on_bus,46.539683,15.648426
9702,G1,46.539672,15.648306,1769016392,66.55,20.00,on_bus,46.539683,15.648426
9703,G1,46.539699,15.648485,1769016392,60.09,20.00,on_bus,46.539683,15.648426
2100,G1,46.553022,15.650345,1769016392,64.55,20.00,waiting_at_station,46.539683,15.648426
2101,G1,46.552379,15.650508,1769016392,50.02,35.00,waiting_at_station,46.539683,15.648426
2102,G1,46.552795,15.649993,1769016392,66.88,20.00,waiting_at_station,46.539683,15.648426
2200,G1,46.540125,15.649441,1769016392,73.57,20.00,waiting_at_station,46.539683,15.648426
2201,G1,46.540572,15.649429,1769016392,88.87,10.00,waiting_at_station,46.539683,15.648426
2202,G1,46.540043,15.649977,1769016392,91.93,5.00,waiting_at_station,46.539683,15.648426
2500,G1,46.530813,15.670196,1769016392,99.30,5.00,waiting_at_station,46.539683,15.648426
2501,G1,46.530569,15.670133,1769016392,63.08,20.00,waiting_at_station,46.539683,15.648426
2502,G1,46.530687,15.670186,1769016392,43.45,50.00,waiting_at_station,46.539683,15.648426
2800,G1,46.558823,15.656127,1769016392,79.66,10.00,waiting_at_station,46.539683,15.648426
2801,G1,46.558376,15.655808,1769016392,83.39,10.00,waiting_at_station,46.539683,15.648426
9800,G1,46.539739,15.648688,1769016391,87.04,10.00,on_bus,46.539701,15.648591
9801,G1,46.539684,15.648649,1769016391,68.81,20.00,on_bus,46.539701,15.648591
9802,G1,46.539702,15.648525,1769016391,69.41,20.00,on_bus,46.539701,15.648591
9803,G1,46.539732,15.648587,1769016391,76.75,10.00,on_bus,46.539701,15.648591
2200,G1,46.540264,15.650115,1769016391,70.52,20.00,waiting_at_station,46.539701,15.648591
2300,G1,46.532427,15.666520,1769016391,75.32,10.00,waiting_at_station,46.539701,15.648591
2301,G1,46.532486,15.666878,1769016391,75.72,10.00,waiting_at_station,46.539701,15.648591
2500,G1,46.530640,15.670283,1769016391,82.03,10.00,waiting_at_station,46.539701,15.648591
2501,G1,46.531274,15.669841,1769016391,90.87,5.00,waiting_at_station,46.539701,15.648591
2502,G1,46.530879,15.670384,1769016391,85.07,10.00,waiting_at_station,46.539701,15.648591
2700,G1,46.554414,15.650402,1769016391,84.35,10.00,waiting_at_station,46.539701,15.648591
2800,G1,46.558661,15.655719,1769016391,69.48,20.00,waiting_at_station,46.539701,15.648591
2801,G1,46.558644,15.655489,1769016391,100.00,5.00,waiting_at_station,46.539701,15.648591
9800,G1,46.539701,15.648498,1769016391,61.62,20.00,on_bus,46.539734,15.648666
9801,G1,46.539790,15.648928,1769016391,80.23,10.00,on_bus,46.539734,15.648666
9802,G1,46.539751,15.648711,1769016391,91.77,5.00,on_bus,46.539734,15.648666
9803,G1,46.539733,15.648659,1769016391,73.16,20.00,on_bus,46.539734,15.648666
9804,G1,46.539488,15.648714,1769016391,67.74,20.00,on_bus,46.539734,15.648666
9805,G1,46.539778,15.648657,1769016391,65.52,20.00,on_bus,46.539734,15.648666
2400,G1,46.527402,15.684517,1769016391,89.55,10.00,waiting_at_station,46.539734,15.648666
9800,G1,46.539722,15.648587,1769016392,71.32,20.00,on_bus,46.539767,15.648741
9801,G1,46.539784,15.648801,1769016392,76.30,10.00,on_bus,46.539767,15.648741
9802,G1,46.539759,15.648787,1769016392,90.25,5.00,on_bus,46.539767,15.648741
9803,G1,46.539719,15.648678,1769016392,93.13,5.00,on_bus,46.539767,15.648741
2100,G1,46.552615,15.649862,1769016392,81.59,10.00,waiting_at_station,46.539767,15.648741
2200,G1,46.540353,15.649691,1769016392,90.34,5.00,waiting_at_station,46.539767,15.648741
2400,G1,46.527587,15.684418,1769016392,92.09,5.00,waiting_at_station,46.539767,15.648741
2401,G1,46.527392,15.684058,1769016392,84.26,10.00,waiting_at_station,46.539767,15.648741
2600,G1,46.539586,15.647468,1769016392,70.96,20.00,waiting_at_station,46.539767,15.648741
2601,G1,46.539598,15.647726,1769016392,71.43,20.00,waiting_at_station,46.539767,15.648741
2602,G1,46.540300,15.648775,1769016392,87.05,10.00,waiting_at_station,46.539767,15.648741
9800,G1,46.539804,15.648729,1769016393,69.61,20.00,on_bus,46.539799,15.648816
9801,G1,46.539717,15.648850,1769016393,100.00,5.00,on_bus,46.539799,15.648816
9802,G1,46.539811,15.648843,1769016393,87.75,10.00,on_bus,46.539799,15.648816
2300,G1,46.532351,15.667107,1769016393,93.50,5.00,waiting_at_station,46.539799,15.648816
2301,G1,46.532399,15.666257,1769016393,97.98,5.00,waiting_at_station,46.539799,15.648816
2302,G1,46.532696,15.666906,1769016393,100.00,5.00,waiting_at_station,46.539799,15.648816
9800,G1,46.539766,15.648886,1769016394,87.70,10.00,on_bus,46.539832,15.648891
9801,G1,46.539852,15.648906,1769016394,53.63,35.00,on_bus,46.539832,15.648891
2100,G1,46.552749,15.650098,1769016394,73.01,20.00,waiting_at_station,46.539832,15.648891
2101,G1,46.552595,15.649778,1769016394,90.99,5.00,waiting_at_station,46.539832,15.648891
2800,G1,46.558354,15.655795,1769016394,85.79,10.00,waiting_at_station,46.539832,15.648891
2801,G1,46.558844,15.655522,1769016394,70.32,20.00,waiting_at_station,46.539832,15.648891
2802,G1,46.558715,15.655650,1769016394,66.68,20.00,waiting_at_station,46.539832,15.648891
9900,G1,46.539788,15.649100,1769016393,80.85,10.00,on_bus,46.539865,15.648966
9901,G1,46.539846,15.649035,1769016393,92.96,5.00,on_bus,46.539865,15.648966
9902,G1,46.539799,15.649156,1769016393,38.65,50.00,on_bus,46.539865,15.648966
2300,G1,46.532889,15.666367,1769016393,84.36,10.00,waiting_at_station,46.539865,15.648966
2600,G1,46.539722,15.648061,1769016393,100.00,5.00,waiting_at_station,46.539865,15.648966
2700,G1,46.554485,15.650065,1769016393,93.77,5.00,waiting_at_station,46.539865,15.648966
2701,G1,46.554405,15.650444,1769016393,49.23,35.00,waiting_at_station,46.539865,15.648966
2702,G1,46.554268,15.650874,1769016393,70.59,20.00,waiting_at_station,46.539865,15.648966
2800,G1,46.558410,15.655643,1769016393,64.13,20.00,waiting_at_station,46.539865,15.648966
2801,G1,46.558628,15.655798,1769016393,84.29,10.00,waiting_at_station,46.539865,15.648966
9900,G1,46.539859,15.649095,1769016394,85.08,10.00,on_bus,46.539901,15.649091
9901,G1,46.539916,15.649095,1769016394,74.26,20.00,on_bus,46.539901,15.649091
2300,G1,46.532906,15.666392,1769016394,82.56,10.00,waiting_at_station,46.539901,15.649091
2500,G1,46.530822,15.669938,1769016394,72.78,20.00,waiting_at_station,46.539901,15.649091
2501,G1,46.530551,15.669712,1769016394,68.29,20.00,waiting_at_station,46.539901,15.649091
9900,G1,46.539948,15.649166,1769016395,100.00,5.00,on_bus,46.539938,15.649216
9901,G1,46.539829,15.649267,1769016395,86.55,10.00,on_bus,46.539938,15.649216
2000,G1,46.559650,15.656272,1769016395,80.21,10.00,waiting_at_station,46.539938,15.649216
2001,G1,46.559412,15.656202,1769016395,77.90,10.00,waiting_at_station,46.539938,15.649216
2200,G1,46.540232,15.649973,1769016395,43.66,50.00,waiting_at_station,46.539938,15.649216
2201,G1,46.540123,15.649797,1769016395,84.30,10.00,waiting_at_station,46.539938,15.649216
2800,G1,46.558809,15.655684,1769016395,37.21,50.00,waiting_at_station,46.539938,15.649216
2801,G1,46.558188,15.655834,1769016395,100.00,5.00,waiting_at_station,46.539938,15.649216
2802,G1,46.558732,15.655413,1769016395,69.31,20.00,waiting_at_station,46.539938,15.649216
10000,G1,46.539974,15.649388,1769016395,87.52,10.00,on_bus,46.539974,15.649341
10001,G1,46.539966,15.649182,1769016395,72.99,20.00,on_bus,46.539974,15.649341
2100,G1,46.552667,15.649927,1769016395,90.86,5.00,waiting_at_station,46.539974,15.649341
2101,G1,46.552840,15.650134,1769016395,73.51,20.00,waiting_at_station,46.539974,15.649341
2102,G1,46.552780,15.649830,1769016395,64.18,20.00,waiting_at_station,46.539974,15.649341
2200,G1,46.540168,15.649685,1769016395,95.89,5.00,waiting_at_station,46.539974,15.649341
2201,G1,46.539941,15.649780,1769016395,98.53,5.00,waiting_at_station,46.539974,15.649341
2500,G1,46.530900,15.669212,1769016395,69.93,20.00,waiting_at_station,46.539974,15.649341
2501,G1,46.530968,15.670038,1769016395,100.00,5.00,waiting_at_station,46.539974,15.649341
2502,G1,46.530262,15.670361,1769016395,73.88,20.00,waiting_at_station,46.539974,15.649341
10000,G1,46.539895,15.649410,1769016396,79.37,10.00,on_bus,46.540016,15.649471
10001,G1,46.540009,15.649461,1769016396,100.00,5.00,on_bus,46.540016,15.649471
2300,G1,46.532797,15.666921,1769016396,85.55,10.00,waiting_at_station,46.540016,15.649471
2301,G1,46.532839,15.666888,1769016396,68.69,20.00,waiting_at_station,46.540016,15.649471
2302,G1,46.532545,15.666940,1769016396,73.33,20.00,waiting_at_station,46.540016,15.649471
2600,G1,46.539983,15.648334,1769016396,71.91,20.00,waiting_at_station,46.540016,15.649471
2601,G1,46.539929,15.647975,1769016396,83.81,10.00,waiting_at_station,46.540016,15.649471
2602,G1,46.539960,15.647592,1769016396,61.90,20.00,waiting_at_station,46.540016,15.649471
2700,G1,46.554356,15.650569,1769016396,70.10,20.00,waiting_at_station,46.540016,15.649471
2701,G1,46.554346,15.650624,1769016396,65.50,20.00,waiting_at_station,46.540016,15.649471
2800,G1,46.558703,15.655703,1769016396,82.91,10.00,waiting_at_station,46.540016,15.649471
2801,G1,46.558623,15.655813,1769016396,74.29,20.00,waiting_at_station,46.540016,15.649471
2802,G1,46.558605,15.655763,1769016396,99.37,5.00,waiting_at_station,46.540016,15.649471
10000,G1,46.540103,15.649543,1769016397,68.46,20.00,on_bus,46.540057,15.649600
10001,G1,46.540088,15.649576,1769016397,100.00,5.00,on_bus,46.540057,15.649600
2100,G1,46.552632,15.650131,1769016397,64.42,20.00,waiting_at_station,46.540057,15.649600
2101,G1,46.552815,15.650655,1769016397,67.29,20.00,waiting_at_station,46.540057,15.649600
2102,G1,46.552438,15.650562,1769016397,80.84,10.00,waiting_at_station,46.540057,15.649600
2600,G1,46.539335,15.647388,1769016397,64.40,20.00,waiting_at_station,46.540057,15.649600
2601,G1,46.540171,15.647824,1769016397,85.10,10.00,waiting_at_station,46.540057,15.649600
10100,G1,46.540090,15.649747,1769016397,71.01,20.00,on_bus,46.540099,15.649730
10101,G1,46.540112,15.649772,1769016397,83.63,10.00,on_bus,46.540099,15.649730
10102,G1,46.540140,15.649723,1769016397,58.89,35.00,on_bus,46.540099,15.649730
10103,G1,46.540098,15.649734,1769016397,81.63,10.00,on_bus,46.540099,15.649730
2200,G1,46.540366,15.649715,1769016397,96.12,5.00,waiting_at_station,46.540099,15.649730
2201,G1,46.540203,15.649790,1769016397,92.34,5.00,waiting_at_station,46.540099,15.649730
2202,G1,46.539945,15.650021,1769016397,93.14,5.00,waiting_at_station,46.540099,15.649730
2300,G1,46.532303,15.666430,1769016397,80.66,10.00,waiting_at_station,46.540099,15.649730
2400,G1,46.527236,15.683910,1769016397,66.16,20.00,waiting_at_station,46.540099,15.649730
2401,G1,46.527558,15.684299,1769016397,53.27,35.00,waiting_at_station,46.540099,15.649730
2500,G1,46.531050,15.670051,1769016397,94.98,5.00,waiting_at_station,46.540099,15.649730
2501,G1,46.530686,15.670093,1769016397,69.17,20.00,waiting_at_station,46.540099,15.649730
2800,G1,46.558569,15.655780,1769016397,92.85,5.00,waiting_at_station,46.540099,15.649730
2801,G1,46.558874,15.655645,1769016397,88.47,10.00,waiting_at_station,46.540099,15.649730
2802,G1,46.558755,15.655926,1769016397,51.06,35.00,waiting_at_station,46.540099,15.649730
10100,G1,46.540018,15.649882,1769016398,74.80,20.00,on_bus,46.540138,15.649857
10101,G1,46.540196,15.649908,1769016398,100.00,5.00,on_bus,46.540138,15.649857
2500,G1,46.530446,15.670614,1769016398,96.40,5.00,waiting_at_station,46.540138,15.649857
2501,G1,46.530697,15.670330,1769016398,79.89,10.00,waiting_at_station,46.540138,15.649857
2600,G1,46.539826,15.648316,1769016398,82.07,10.00,waiting_at_station,46.540138,15.649857
2700,G1,46.554321,15.650783,1769016398,68.90,20.00,waiting_at_station,46.540138,15.649857
2701,G1,46.554329,15.650537,1769016398,72.80,20.00,waiting_at_station,46.540138,15.649857
2800,G1,46.558897,15.655305,1769016398,63.57,20.00,waiting_at_station,46.540138,15.649857
2801,G1,46.558593,15.655773,1769016398,67.64,20.00,waiting_at_station,46.540138,15.649857
2802,G1,46.558639,15.655874,1769016398,85.02,10.00,waiting_at_station,46.540138,15.649857
10100,G1,46.540272,15.649925,1769016399,85.08,10.00,on_bus,46.540176,15.649983
10101,G1,46.540118,15.649987,1769016399,81.02,10.00,on_bus,46.540176,15.649983
10102,G1,46.540054,15.649783,1769016399,87.85,10.00,on_bus,46.540176,15.649983
10103,G1,46.540195,15.649998,1769016399,99.70,5.00,on_bus,46.540176,15.649983
2000,G1,46.559417,15.655925,1769016399,89.55,10.00,waiting_at_station,46.540176,15.649983
2100,G1,46.553032,15.650382,1769016399,56.93,35.00,waiting_at_station,46.540176,15.649983
2500,G1,46.530749,15.669877,1769016399,80.81,10.00,waiting_at_station,46.540176,15.649983
2600,G1,46.539812,15.647718,1769016399,54.76,35.00,waiting_at_station,46.540176,15.649983
2700,G1,46.554230,15.650829,1769016399,75.15,10.00,waiting_at_station,46.540176,15.649983
2800,G1,46.558710,15.655696,1769016399,95.74,5.00,waiting_at_station,46.540176,15.649983
10200,G1,46.540187,15.650093,1769016399,90.47,5.00,on_bus,46.540215,15.650110
10201,G1,46.540159,15.650131,1769016399,100.00,5.00,on_bus,46.540215,15.650110
10202,G1,46.540349,15.650191,1769016399,67.47,20.00,on_bus,46.540215,15.650110
10203,G1,46.540306,15.650092,1769016399,97.41,5.00,on_bus,46.540215,15.650110
2400,G1,46.527352,15.684120,1769016399,92.70,5.00,waiting_at_station,46.540215,15.650110
2700,G1,46.554376,15.650622,1769016399,76.42,10.00,waiting_at_station,46.540215,15.650110
2701,G1,46.554439,15.650309,1769016399,74.65,20.00,waiting_at_station,46.540215,15.650110
10200,G1,46.540120,15.650178,1769016400,78.97,10.00,on_bus,46.540232,15.650192
10201,G1,46.540239,15.650097,1769016400,79.16,10.00,on_bus,46.540232,15.650192
2000,G1,46.559336,15.655763,1769016400,62.27,20.00,waiting_at_station,46.540232,15.650192
2001,G1,46.559845,15.656123,1769016400,85.55,10.00,waiting_at_station,46.540232,15.650192
2002,G1,46.559477,15.656240,1769016400,64.71,20.00,waiting_at_station,46.540232,15.650192
2100,G1,46.552580,15.650056,1769016400,84.44,10.00,waiting_at_station,46.540232,15.650192
2101,G1,46.552513,15.650460,1769016400,80.76,10.00,waiting_at_station,46.540232,15.650192
2600,G1,46.539779,15.647748,1769016400,52.45,35.00,waiting_at_station,46.540232,15.650192
2800,G1,46.558511,15.656094,1769016400,56.40,35.00,waiting_at_station,46.540232,15.650192
10200,G1,46.540294,15.650274,1769016401,71.19,20.00,on_bus,46.540250,15.650274
10201,G1,46.540242,15.650174,1769016401,75.88,10.00,on_bus,46.540250,15.650274
10202,G1,46.540239,15.650329,1769016401,76.68,10.00,on_bus,46.540250,15.650274
10203,G1,46.540150,15.650434,1769016401,84.78,10.00,on_bus,46.540250,15.650274
2100,G1,46.552794,15.649691,1769016401,55.93,35.00,waiting_at_station,46.540250,15.650274
2600,G1,46.539756,15.647967,1769016401,83.45,10.00,waiting_at_station,46.540250,15.650274
2601,G1,46.539826,15.648074,1769016401,69.62,20.00,waiting_at_station,46.540250,15.650274
2602,G1,46.539837,15.648129,1769016401,92.72,5.00,waiting_at_station,46.540250,15.650274
2800,G1,46.558087,15.655559,1769016401,80.36,10.00,waiting_at_station,46.540250,15.650274
2801,G1,46.558783,15.655908,1769016401,86.66,10.00,waiting_at_station,46.540250,15.650274
2802,G1,46.558568,15.656315,1769016401,62.34,20.00,waiting_at_station,46.540250,15.650274
10200,G1,46.540402,15.650243,1769016401,76.45,10.00,on_bus,46.540267,15.650357
10201,G1,46.540296,15.650197,1769016401,71.48,20.00,on_bus,46.540267,15.650357
10202,G1,46.540278,15.650508,1769016401,85.13,10.00,on_bus,46.540267,15.650357
10203,G1,46.540190,15.650303,1769016401,73.82,20.00,on_bus,46.540267,15.650357
2100,G1,46.552543,15.649903,1769016401,38.50,50.00,waiting_at_station,46.540267,15.650357
2101,G1,46.552695,15.649737,1769016401,86.09,10.00,waiting_at_station,46.540267,15.650357
2102,G1,46.552712,15.650267,1769016401,66.90,20.00,waiting_at_station,46.540267,15.650357
2400,G1,46.527316,15.684342,1769016401,80.96,10.00,waiting_at_station,46.540267,15.650357
2401,G1,46.527494,15.684619,1769016401,70.47,20.00,waiting_at_station,46.540267,15.650357
10200,G1,46.540340,15.650550,1769016403,84.35,10.00,on_bus,46.540285,15.650439
10201,G1,46.540402,15.650400,1769016403,63.41,20.00,on_bus,46.540285,15.650439
2100,G1,46.552623,15.650498,1769016403,74.75,20.00,waiting_at_station,46.540285,15.650439
2300,G1,46.532640,15.666822,1769016403,62.42,20.00,waiting_at_station,46.540285,15.650439
2301,G1,46.532573,15.666896,1769016403,62.23,20.00,waiting_at_station,46.540285,15.650439
2400,G1,46.527742,15.684056,1769016403,59.11,35.00,waiting_at_station,46.540285,15.650439
2401,G1,46.527404,15.684501,1769016403,83.99,10.00,waiting_at_station,46.540285,15.650439
2700,G1,46.554236,15.650752,1769016403,76.41,10.00,waiting_at_station,46.540285,15.650439
10300,G1,46.540248,15.650352,1769016401,88.21,10.00,on_bus,46.540302,15.650521
10301,G1,46.540317,15.650601,1769016401,82.45,10.00,on_bus,46.540302,15.650521
10302,G1,46.540217,15.650638,1769016401,67.43,20.00,on_bus,46.540302,15.650521
10303,G1,46.540416,15.650518,1769016401,77.38,10.00,on_bus,46.540302,15.650521
10304,G1,46.540270,15.650458,1769016401,70.90,20.00,on_bus,46.540302,15.650521
10300,G1,46.540303,15.650483,1769016402,77.61,10.00,on_bus,46.540314,15.650600
10301,G1,46.540488,15.650479,1769016402,54.18,35.00,on_bus,46.540314,15.650600
10302,G1,46.540350,15.650655,1769016402,66.33,20.00,on_bus,46.540314,15.650600
10303,G1,46.540340,15.650625,1769016402,82.43,10.00,on_bus,46.540314,15.650600
10304,G1,46.540337,15.650466,1769016402,82.10,10.00,on_bus,46.540314,15.650600
2000,G1,46.559613,15.655912,1769016402,80.26,10.00,waiting_at_station,46.540314,15.650600
2001,G1,46.559424,15.655717,1769016402,42.54,50.00,waiting_at_station,46.540314,15.650600
2002,G1,46.559584,15.655861,1769016402,72.61,20.00,waiting_at_station,46.540314,15.650600
2800,G1,46.558611,15.655851,1769016402,59.78,35.00,waiting_at_station,46.540314,15.650600
2801,G1,46.558747,15.655793,1769016402,49.94,35.00,waiting_at_station,46.540314,15.650600
2802,G1,46.558611,15.656193,1769016402,83.45,10.00,waiting_at_station,46.540314,15.650600
10300,G1,46.540420,15.650875,1769016403,67.19,20.00,on_bus,46.540326,15.650680
10301,G1,46.540355,15.650690,1769016403,39.30,50.00,on_bus,46.540326,15.650680
10302,G1,46.540375,15.650613,1769016403,58.65,35.00,on_bus,46.540326,15.650680
2000,G1,46.559722,15.655848,1769016403,77.24,10.00,waiting_at_station,46.540326,15.650680
2001,G1,46.559669,15.656268,1769016403,93.49,5.00,waiting_at_station,46.540326,15.650680
2002,G1,46.559544,15.655618,1769016403,67.63,20.00,waiting_at_station,46.540326,15.650680
2700,G1,46.554343,15.650446,1769016403,80.10,10.00,waiting_at_station,46.540326,15.650680
2701,G1,46.554567,15.650390,1769016403,61.75,20.00,waiting_at_station,46.540326,15.650680
2702,G1,46.554092,15.650741,1769016403,77.58,10.00,waiting_at_station,46.540326,15.650680
10300,G1,46.540216,15.650826,1769016403,72.41,20.00,on_bus,46.540338,15.650759
10301,G1,46.540042,15.650499,1769016403,100.00,5.00,on_bus,46.540338,15.650759
10302,G1,46.540284,15.650699,1769016403,66.36,20.00,on_bus,46.540338,15.650759
10303,G1,46.540409,15.650928,1769016403,93.36,5.00,on_bus,46.540338,15.650759
2700,G1,46.554212,15.650104,1769016403,60.22,20.00,waiting_at_station,46.540338,15.650759
2701,G1,46.553820,15.649939,1769016403,87.21,10.00,waiting_at_station,46.540338,15.650759
2702,G1,46.554492,15.650586,1769016403,96.93,5.00,waiting_at_station,46.540338,15.650759
10300,G1,46.540336,15.650755,1769016405,90.58,5.00,on_bus,46.540350,15.650839
10301,G1,46.540279,15.650542,1769016405,75.05,10.00,on_bus,46.540350,15.650839
10302,G1,46.540375,15.650935,1769016405,69.25,20.00,on_bus,46.540350,15.650839
2800,G1,46.558405,15.655934,1769016405,74.16,20.00,waiting_at_station,46.540350,15.650839
2801,G1,46.558439,15.656139,1769016405,61.90,20.00,waiting_at_station,46.540350,15.650839
10400,G1,46.540284,15.650964,1769016404,87.43,10.00,on_bus,46.540362,15.650918
10401,G1,46.540360,15.650936,1769016404,88.27,10.00,on_bus,46.540362,15.650918
10402,G1,46.540345,15.650853,1769016404,95.93,5.00,on_bus,46.540362,15.650918
2300,G1,46.532387,15.666842,1769016404,80.32,10.00,waiting_at_station,46.540362,15.650918
2301,G1,46.532495,15.666983,1769016404,78.10,10.00,waiting_at_station,46.540362,15.650918
2700,G1,46.554133,15.650248,1769016404,74.43,20.00,waiting_at_station,46.540362,15.650918
2701,G1,46.554078,15.650514,1769016404,53.60,35.00,waiting_at_station,46.540362,15.650918
10400,G1,46.540401,15.651024,1769016404,90.78,5.00,on_bus,46.540366,15.651030
10401,G1,46.540401,15.651445,1769016404,77.86,10.00,on_bus,46.540366,15.651030
10402,G1,46.540315,15.651029,1769016404,82.02,10.00,on_bus,46.540366,15.651030
2400,G1,46.527561,15.684281,1769016404,98.91,5.00,waiting_at_station,46.540366,15.651030
2401,G1,46.527084,15.684910,1769016404,69.27,20.00,waiting_at_station,46.540366,15.651030
2402,G1,46.527230,15.684331,1769016404,84.52,10.00,waiting_at_station,46.540366,15.651030
10400,G1,46.540282,15.651178,1769016405,62.12,20.00,on_bus,46.540371,15.651142
10401,G1,46.540411,15.650928,1769016405,90.49,5.00,on_bus,46.540371,15.651142
10402,G1,46.540304,15.650924,1769016405,76.97,10.00,on_bus,46.540371,15.651142
10403,G1,46.540221,15.651119,1769016405,78.64,10.00,on_bus,46.540371,15.651142
10404,G1,46.540277,15.651143,1769016405,92.27,5.00,on_bus,46.540371,15.651142
10405,G1,46.540365,15.651240,1769016405,73.08,20.00,on_bus,46.540371,15.651142
2100,G1,46.552553,15.650672,1769016405,94.83,5.00,waiting_at_station,46.540371,15.651142
2101,G1,46.552792,15.649939,1769016405,91.17,5.00,waiting_at_station,46.540371,15.651142
2200,G1,46.540158,15.650008,1769016405,95.57,5.00,waiting_at_station,46.540371,15.651142
2201,G1,46.540187,15.650031,1769016405,78.83,10.00,waiting_at_station,46.540371,15.651142
2500,G1,46.530850,15.670229,1769016405,76.76,10.00,waiting_at_station,46.540371,15.651142
10400,G1,46.540332,15.651329,1769016407,94.83,5.00,on_bus,46.540375,15.651253
10401,G1,46.540423,15.651395,1769016407,66.87,20.00,on_bus,46.540375,15.651253
10402,G1,46.540408,15.651355,1769016407,51.58,35.00,on_bus,46.540375,15.651253
10403,G1,46.540269,15.651288,1769016407,100.00,5.00,on_bus,46.540375,15.651253
10404,G1,46.540386,15.651432,1769016407,69.27,20.00,on_bus,46.540375,15.651253
10500,G1,46.540441,15.651353,1769016406,91.82,5.00,on_bus,46.540379,15.651365
10501,G1,46.540386,15.651295,1769016406,93.76,5.00,on_bus,46.540379,15.651365
10502,G1,46.540238,15.651393,1769016406,78.57,10.00,on_bus,46.540379,15.651365
10500,G1,46.540332,15.651581,1769016407,83.06,10.00,on_bus,46.540372,15.651510
10501,G1,46.540411,15.651544,1769016407,72.30,20.00,on_bus,46.540372,15.651510
10502,G1,46.540450,15.651359,1769016407,87.15,10.00,on_bus,46.540372,15.651510
10503,G1,46.540485,15.651568,1769016407,89.32,10.00,on_bus,46.540372,15.651510
10504,G1,46.540367,15.651495,1769016407,85.36,10.00,on_bus,46.540372,15.651510
10505,G1,46.540422,15.651714,1769016407,74.94,20.00,on_bus,46.540372,15.651510
2000,G1,46.559432,15.655925,1769016407,74.49,20.00,waiting_at_station,46.540372,15.651510
2001,G1,46.559383,15.655985,1769016407,57.14,35.00,waiting_at_station,46.540372,15.651510
2300,G1,46.532359,15.667157,1769016407,64.78,20.00,waiting_at_station,46.540372,15.651510
2301,G1,46.532519,15.666507,1769016407,65.95,20.00,waiting_at_station,46.540372,15.651510
2302,G1,46.532014,15.667211,1769016407,79.94,10.00,waiting_at_station,46.540372,15.651510
2500,G1,46.530824,15.670449,1769016407,55.84,35.00,waiting_at_station,46.540372,15.651510
10500,G1,46.540344,15.651667,1769016409,75.93,10.00,on_bus,46.540366,15.651656
10501,G1,46.540372,15.651692,1769016409,88.83,10.00,on_bus,46.540366,15.651656
10502,G1,46.540401,15.651619,1769016409,73.97,20.00,on_bus,46.540366,15.651656
2300,G1,46.532500,15.666542,1769016409,100.00,5.00,waiting_at_station,46.540366,15.651656
2500,G1,46.530937,15.669583,1769016409,95.47,5.00,waiting_at_station,46.540366,15.651656
2600,G1,46.539739,15.648278,1769016409,53.22,35.00,waiting_at_station,46.540366,15.651656
2601,G1,46.539761,15.648354,1769016409,70.00,20.00,waiting_at_station,46.540366,15.651656
2602,G1,46.539741,15.648219,1769016409,60.40,20.00,waiting_at_station,46.540366,15.651656
2700,G1,46.554478,15.650848,1769016409,73.05,20.00,waiting_at_station,46.540366,15.651656
2701,G1,46.554485,15.650515,1769016409,69.02,20.00,waiting_at_station,46.540366,15.651656
2702,G1,46.554568,15.650296,1769016409,68.07,20.00,waiting_at_station,46.540366,15.651656
2800,G1,46.558656,15.655959,1769016409,74.72,20.00,waiting_at_station,46.540366,15.651656
2801,G1,46.558864,15.655086,1769016409,98.93,5.00,waiting_at_station,46.540366,15.651656
2802,G1,46.558666,15.656044,1769016409,67.90,20.00,waiting_at_station,46.540366,15.651656
10600,G1,46.540381,15.651947,1769016408,88.14,10.00,on_bus,46.540359,15.651801
10601,G1,46.540291,15.651794,1769016408,81.34,10.00,on_bus,46.540359,15.651801
10602,G1,46.540382,15.651802,1769016408,100.00,5.00,on_bus,46.540359,15.651801
2000,G1,46.559402,15.656029,1769016408,100.00,5.00,waiting_at_station,46.540359,15.651801
2600,G1,46.539657,15.648439,1769016408,86.13,10.00,waiting_at_station,46.540359,15.651801
2700,G1,46.554359,15.649996,1769016408,70.71,20.00,waiting_at_station,46.540359,15.651801
10600,G1,46.540311,15.651913,1769016408,100.00,5.00,on_bus,46.540343,15.651910
10601,G1,46.540354,15.651918,1769016408,53.61,35.00,on_bus,46.540343,15.651910
10602,G1,46.540315,15.651851,1769016408,100.00,5.00,on_bus,46.540343,15.651910
10603,G1,46.540346,15.651883,1769016408,66.98,20.00,on_bus,46.540343,15.651910
10604,G1,46.540316,15.651949,1769016408,79.91,10.00,on_bus,46.540343,15.651910
10605,G1,46.540375,15.651967,1769016408,64.57,20.00,on_bus,46.540343,15.651910
2600,G1,46.539812,15.647806,1769016408,46.53,35.00,waiting_at_station,46.540343,15.651910
2601,G1,46.539817,15.647709,1769016408,63.39,20.00,waiting_at_station,46.540343,15.651910
2800,G1,46.558592,15.656060,1769016408,94.90,5.00,waiting_at_station,46.540343,15.651910
10600,G1,46.540341,15.652161,1769016410,83.33,10.00,on_bus,46.540326,15.652019
10601,G1,46.540280,15.652001,1769016410,92.89,5.00,on_bus,46.540326,15.652019
10602,G1,46.540326,15.652071,1769016410,52.65,35.00,on_bus,46.540326,15.652019
10603,G1,46.540328,15.651998,1769016410,56.00,35.00,on_bus,46.540326,15.652019
10604,G1,46.540348,15.652050,1769016410,90.11,5.00,on_bus,46.540326,15.652019
10600,G1,46.540392,15.652073,1769016411,100.00,5.00,on_bus,46.540309,15.652128
10601,G1,46.540449,15.652068,1769016411,61.67,20.00,on_bus,46.540309,15.652128
10602,G1,46.540234,15.652100,1769016411,95.83,5.00,on_bus,46.540309,15.652128
10603,G1,46.540299,15.652125,1769016411,72.82,20.00,on_bus,46.540309,15.652128
10604,G1,46.540241,15.651932,1769016411,84.98,10.00,on_bus,46.540309,15.652128
10605,G1,46.540167,15.652138,1769016411,72.53,20.00,on_bus,46.540309,15.652128
2000,G1,46.559577,15.655969,1769016411,90.03,5.00,waiting_at_station,46.540309,15.652128
2100,G1,46.552550,15.650298,1769016411,77.51,10.00,waiting_at_station,46.540309,15.652128
2101,G1,46.552732,15.650047,1769016411,79.85,10.00,waiting_at_station,46.540309,15.652128
2200,G1,46.540029,15.649861,1769016411,74.46,20.00,waiting_at_station,46.540309,15.652128
2201,G1,46.540099,15.649849,1769016411,73.16,20.00,waiting_at_station,46.540309,15.652128
2202,G1,46.540179,15.649641,1769016411,73.55,20.00,waiting_at_station,46.540309,15.652128
2600,G1,46.539857,15.648041,1769016411,63.55,20.00,waiting_at_station,46.540309,15.652128
2601,G1,46.539986,15.647831,1769016411,64.10,20.00,waiting_at_station,46.540309,15.652128
10700,G1,46.540316,15.652040,1769016410,83.78,10.00,on_bus,46.540293,15.652237
10701,G1,46.540284,15.652228,1769016410,78.28,10.00,on_bus,46.540293,15.652237
10702,G1,46.540365,15.652266,1769016410,68.11,20.00,on_bus,46.540293,15.652237
10703,G1,46.540305,15.652208,1769016410,77.70,10.00,on_bus,46.540293,15.652237
10704,G1,46.540341,15.652232,1769016410,87.70,10.00,on_bus,46.540293,15.652237
10705,G1,46.540235,15.652214,1769016410,92.12,5.00,on_bus,46.540293,15.652237
2500,G1,46.530756,15.670236,1769016410,100.00,5.00,waiting_at_station,46.540293,15.652237
2501,G1,46.530376,15.670690,1769016410,80.71,10.00,waiting_at_station,46.540293,15.652237
2502,G1,46.530561,15.670886,1769016410,81.48,10.00,waiting_at_station,46.540293,15.652237
10700,G1,46.540272,15.652382,1769016411,83.37,10.00,on_bus,46.540258,15.652370
10701,G1,46.540161,15.652252,1769016411,93.36,5.00,on_bus,46.540258,15.652370
10702,G1,46.540373,15.652494,1769016411,53.10,35.00,on_bus,46.540258,15.652370
2300,G1,46.532525,15.666467,1769016411,68.03,20.00,waiting_at_station,46.540258,15.652370
2400,G1,46.527514,15.684468,1769016411,52.32,35.00,waiting_at_station,46.540258,15.652370
2800,G1,46.558163,15.655732,1769016411,62.92,20.00,waiting_at_station,46.540258,15.652370
2801,G1,46.558507,15.655372,1769016411,86.21,10.00,waiting_at_station,46.540258,15.652370
10700,G1,46.540153,15.652389,1769016412,90.64,5.00,on_bus,46.540222,15.652504
10701,G1,46.540229,15.652570,1769016412,72.68,20.00,on_bus,46.540222,15.652504
2000,G1,46.559420,15.655860,1769016412,89.84,10.00,waiting_at_station,46.540222,15.652504
2500,G1,46.530915,15.669586,1769016412,65.30,20.00,waiting_at_station,46.540222,15.652504
2501,G1,46.530933,15.670236,1769016412,90.91,5.00,waiting_at_station,46.540222,15.652504
2502,G1,46.530913,15.671176,1769016412,67.71,20.00,waiting_at_station,46.540222,15.652504
2700,G1,46.554389,15.650657,1769016412,56.30,35.00,waiting_at_station,46.540222,15.652504
2701,G1,46.554453,15.650358,1769016412,59.85,35.00,waiting_at_station,46.540222,15.652504
10800,G1,46.540191,15.652664,1769016412,82.72,10.00,on_bus,46.540187,15.652637
10801,G1,46.540187,15.652647,1769016412,100.00,5.00,on_bus,46.540187,15.652637
10802,G1,46.540208,15.652636,1769016412,100.00,5.00,on_bus,46.540187,15.652637
2400,G1,46.527547,15.684445,1769016412,72.86,20.00,waiting_at_station,46.540187,15.652637
2401,G1,46.527834,15.685027,1769016412,86.63,10.00,waiting_at_station,46.540187,15.652637
2402,G1,46.527390,15.684257,1769016412,63.48,20.00,waiting_at_station,46.540187,15.652637
10800,G1,46.540060,15.652565,1769016412,89.86,10.00,on_bus,46.540167,15.652697
10801,G1,46.540205,15.652704,1769016412,60.12,20.00,on_bus,46.540167,15.652697
10802,G1,46.540137,15.652679,1769016412,78.91,10.00,on_bus,46.540167,15.652697
10803,G1,46.540172,15.652695,1769016412,96.24,5.00,on_bus,46.540167,15.652697
10804,G1,46.540309,15.652731,1769016412,98.71,5.00,on_bus,46.540167,15.652697
10805,G1,46.540185,15.652694,1769016412,75.99,10.00,on_bus,46.540167,15.652697
2200,G1,46.540311,15.650195,1769016412,61.34,20.00,waiting_at_station,46.540167,15.652697
2201,G1,46.539911,15.649055,1769016412,81.29,10.00,waiting_at_station,46.540167,15.652697
2202,G1,46.540149,15.649992,1769016412,78.98,10.00,waiting_at_station,46.540167,15.652697
2600,G1,46.540141,15.648182,1769016412,72.68,20.00,waiting_at_station,46.540167,15.652697
2601,G1,46.540187,15.648282,1769016412,70.50,20.00,waiting_at_station,46.540167,15.652697
2602,G1,46.539739,15.648419,1769016412,92.14,5.00,waiting_at_station,46.540167,15.652697
10800,G1,46.540191,15.652816,1769016413,88.47,10.00,on_bus,46.540146,15.652757
10801,G1,46.540050,15.652599,1769016413,74.77,20.00,on_bus,46.540146,15.652757
10802,G1,46.540259,15.652796,1769016413,76.49,10.00,on_bus,46.540146,15.652757
10803,G1,46.540122,15.652788,1769016413,77.58,10.00,on_bus,46.540146,15.652757
2100,G1,46.552637,15.650116,1769016413,32.09,50.00,waiting_at_station,46.540146,15.652757
2101,G1,46.552583,15.650121,1769016413,92.55,5.00,waiting_at_station,46.540146,15.652757
2102,G1,46.552945,15.650700,1769016413,75.78,10.00,waiting_at_station,46.540146,15.652757
2300,G1,46.532606,15.666616,1769016413,77.16,10.00,waiting_at_station,46.540146,15.652757
2301,G1,46.532044,15.665962,1769016413,54.74,35.00,waiting_at_station,46.540146,15.652757
2302,G1,46.532678,15.666549,1769016413,87.18,10.00,waiting_at_station,46.540146,15.652757
2500,G1,46.530849,15.670360,1769016413,80.51,10.00,waiting_at_station,46.540146,15.652757
2501,G1,46.530837,15.670549,1769016413,83.35,10.00,waiting_at_station,46.540146,15.652757
2700,G1,46.554150,15.650829,1769016413,74.16,20.00,waiting_at_station,46.540146,15.652757
2701,G1,46.554355,15.650667,1769016413,63.60,20.00,waiting_at_station,46.540146,15.652757
2702,G1,46.554345,15.650553,1769016413,78.52,10.00,waiting_at_station,46.540146,15.652757
10800,G1,46.540048,15.652706,1769016414,70.63,20.00,on_bus,46.540126,15.652818
10801,G1,46.540202,15.652935,1769016414,75.11,10.00,on_bus,46.540126,15.652818
10802,G1,46.540107,15.652979,1769016414,97.58,5.00,on_bus,46.540126,15.652818
10803,G1,46.540140,15.652731,1769016414,76.64,10.00,on_bus,46.540126,15.652818
2700,G1,46.553776,15.650605,1769016414,93.91,5.00,waiting_at_station,46.540126,15.652818
2701,G1,46.554172,15.651080,1769016414,64.05,20.00,waiting_at_station,46.540126,15.652818
10800,G1,46.540180,15.652783,1769016414,92.09,5.00,on_bus,46.540105,15.652878
10801,G1,46.540133,15.652874,1769016414,48.68,35.00,on_bus,46.540105,15.652878
2300,G1,46.531746,15.667122,1769016414,78.79,10.00,waiting_at_station,46.540105,15.652878
2301,G1,46.532706,15.666736,1769016414,62.55,20.00,waiting_at_station,46.540105,15.652878
2800,G1,46.558733,15.656059,1769016414,53.89,35.00,waiting_at_station,46.540105,15.652878
2801,G1,46.558543,15.656188,1769016414,57.72,35.00,waiting_at_station,46.540105,15.652878
10800,G1,46.540074,15.653051,1769016415,70.85,20.00,on_bus,46.540084,15.652938
10801,G1,46.540032,15.652821,1769016415,58.82,35.00,on_bus,46.540084,15.652938
10802,G1,46.540078,15.653016,1769016415,89.77,10.00,on_bus,46.540084,15.652938
10803,G1,46.540097,15.652942,1769016415,83.89,10.00,on_bus,46.540084,15.652938
10804,G1,46.540096,15.652960,1769016415,89.77,10.00,on_bus,46.540084,15.652938
10805,G1,46.539976,15.652956,1769016415,56.15,35.00,on_bus,46.540084,15.652938
2000,G1,46.559258,15.656052,1769016415,69.58,20.00,waiting_at_station,46.540084,15.652938
2001,G1,46.559438,15.655982,1769016415,92.08,5.00,waiting_at_station,46.540084,15.652938
2300,G1,46.532689,15.666824,1769016415,66.15,20.00,waiting_at_station,46.540084,15.652938
2301,G1,46.532742,15.666468,1769016415,90.98,5.00,waiting_at_station,46.540084,15.652938
2500,G1,46.530894,15.670068,1769016415,74.56,20.00,waiting_at_station,46.540084,15.652938
2800,G1,46.558556,15.656284,1769016415,77.03,10.00,waiting_at_station,46.540084,15.652938
2801,G1,46.558393,15.656422,1769016415,81.00,10.00,waiting_at_station,46.540084,15.652938
2802,G1,46.558536,15.655621,1769016415,66.69,20.00,waiting_at_station,46.540084,15.652938
10900,G1,46.540043,15.653049,1769016414,91.33,5.00,on_bus,46.540064,15.652998
10901,G1,46.540105,15.653120,1769016414,49.83,35.00,on_bus,46.540064,15.652998
10902,G1,46.540078,15.652957,1769016414,82.18,10.00,on_bus,46.540064,15.652998
2100,G1,46.552570,15.649977,1769016414,72.25,20.00,waiting_at_station,46.540064,15.652998
2101,G1,46.552761,15.650081,1769016414,70.68,20.00,waiting_at_station,46.540064,15.652998
2400,G1,46.527455,15.684334,1769016414,86.14,10.00,waiting_at_station,46.540064,15.652998
2401,G1,46.527400,15.684087,1769016414,81.36,10.00,waiting_at_station,46.540064,15.652998
10900,G1,46.540087,15.653212,1769016415,79.49,10.00,on_bus,46.540014,15.653090
10901,G1,46.540080,15.653028,1769016415,84.11,10.00,on_bus,46.540014,15.653090
10902,G1,46.540115,15.652999,1769016415,71.43,20.00,on_bus,46.540014,15.653090
10903,G1,46.540003,15.653067,1769016415,92.44,5.00,on_bus,46.540014,15.653090
10904,G1,46.539920,15.653153,1769016415,54.09,35.00,on_bus,46.540014,15.653090
2200,G1,46.540089,15.649769,1769016415,99.64,5.00,waiting_at_station,46.540014,15.653090
2201,G1,46.540298,15.649762,1769016415,80.25,10.00,waiting_at_station,46.540014,15.653090
2202,G1,46.540170,15.649835,1769016415,48.03,35.00,waiting_at_station,46.540014,15.653090
2400,G1,46.527282,15.684262,1769016415,67.78,20.00,waiting_at_station,46.540014,15.653090
2401,G1,46.527337,15.684547,1769016415,85.50,10.00,waiting_at_station,46.540014,15.653090
2402,G1,46.527782,15.685014,1769016415,91.16,5.00,waiting_at_station,46.540014,15.653090
2700,G1,46.554278,15.650481,1769016415,100.00,5.00,waiting_at_station,46.540014,15.653090
2701,G1,46.554320,15.650494,1769016415,61.81,20.00,waiting_at_station,46.540014,15.653090
10900,G1,46.539884,15.653133,1769016416,66.58,20.00,on_bus,46.539964,15.653182
10901,G1,46.540006,15.653102,1769016416,100.00,5.00,on_bus,46.539964,15.653182
10902,G1,46.539930,15.653212,1769016416,82.44,10.00,on_bus,46.539964,15.653182
2300,G1,46.532533,15.666631,1769016416,45.95,35.00,waiting_at_station,46.539964,15.653182
2400,G1,46.526989,15.684462,1769016416,97.78,5.00,waiting_at_station,46.539964,15.653182
2600,G1,46.539809,15.647841,1769016416,70.45,20.00,waiting_at_station,46.539964,15.653182
2601,G1,46.539600,15.648119,1769016416,75.17,10.00,waiting_at_station,46.539964,15.653182
10900,G1,46.540000,15.653298,1769016417,99.77,5.00,on_bus,46.539914,15.653273
10901,G1,46.540041,15.653303,1769016417,100.00,5.00,on_bus,46.539914,15.653273
10902,G1,46.540032,15.653129,1769016417,56.45,35.00,on_bus,46.539914,15.653273
2100,G1,46.552626,15.650177,1769016417,76.44,10.00,waiting_at_station,46.539914,15.653273
2101,G1,46.552737,15.650568,1769016417,86.01,10.00,waiting_at_station,46.539914,15.653273
2102,G1,46.552719,15.650255,1769016417,87.39,10.00,waiting_at_station,46.539914,15.653273
2700,G1,46.554479,15.650581,1769016417,73.17,20.00,waiting_at_station,46.539914,15.653273
2701,G1,46.554446,15.650357,1769016417,64.79,20.00,waiting_at_station,46.539914,15.653273
2702,G1,46.554281,15.650653,1769016417,63.43,20.00,waiting_at_station,46.539914,15.653273
10900,G1,46.539906,15.653183,1769016419,100.00,5.00,on_bus,46.539864,15.653365
10901,G1,46.539840,15.653453,1769016419,85.38,10.00,on_bus,46.539864,15.653365
10902,G1,46.539815,15.653353,1769016419,86.25,10.00,on_bus,46.539864,15.653365
10903,G1,46.539886,15.653290,1769016419,75.80,10.00,on_bus,46.539864,15.653365
10904,G1,46.539893,15.653292,1769016419,89.50,10.00,on_bus,46.539864,15.653365
10905,G1,46.539803,15.653590,1769016419,80.45,10.00,on_bus,46.539864,15.653365
2600,G1,46.539791,15.648117,1769016419,80.37,10.00,waiting_at_station,46.539864,15.653365
2601,G1,46.539749,15.648345,1769016419,88.69,10.00,waiting_at_station,46.539864,15.653365
11000,G1,46.539792,15.653454,1769016417,100.00,5.00,on_bus,46.539814,15.653457
11001,G1,46.539738,15.653287,1769016417,78.20,10.00,on_bus,46.539814,15.653457
2500,G1,46.530655,15.669857,1769016417,87.85,10.00,waiting_at_station,46.539814,15.653457
2501,G1,46.531189,15.670077,1769016417,81.02,10.00,waiting_at_station,46.539814,15.653457
2502,G1,46.530721,15.670000,1769016417,51.80,35.00,waiting_at_station,46.539814,15.653457
2600,G1,46.539728,15.648271,1769016417,55.37,35.00,waiting_at_station,46.539814,15.653457
2601,G1,46.539644,15.648260,1769016417,63.43,20.00,waiting_at_station,46.539814,15.653457
2602,G1,46.539882,15.648148,1769016417,74.67,20.00,waiting_at_station,46.539814,15.653457
11000,G1,46.539793,15.653542,1769016417,100.00,5.00,on_bus,46.539769,15.653516
11001,G1,46.539781,15.653656,1769016417,55.12,35.00,on_bus,46.539769,15.653516
11002,G1,46.539693,15.653649,1769016417,52.00,35.00,on_bus,46.539769,15.653516
11003,G1,46.539718,15.653484,1769016417,82.94,10.00,on_bus,46.539769,15.653516
2000,G1,46.559559,15.656146,1769016417,65.94,20.00,waiting_at_station,46.539769,15.653516
2001,G1,46.559533,15.656152,1769016417,86.32,10.00,waiting_at_station,46.539769,15.653516
2300,G1,46.532228,15.667029,1769016417,73.81,20.00,waiting_at_station,46.539769,15.653516
2301,G1,46.532307,15.666669,1769016417,90.37,5.00,waiting_at_station,46.539769,15.653516
2302,G1,46.533111,15.666954,1769016417,81.02,10.00,waiting_at_station,46.539769,15.653516
2700,G1,46.554649,15.650827,1769016417,85.40,10.00,waiting_at_station,46.539769,15.653516
2701,G1,46.555028,15.649937,1769016417,77.25,10.00,waiting_at_station,46.539769,15.653516
2702,G1,46.554150,15.649945,1769016417,59.44,35.00,waiting_at_station,46.539769,15.653516
2800,G1,46.558691,15.656073,1769016417,40.60,50.00,waiting_at_station,46.539769,15.653516
11000,G1,46.539817,15.653452,1769016419,94.60,5.00,on_bus,46.539725,15.653576
11001,G1,46.539709,15.653604,1769016419,89.42,10.00,on_bus,46.539725,15.653576
11002,G1,46.539669,15.653437,1769016419,68.19,20.00,on_bus,46.539725,15.653576
11003,G1,46.539678,15.653573,1769016419,80.54,10.00,on_bus,46.539725,15.653576
11004,G1,46.539646,15.653533,1769016419,69.85,20.00,on_bus,46.539725,15.653576
11005,G1,46.539632,15.653409,1769016419,76.13,10.00,on_bus,46.539725,15.653576
2700,G1,46.554303,15.650474,1769016419,98.89,5.00,waiting_at_station,46.539725,15.653576
2800,G1,46.558530,15.655860,1769016419,67.36,20.00,waiting_at_station,46.539725,15.653576
2801,G1,46.559246,15.655790,1769016419,75.84,10.00,waiting_at_station,46.539725,15.653576
2802,G1,46.558971,15.656026,1769016419,78.06,10.00,waiting_at_station,46.539725,15.653576
11000,G1,46.539522,15.653715,1769016419,88.31,10.00,on_bus,46.539680,15.653635
11001,G1,46.539638,15.653651,1769016419,85.24,10.00,on_bus,46.539680,15.653635
11002,G1,46.539621,15.653721,1769016419,83.66,10.00,on_bus,46.539680,15.653635
11003,G1,46.539683,15.653692,1769016419,70.93,20.00,on_bus,46.539680,15.653635
11004,G1,46.539715,15.653551,1769016419,71.86,20.00,on_bus,46.539680,15.653635
11005,G1,46.539780,15.653573,1769016419,63.39,20.00,on_bus,46.539680,15.653635
2300,G1,46.532468,15.666554,1769016419,100.00,5.00,waiting_at_station,46.539680,15.653635
2301,G1,46.532566,15.666837,1769016419,83.03,10.00,waiting_at_station,46.539680,15.653635
2302,G1,46.532493,15.666677,1769016419,64.43,20.00,waiting_at_station,46.539680,15.653635
11000,G1,46.539582,15.653739,1769016420,88.24,10.00,on_bus,46.539636,15.653695
11001,G1,46.539629,15.654049,1769016420,85.65,10.00,on_bus,46.539636,15.653695
11002,G1,46.539661,15.653751,1769016420,62.51,20.00,on_bus,46.539636,15.653695
11003,G1,46.539674,15.653704,1769016420,90.72,5.00,on_bus,46.539636,15.653695
11004,G1,46.539694,15.653823,1769016420,75.92,10.00,on_bus,46.539636,15.653695
2400,G1,46.527546,15.684587,1769016420,79.13,10.00,waiting_at_station,46.539636,15.653695
2401,G1,46.527466,15.684355,1769016420,77.18,10.00,waiting_at_station,46.539636,15.653695
2402,G1,46.527444,15.684231,1769016420,79.05,10.00,waiting_at_station,46.539636,15.653695
11100,G1,46.539603,15.653793,1769016419,83.94,10.00,on_bus,46.539591,15.653754
11101,G1,46.539594,15.653711,1769016419,73.98,20.00,on_bus,46.539591,15.653754
11102,G1,46.539639,15.653661,1769016419,70.36,20.00,on_bus,46.539591,15.653754
2000,G1,46.559547,15.655848,1769016419,73.72,20.00,waiting_at_station,46.539591,15.653754
2001,G1,46.559478,15.656184,1769016419,73.48,20.00,waiting_at_station,46.539591,15.653754
2002,G1,46.559627,15.656060,1769016419,82.37,10.00,waiting_at_station,46.539591,15.653754
2100,G1,46.552592,15.650104,1769016419,84.29,10.00,waiting_at_station,46.539591,15.653754
2101,G1,46.552488,15.650157,1769016419,83.87,10.00,waiting_at_station,46.539591,15.653754
2102,G1,46.552725,15.650139,1769016419,92.95,5.00,waiting_at_station,46.539591,15.653754
2800,G1,46.559018,15.655568,1769016419,71.58,20.00,waiting_at_station,46.539591,15.653754
11100,G1,46.539503,15.653952,1769016421,96.18,5.00,on_bus,46.539513,15.653846
11101,G1,46.539536,15.653856,1769016421,49.85,35.00,on_bus,46.539513,15.653846
2100,G1,46.552651,15.650822,1769016421,88.19,10.00,waiting_at_station,46.539513,15.653846
2101,G1,46.552572,15.650288,1769016421,51.11,35.00,waiting_at_station,46.539513,15.653846
2102,G1,46.552817,15.650398,1769016421,67.57,20.00,waiting_at_station,46.539513,15.653846
2200,G1,46.539982,15.649596,1769016421,71.51,20.00,waiting_at_station,46.539513,15.653846
2201,G1,46.539978,15.649845,1769016421,79.90,10.00,waiting_at_station,46.539513,15.653846
2202,G1,46.539960,15.649527,1769016421,64.29,20.00,waiting_at_station,46.539513,15.653846
11100,G1,46.539418,15.653913,1769016422,76.27,10.00,on_bus,46.539434,15.653938
11101,G1,46.539410,15.654012,1769016422,91.82,5.00,on_bus,46.539434,15.653938
11102,G1,46.539379,15.653845,1769016422,68.44,20.00,on_bus,46.539434,15.653938
11103,G1,46.539302,15.654046,1769016422,83.22,10.00,on_bus,46.539434,15.653938
11104,G1,46.539415,15.653916,1769016422,98.55,5.00,on_bus,46.539434,15.653938
11105,G1,46.539362,15.654086,1769016422,66.17,20.00,on_bus,46.539434,15.653938
2500,G1,46.530819,15.670168,1769016422,91.76,5.00,waiting_at_station,46.539434,15.653938
2501,G1,46.530801,15.670320,1769016422,92.03,5.00,waiting_at_station,46.539434,15.653938
2600,G1,46.539693,15.647999,1769016422,76.97,10.00,waiting_at_station,46.539434,15.653938
2601,G1,46.539706,15.647895,1769016422,70.29,20.00,waiting_at_station,46.539434,15.653938
2602,G1,46.540041,15.647831,1769016422,76.92,10.00,waiting_at_station,46.539434,15.653938
2700,G1,46.554375,15.650899,1769016422,52.00,35.00,waiting_at_station,46.539434,15.653938
2701,G1,46.554340,15.650249,1769016422,87.20,10.00,waiting_at_station,46.539434,15.653938
2702,G1,46.554925,15.650462,1769016422,96.00,5.00,waiting_at_station,46.539434,15.653938
2800,G1,46.558505,15.654930,1769016422,70.91,20.00,waiting_at_station,46.539434,15.653938
2801,G1,46.558712,15.656130,1769016422,79.04,10.00,waiting_at_station,46.539434,15.653938
2802,G1,46.558307,15.656449,1769016422,59.49,35.00,waiting_at_station,46.539434,15.653938
11100,G1,46.539353,15.654037,1769016424,75.42,10.00,on_bus,46.539355,15.654031
11101,G1,46.539334,15.654037,1769016424,79.03,10.00,on_bus,46.539355,15.654031
11102,G1,46.539298,15.654095,1769016424,74.09,20.00,on_bus,46.539355,15.654031
11103,G1,46.539355,15.654035,1769016424,82.95,10.00,on_bus,46.539355,15.654031
2100,G1,46.552346,15.650978,1769016424,78.63,10.00,waiting_at_station,46.539355,15.654031
2101,G1,46.552961,15.650073,1769016424,78.58,10.00,waiting_at_station,46.539355,15.654031
2200,G1,46.539807,15.649726,1769016424,83.80,10.00,waiting_at_station,46.539355,15.654031
2300,G1,46.532627,15.666359,1769016424,77.17,10.00,waiting_at_station,46.539355,15.654031
2301,G1,46.532095,15.667262,1769016424,39.58,50.00,waiting_at_station,46.539355,15.654031
2302,G1,46.533190,15.666974,1769016424,83.28,10.00,waiting_at_station,46.539355,15.654031
2400,G1,46.527342,15.684272,1769016424,87.80,10.00,waiting_at_station,46.539355,15.654031
2600,G1,46.539768,15.647690,1769016424,62.72,20.00,waiting_at_station,46.539355,15.654031
2601,G1,46.539821,15.648100,1769016424,42.15,50.00,waiting_at_station,46.539355,15.654031
2700,G1,46.554102,15.650477,1769016424,100.00,5.00,waiting_at_station,46.539355,15.654031
2701,G1,46.554169,15.650621,1769016424,51.10,35.00,waiting_at_station,46.539355,15.654031
2702,G1,46.554209,15.650093,1769016424,100.00,5.00,waiting_at_station,46.539355,15.654031
11200,G1,46.539346,15.654221,1769016422,60.87,20.00,on_bus,46.539277,15.654123
11201,G1,46.539253,15.654189,1769016422,60.86,20.00,on_bus,46.539277,15.654123
11202,G1,46.539349,15.654028,1769016422,81.99,10.00,on_bus,46.539277,15.654123
11203,G1,46.539261,15.654020,1769016422,100.00,5.00,on_bus,46.539277,15.654123
11204,G1,46.539318,15.654205,1769016422,81.20,10.00,on_bus,46.539277,15.654123
2100,G1,46.553105,15.650455,1769016422,94.74,5.00,waiting_at_station,46.539277,15.654123
2101,G1,46.552594,15.649885,1769016422,78.76,10.00,waiting_at_station,46.539277,15.654123
2102,G1,46.552360,15.649903,1769016422,79.11,10.00,waiting_at_station,46.539277,15.654123
2200,G1,46.540069,15.649804,1769016422,92.58,5.00,waiting_at_station,46.539277,15.654123
2300,G1,46.532308,15.667066,1769016422,72.37,20.00,waiting_at_station,46.539277,15.654123
2600,G1,46.540025,15.648791,1769016422,91.08,5.00,waiting_at_station,46.539277,15.654123
11200,G1,46.539218,15.654134,1769016423,78.64,10.00,on_bus,46.539202,15.654202
11201,G1,46.539159,15.654182,1769016423,76.79,10.00,on_bus,46.539202,15.654202
11202,G1,46.539067,15.654366,1769016423,84.28,10.00,on_bus,46.539202,15.654202
11203,G1,46.539086,15.654283,1769016423,99.10,5.00,on_bus,46.539202,15.654202
11204,G1,46.539228,15.654214,1769016423,85.67,10.00,on_bus,46.539202,15.654202
2200,G1,46.539662,15.649133,1769016423,54.54,35.00,waiting_at_station,46.539202,15.654202
2201,G1,46.540050,15.649702,1769016423,67.98,20.00,waiting_at_station,46.539202,15.654202
2202,G1,46.540260,15.649684,1769016423,87.95,10.00,waiting_at_station,46.539202,15.654202
2300,G1,46.532324,15.666561,1769016423,67.42,20.00,waiting_at_station,46.539202,15.654202
2301,G1,46.532649,15.666904,1769016423,70.90,20.00,waiting_at_station,46.539202,15.654202
2302,G1,46.532110,15.666878,1769016423,61.12,20.00,waiting_at_station,46.539202,15.654202
2400,G1,46.527467,15.684247,1769016423,64.88,20.00,waiting_at_station,46.539202,15.654202
2401,G1,46.527505,15.684038,1769016423,84.77,10.00,waiting_at_station,46.539202,15.654202
2402,G1,46.527485,15.684373,1769016423,86.53,10.00,waiting_at_station,46.539202,15.654202
11200,G1,46.539137,15.654342,1769016424,86.42,10.00,on_bus,46.539127,15.654281
11201,G1,46.539039,15.654389,1769016424,52.58,35.00,on_bus,46.539127,15.654281
11202,G1,46.539078,15.654296,1769016424,72.92,20.00,on_bus,46.539127,15.654281
11203,G1,46.539094,15.654113,1769016424,44.74,50.00,on_bus,46.539127,15.654281
11204,G1,46.539132,15.654307,1769016424,90.89,5.00,on_bus,46.539127,15.654281
2100,G1,46.552680,15.649720,1769016424,77.47,10.00,waiting_at_station,46.539127,15.654281
2101,G1,46.552688,15.650192,1769016424,83.05,10.00,waiting_at_station,46.539127,15.654281
2102,G1,46.552504,15.649979,1769016424,67.84,20.00,waiting_at_station,46.539127,15.654281
2200,G1,46.540292,15.649231,1769016424,62.84,20.00,waiting_at_station,46.539127,15.654281
2201,G1,46.540402,15.650206,1769016424,89.71,10.00,waiting_at_station,46.539127,15.654281
2500,G1,46.531078,15.670109,1769016424,91.55,5.00,waiting_at_station,46.539127,15.654281
2501,G1,46.530827,15.670015,1769016424,74.60,20.00,waiting_at_station,46.539127,15.654281
2502,G1,46.530232,15.669889,1769016424,95.52,5.00,waiting_at_station,46.539127,15.654281
11300,G1,46.538991,15.654270,1769016424,79.35,10.00,on_bus,46.539052,15.654360
11301,G1,46.538941,15.654302,1769016424,89.90,10.00,on_bus,46.539052,15.654360
11302,G1,46.538970,15.654343,1769016424,70.82,20.00,on_bus,46.539052,15.654360
2200,G1,46.540191,15.650188,1769016424,62.44,20.00,waiting_at_station,46.539052,15.654360
2600,G1,46.539981,15.647939,1769016424,61.34,20.00,waiting_at_station,46.539052,15.654360
2601,G1,46.539501,15.648166,1769016424,68.20,20.00,waiting_at_station,46.539052,15.654360
11300,G1,46.539004,15.654365,1769016425,92.82,5.00,on_bus,46.538977,15.654447
11301,G1,46.538941,15.654474,1769016425,87.81,10.00,on_bus,46.538977,15.654447
11302,G1,46.539064,15.654340,1769016425,81.90,10.00,on_bus,46.538977,15.654447
11300,G1,46.538780,15.654614,1769016426,68.28,20.00,on_bus,46.538901,15.654534
11301,G1,46.538891,15.654599,1769016426,91.22,5.00,on_bus,46.538901,15.654534
2000,G1,46.559336,15.655951,1769016426,67.81,20.00,waiting_at_station,46.538901,15.654534
2001,G1,46.559674,15.656146,1769016426,61.38,20.00,waiting_at_station,46.538901,15.654534
2002,G1,46.559584,15.655671,1769016426,78.78,10.00,waiting_at_station,46.538901,15.654534
2200,G1,46.540185,15.649802,1769016426,79.03,10.00,waiting_at_station,46.538901,15.654534
2201,G1,46.540108,15.650105,1769016426,63.78,20.00,waiting_at_station,46.538901,15.654534
2202,G1,46.540176,15.649553,1769016426,70.95,20.00,waiting_at_station,46.538901,15.654534
2400,G1,46.527460,15.683296,1769016426,75.59,10.00,waiting_at_station,46.538901,15.654534
2800,G1,46.558219,15.655900,1769016426,77.29,10.00,waiting_at_station,46.538901,15.654534
11400,G1,46.538767,15.654417,1769016426,100.00,5.00,on_bus,46.538826,15.654621
11401,G1,46.538807,15.654610,1769016426,78.02,10.00,on_bus,46.538826,15.654621
2700,G1,46.554207,15.650443,1769016426,46.73,35.00,waiting_at_station,46.538826,15.654621
2701,G1,46.554410,15.650636,1769016426,63.57,20.00,waiting_at_station,46.538826,15.654621
2702,G1,46.554521,15.650674,1769016426,67.33,20.00,waiting_at_station,46.538826,15.654621
11400,G1,46.538810,15.654656,1769016427,96.65,5.00,on_bus,46.538776,15.654649
11401,G1,46.538743,15.654619,1769016427,84.36,10.00,on_bus,46.538776,15.654649
11402,G1,46.538846,15.654841,1769016427,71.37,20.00,on_bus,46.538776,15.654649
2100,G1,46.552444,15.649545,1769016427,76.46,10.00,waiting_at_station,46.538776,15.654649
2101,G1,46.552334,15.650372,1769016427,63.28,20.00,waiting_at_station,46.538776,15.654649
2300,G1,46.532749,15.667293,1769016427,96.37,5.00,waiting_at_station,46.538776,15.654649
2301,G1,46.532673,15.666659,1769016427,69.43,20.00,waiting_at_station,46.538776,15.654649
2302,G1,46.532540,15.666568,1769016427,65.42,20.00,waiting_at_station,46.538776,15.654649
2600,G1,46.539875,15.647527,1769016427,58.89,35.00,waiting_at_station,46.538776,15.654649
2601,G1,46.539869,15.648168,1769016427,67.77,20.00,waiting_at_station,46.538776,15.654649
11400,G1,46.538815,15.654665,1769016428,84.90,10.00,on_bus,46.538727,15.654677
11401,G1,46.538710,15.654767,1769016428,100.00,5.00,on_bus,46.538727,15.654677
11402,G1,46.538827,15.654563,1769016428,67.48,20.00,on_bus,46.538727,15.654677
2000,G1,46.559363,15.655838,1769016428,59.82,35.00,waiting_at_station,46.538727,15.654677
2001,G1,46.559506,15.655986,1769016428,88.91,10.00,waiting_at_station,46.538727,15.654677
2002,G1,46.559524,15.655950,1769016428,92.06,5.00,waiting_at_station,46.538727,15.654677
2200,G1,46.539903,15.649801,1769016428,56.03,35.00,waiting_at_station,46.538727,15.654677
11400,G1,46.538691,15.654731,1769016428,89.70,10.00,on_bus,46.538678,15.654705
11401,G1,46.538721,15.654662,1769016428,88.20,10.00,on_bus,46.538678,15.654705
11402,G1,46.538599,15.654718,1769016428,93.06,5.00,on_bus,46.538678,15.654705
11403,G1,46.538670,15.654811,1769016428,62.80,20.00,on_bus,46.538678,15.654705
2100,G1,46.552743,15.650260,1769016428,54.16,35.00,waiting_at_station,46.538678,15.654705
2600,G1,46.539955,15.648356,1769016428,62.41,20.00,waiting_at_station,46.538678,15.654705
2601,G1,46.539925,15.647903,1769016428,70.72,20.00,waiting_at_station,46.538678,15.654705
11500,G1,46.538698,15.654583,1769016428,86.52,10.00,on_bus,46.538628,15.654733
11501,G1,46.538686,15.654869,1769016428,71.81,20.00,on_bus,46.538628,15.654733
11502,G1,46.538703,15.654705,1769016428,94.05,5.00,on_bus,46.538628,15.654733
11503,G1,46.538697,15.654799,1769016428,100.00,5.00,on_bus,46.538628,15.654733
11500,G1,46.538569,15.655123,1769016429,70.01,20.00,on_bus,46.538544,15.654884
11501,G1,46.538467,15.654932,1769016429,61.41,20.00,on_bus,46.538544,15.654884
2400,G1,46.527440,15.684306,1769016429,76.88,10.00,waiting_at_station,46.538544,15.654884
2700,G1,46.554323,15.650535,1769016429,74.76,20.00,waiting_at_station,46.538544,15.654884
2701,G1,46.554456,15.650583,1769016429,90.73,5.00,waiting_at_station,46.538544,15.654884
11500,G1,46.538462,15.655024,1769016431,88.24,10.00,on_bus,46.538459,15.655036
11501,G1,46.538153,15.654908,1769016431,79.88,10.00,on_bus,46.538459,15.655036
2000,G1,46.559357,15.656446,1769016431,57.83,35.00,waiting_at_station,46.538459,15.655036
2100,G1,46.552658,15.650265,1769016431,75.44,10.00,waiting_at_station,46.538459,15.655036
2101,G1,46.552870,15.650250,1769016431,80.73,10.00,waiting_at_station,46.538459,15.655036
2102,G1,46.552917,15.650061,1769016431,62.11,20.00,waiting_at_station,46.538459,15.655036
2300,G1,46.532507,15.666718,1769016431,60.00,20.00,waiting_at_station,46.538459,15.655036
2500,G1,46.530626,15.669935,1769016431,70.32,20.00,waiting_at_station,46.538459,15.655036
11600,G1,46.538298,15.655231,1769016431,86.65,10.00,on_bus,46.538375,15.655187
11601,G1,46.538409,15.655198,1769016431,99.02,5.00,on_bus,46.538375,15.655187
11602,G1,46.538454,15.655109,1769016431,64.51,20.00,on_bus,46.538375,15.655187
2000,G1,46.559459,15.655889,1769016431,67.26,20.00,waiting_at_station,46.538375,15.655187
2001,G1,46.559538,15.656039,1769016431,88.60,10.00,waiting_at_station,46.538375,15.655187
2100,G1,46.552655,15.650044,1769016431,75.27,10.00,waiting_at_station,46.538375,15.655187
2101,G1,46.552317,15.651053,1769016431,73.61,20.00,waiting_at_station,46.538375,15.655187
2102,G1,46.552784,15.650102,1769016431,77.10,10.00,waiting_at_station,46.538375,15.655187
2300,G1,46.532865,15.666493,1769016431,64.22,20.00,waiting_at_station,46.538375,15.655187
2400,G1,46.527377,15.684250,1769016431,68.35,20.00,waiting_at_station,46.538375,15.655187
2401,G1,46.527851,15.684735,1769016431,58.47,35.00,waiting_at_station,46.538375,15.655187
11600,G1,46.538303,15.655290,1769016432,69.92,20.00,on_bus,46.538300,15.655295
11601,G1,46.538339,15.655396,1769016432,78.60,10.00,on_bus,46.538300,15.655295
11602,G1,46.538223,15.655258,1769016432,67.21,20.00,on_bus,46.538300,15.655295
11603,G1,46.538268,15.655289,1769016432,81.99,10.00,on_bus,46.538300,15.655295
11604,G1,46.538236,15.655399,1769016432,82.93,10.00,on_bus,46.538300,15.655295
2500,G1,46.531047,15.670156,1769016432,79.33,10.00,waiting_at_station,46.538300,15.655295
2600,G1,46.539820,15.647964,1769016432,76.16,10.00,waiting_at_station,46.538300,15.655295
2800,G1,46.558649,15.655670,1769016432,83.05,10.00,waiting_at_station,46.538300,15.655295
2801,G1,46.558658,15.655385,1769016432,100.00,5.00,waiting_at_station,46.538300,15.655295
11600,G1,46.538267,15.655459,1769016434,80.68,10.00,on_bus,46.538225,15.655404
11601,G1,46.538201,15.655346,1769016434,68.05,20.00,on_bus,46.538225,15.655404
11602,G1,46.538313,15.655332,1769016434,98.19,5.00,on_bus,46.538225,15.655404
11603,G1,46.538274,15.655451,1769016434,60.92,20.00,on_bus,46.538225,15.655404
2300,G1,46.532542,15.666822,1769016434,72.00,20.00,waiting_at_station,46.538225,15.655404
2301,G1,46.532412,15.666896,1769016434,73.44,20.00,waiting_at_station,46.538225,15.655404
2500,G1,46.531198,15.669822,1769016434,95.75,5.00,waiting_at_station,46.538225,15.655404
2501,G1,46.530550,15.669998,1769016434,92.52,5.00,waiting_at_station,46.538225,15.655404
2600,G1,46.539802,15.648193,1769016434,87.69,10.00,waiting_at_station,46.538225,15.655404
2700,G1,46.554220,15.650958,1769016434,85.25,10.00,waiting_at_station,46.538225,15.655404
2701,G1,46.554326,15.650326,1769016434,57.74,35.00,waiting_at_station,46.538225,15.655404
2702,G1,46.554549,15.650344,1769016434,94.21,5.00,waiting_at_station,46.538225,15.655404
2800,G1,46.558670,15.655490,1769016434,93.29,5.00,waiting_at_station,46.538225,15.655404
2801,G1,46.558290,15.656088,1769016434,80.37,10.00,waiting_at_station,46.538225,15.655404
2802,G1,46.558528,15.655913,1769016434,31.75,50.00,waiting_at_station,46.538225,15.655404
11700,G1,46.538316,15.655474,1769016433,100.00,5.00,on_bus,46.538150,15.655512
11701,G1,46.538175,15.655586,1769016433,74.59,20.00,on_bus,46.538150,15.655512
2100,G1,46.552450,15.650052,1769016433,67.38,20.00,waiting_at_station,46.538150,15.655512
2600,G1,46.539953,15.648020,1769016433,22.81,50.00,waiting_at_station,46.538150,15.655512
2601,G1,46.539880,15.648026,1769016433,62.20,20.00,waiting_at_station,46.538150,15.655512
2602,G1,46.539982,15.647770,1769016433,53.25,35.00,waiting_at_station,46.538150,15.655512
2800,G1,46.558794,15.656288,1769016433,75.09,10.00,waiting_at_station,46.538150,15.655512
2801,G1,46.558674,15.655606,1769016433,77.12,10.00,waiting_at_station,46.538150,15.655512
2802,G1,46.558806,15.655678,1769016433,71.98,20.00,waiting_at_station,46.538150,15.655512
11700,G1,46.537966,15.655744,1769016435,67.22,20.00,on_bus,46.538087,15.655631
11701,G1,46.538180,15.655788,1769016435,99.04,5.00,on_bus,46.538087,15.655631
11702,G1,46.538092,15.655583,1769016435,91.52,5.00,on_bus,46.538087,15.655631
11703,G1,46.538049,15.655662,1769016435,79.33,10.00,on_bus,46.538087,15.655631
11704,G1,46.538074,15.655785,1769016435,100.00,5.00,on_bus,46.538087,15.655631
11705,G1,46.538070,15.655471,1769016435,75.42,10.00,on_bus,46.538087,15.655631
2200,G1,46.540385,15.649742,1769016435,65.52,20.00,waiting_at_station,46.538087,15.655631
2700,G1,46.554430,15.650208,1769016435,72.78,20.00,waiting_at_station,46.538087,15.655631
2701,G1,46.554274,15.650512,1769016435,69.29,20.00,waiting_at_station,46.538087,15.655631
2702,G1,46.554241,15.650573,1769016435,64.97,20.00,waiting_at_station,46.538087,15.655631
2800,G1,46.558384,15.655828,1769016435,88.86,10.00,waiting_at_station,46.538087,15.655631
2801,G1,46.558280,15.655531,1769016435,63.51,20.00,waiting_at_station,46.538087,15.655631
2802,G1,46.558714,15.656011,1769016435,68.50,20.00,waiting_at_station,46.538087,15.655631
11700,G1,46.537956,15.655660,1769016436,58.29,35.00,on_bus,46.538024,15.655750
11701,G1,46.538053,15.655693,1769016436,69.87,20.00,on_bus,46.538024,15.655750
11702,G1,46.538050,15.655813,1769016436,92.10,5.00,on_bus,46.538024,15.655750
2100,G1,46.552880,15.649910,1769016436,65.39,20.00,waiting_at_station,46.538024,15.655750
2400,G1,46.527785,15.684221,1769016436,78.23,10.00,waiting_at_station,46.538024,15.655750
2401,G1,46.527384,15.684148,1769016436,57.98,35.00,waiting_at_station,46.538024,15.655750
2402,G1,46.527655,15.684336,1769016436,92.44,5.00,waiting_at_station,46.538024,15.655750
2600,G1,46.539898,15.647948,1769016436,93.48,5.00,waiting_at_station,46.538024,15.655750
2700,G1,46.554324,15.650717,1769016436,74.84,20.00,waiting_at_station,46.538024,15.655750
2701,G1,46.554586,15.651008,1769016436,79.42,10.00,waiting_at_station,46.538024,15.655750
2702,G1,46.554464,15.651128,1769016436,75.74,10.00,waiting_at_station,46.538024,15.655750
11800,G1,46.537867,15.655703,1769016435,96.12,5.00,on_bus,46.537961,15.655869
11801,G1,46.537897,15.655895,1769016435,64.68,20.00,on_bus,46.537961,15.655869
11802,G1,46.537808,15.655854,1769016435,93.61,5.00,on_bus,46.537961,15.655869
11803,G1,46.537955,15.655916,1769016435,67.84,20.00,on_bus,46.537961,15.655869
2000,G1,46.559751,15.656107,1769016435,84.85,10.00,waiting_at_station,46.537961,15.655869
2001,G1,46.559307,15.656237,1769016435,95.99,5.00,waiting_at_station,46.537961,15.655869
2002,G1,46.559805,15.656131,1769016435,75.83,10.00,waiting_at_station,46.537961,15.655869
2300,G1,46.532821,15.666895,1769016435,55.53,35.00,waiting_at_station,46.537961,15.655869
2301,G1,46.532750,15.666226,1769016435,71.77,20.00,waiting_at_station,46.537961,15.655869
2302,G1,46.532388,15.667072,1769016435,48.83,35.00,waiting_at_station,46.537961,15.655869
2500,G1,46.531003,15.670078,1769016435,70.55,20.00,waiting_at_station,46.537961,15.655869
2600,G1,46.539680,15.648001,1769016435,59.28,35.00,waiting_at_station,46.537961,15.655869
2700,G1,46.554543,15.650511,1769016435,75.24,10.00,waiting_at_station,46.537961,15.655869
11800,G1,46.537842,15.655987,1769016436,100.00,5.00,on_bus,46.537916,15.655959
11801,G1,46.537943,15.655839,1769016436,72.55,20.00,on_bus,46.537916,15.655959
2100,G1,46.552943,15.649926,1769016436,82.03,10.00,waiting_at_station,46.537916,15.655959
2101,G1,46.552678,15.650011,1769016436,82.88,10.00,waiting_at_station,46.537916,15.655959
2102,G1,46.552705,15.650559,1769016436,54.54,35.00,waiting_at_station,46.537916,15.655959
2300,G1,46.532279,15.667003,1769016436,61.83,20.00,waiting_at_station,46.537916,15.655959
2301,G1,46.532521,15.666821,1769016436,87.26,10.00,waiting_at_station,46.537916,15.655959
2700,G1,46.554420,15.650499,1769016436,100.00,5.00,waiting_at_station,46.537916,15.655959
2701,G1,46.555147,15.650723,1769016436,80.78,10.00,waiting_at_station,46.537916,15.655959
2702,G1,46.554198,15.650684,1769016436,91.66,5.00,waiting_at_station,46.537916,15.655959
11800,G1,46.537819,15.656132,1769016437,78.67,10.00,on_bus,46.537871,15.656050
11801,G1,46.537821,15.656091,1769016437,75.46,10.00,on_bus,46.537871,15.656050
11800,G1,46.537841,15.656164,1769016438,99.85,5.00,on_bus,46.537826,15.656140
11801,G1,46.537946,15.656053,1769016438,78.46,10.00,on_bus,46.537826,15.656140
11802,G1,46.537797,15.656167,1769016438,75.57,10.00,on_bus,46.537826,15.656140
11803,G1,46.538013,15.656250,1769016438,100.00,5.00,on_bus,46.537826,15.656140
11804,G1,46.537690,15.656002,1769016438,85.75,10.00,on_bus,46.537826,15.656140
11805,G1,46.537864,15.656058,1769016438,76.67,10.00,on_bus,46.537826,15.656140
2100,G1,46.552584,15.650321,1769016438,71.26,20.00,waiting_at_station,46.537826,15.656140
2101,G1,46.552695,15.650321,1769016438,77.28,10.00,waiting_at_station,46.537826,15.656140
11900,G1,46.537825,15.656021,1769016437,100.00,5.00,on_bus,46.537781,15.656231
11901,G1,46.537905,15.656285,1769016437,77.15,10.00,on_bus,46.537781,15.656231
11902,G1,46.537682,15.656467,1769016437,73.61,20.00,on_bus,46.537781,15.656231
11903,G1,46.537785,15.656289,1769016437,86.17,10.00,on_bus,46.537781,15.656231
11904,G1,46.537928,15.656356,1769016437,71.05,20.00,on_bus,46.537781,15.656231
11905,G1,46.537749,15.656147,1769016437,63.26,20.00,on_bus,46.537781,15.656231
2000,G1,46.559463,15.656108,1769016437,71.21,20.00,waiting_at_station,46.537781,15.656231
2200,G1,46.540131,15.649536,1769016437,55.64,35.00,waiting_at_station,46.537781,15.656231
2201,G1,46.540233,15.649902,1769016437,78.41,10.00,waiting_at_station,46.537781,15.656231
2202,G1,46.540096,15.649857,1769016437,53.60,35.00,waiting_at_station,46.537781,15.656231
2300,G1,46.532426,15.666954,1769016437,97.92,5.00,waiting_at_station,46.537781,15.656231
2301,G1,46.532485,15.666811,1769016437,91.97,5.00,waiting_at_station,46.537781,15.656231
2302,G1,46.532463,15.666935,1769016437,60.28,20.00,waiting_at_station,46.537781,15.656231
2500,G1,46.530727,15.670307,1769016437,63.83,20.00,waiting_at_station,46.537781,15.656231
2501,G1,46.530726,15.670244,1769016437,50.65,35.00,waiting_at_station,46.537781,15.656231
2502,G1,46.530803,15.670029,1769016437,83.89,10.00,waiting_at_station,46.537781,15.656231
2700,G1,46.554303,15.650502,1769016437,75.28,10.00,waiting_at_station,46.537781,15.656231
11900,G1,46.537808,15.656301,1769016438,73.22,20.00,on_bus,46.537742,15.656320
11901,G1,46.537729,15.656192,1769016438,99.98,5.00,on_bus,46.537742,15.656320
11902,G1,46.537849,15.656366,1769016438,65.96,20.00,on_bus,46.537742,15.656320
2200,G1,46.540177,15.649104,1769016438,40.66,50.00,waiting_at_station,46.537742,15.656320
2201,G1,46.540302,15.649919,1769016438,60.91,20.00,waiting_at_station,46.537742,15.656320
2800,G1,46.558292,15.656203,1769016438,64.76,20.00,waiting_at_station,46.537742,15.656320
2801,G1,46.558561,15.656155,1769016438,88.70,10.00,waiting_at_station,46.537742,15.656320
11900,G1,46.537449,15.656358,1769016439,100.00,5.00,on_bus,46.537703,15.656410
11901,G1,46.537741,15.656488,1769016439,100.00,5.00,on_bus,46.537703,15.656410
11902,G1,46.537802,15.656651,1769016439,52.19,35.00,on_bus,46.537703,15.656410
2200,G1,46.540169,15.649922,1769016439,74.71,20.00,waiting_at_station,46.537703,15.656410
2201,G1,46.539954,15.649595,1769016439,61.35,20.00,waiting_at_station,46.537703,15.656410
11900,G1,46.537717,15.656519,1769016441,100.00,5.00,on_bus,46.537664,15.656500
11901,G1,46.537674,15.656537,1769016441,97.01,5.00,on_bus,46.537664,15.656500
11902,G1,46.537746,15.656317,1769016441,70.11,20.00,on_bus,46.537664,15.656500
11903,G1,46.537756,15.656533,1769016441,98.86,5.00,on_bus,46.537664,15.656500
11904,G1,46.537710,15.656424,1769016441,77.20,10.00,on_bus,46.537664,15.656500
11905,G1,46.537743,15.656508,1769016441,83.64,10.00,on_bus,46.537664,15.656500
2000,G1,46.559267,15.656027,1769016441,64.82,20.00,waiting_at_station,46.537664,15.656500
2100,G1,46.553062,15.650734,1769016441,100.00,5.00,waiting_at_station,46.537664,15.656500
2101,G1,46.552576,15.650189,1769016441,100.00,5.00,waiting_at_station,46.537664,15.656500
2102,G1,46.552661,15.650185,1769016441,78.97,10.00,waiting_at_station,46.537664,15.656500
2200,G1,46.540119,15.649610,1769016441,87.19,10.00,waiting_at_station,46.537664,15.656500
2201,G1,46.540071,15.649636,1769016441,64.81,20.00,waiting_at_station,46.537664,15.656500
2202,G1,46.540156,15.649614,1769016441,97.96,5.00,waiting_at_station,46.537664,15.656500
2300,G1,46.532710,15.667086,1769016441,61.38,20.00,waiting_at_station,46.537664,15.656500
2301,G1,46.532487,15.666863,1769016441,76.20,10.00,waiting_at_station,46.537664,15.656500
2600,G1,46.539846,15.647618,1769016441,61.38,20.00,waiting_at_station,46.537664,15.656500
12000,G1,46.537626,15.656710,1769016440,83.13,10.00,on_bus,46.537625,15.656589
12001,G1,46.537683,15.656598,1769016440,93.70,5.00,on_bus,46.537625,15.656589
12002,G1,46.537639,15.656656,1769016440,71.01,20.00,on_bus,46.537625,15.656589
2000,G1,46.559356,15.656017,1769016440,68.16,20.00,waiting_at_station,46.537625,15.656589
2500,G1,46.530940,15.670327,1769016440,48.36,35.00,waiting_at_station,46.537625,15.656589
2700,G1,46.554564,15.651225,1769016440,91.45,5.00,waiting_at_station,46.537625,15.656589
2800,G1,46.558883,15.655570,1769016440,92.66,5.00,waiting_at_station,46.537625,15.656589
2801,G1,46.558510,15.655983,1769016440,69.66,20.00,waiting_at_station,46.537625,15.656589
2802,G1,46.558651,15.655817,1769016440,91.42,5.00,waiting_at_station,46.537625,15.656589
12000,G1,46.537540,15.656627,1769016440,77.60,10.00,on_bus,46.537575,15.656706
12001,G1,46.537576,15.656723,1769016440,97.84,5.00,on_bus,46.537575,15.656706
2200,G1,46.540379,15.649879,1769016440,74.27,20.00,waiting_at_station,46.537575,15.656706
2201,G1,46.540059,15.649757,1769016440,70.51,20.00,waiting_at_station,46.537575,15.656706
2202,G1,46.540163,15.649918,1769016440,62.69,20.00,waiting_at_station,46.537575,15.656706
2400,G1,46.527276,15.684495,1769016440,82.78,10.00,waiting_at_station,46.537575,15.656706
2401,G1,46.527617,15.684895,1769016440,71.99,20.00,waiting_at_station,46.537575,15.656706
2402,G1,46.527495,15.684268,1769016440,78.99,10.00,waiting_at_station,46.537575,15.656706
2700,G1,46.554486,15.650449,1769016440,100.00,5.00,waiting_at_station,46.537575,15.656706
2701,G1,46.553958,15.651183,1769016440,56.04,35.00,waiting_at_station,46.537575,15.656706
2800,G1,46.558669,15.655519,1769016440,36.31,50.00,waiting_at_station,46.537575,15.656706
2801,G1,46.558462,15.656045,1769016440,87.01,10.00,waiting_at_station,46.537575,15.656706
2802,G1,46.558678,15.655841,1769016440,46.30,35.00,waiting_at_station,46.537575,15.656706
12000,G1,46.537466,15.656824,1769016441,90.10,5.00,on_bus,46.537526,15.656822
12001,G1,46.537515,15.656753,1769016441,80.48,10.00,on_bus,46.537526,15.656822
12002,G1,46.537414,15.656860,1769016441,68.02,20.00,on_bus,46.537526,15.656822
2400,G1,46.527378,15.684405,1769016441,50.29,35.00,waiting_at_station,46.537526,15.656822
2401,G1,46.527494,15.684296,1769016441,73.12,20.00,waiting_at_station,46.537526,15.656822
2402,G1,46.527349,15.684372,1769016441,59.94,35.00,waiting_at_station,46.537526,15.656822
2500,G1,46.530643,15.670243,1769016441,62.00,20.00,waiting_at_station,46.537526,15.656822
12100,G1,46.537468,15.656838,1769016442,57.59,35.00,on_bus,46.537476,15.656939
12101,G1,46.537488,15.656931,1769016442,68.21,20.00,on_bus,46.537476,15.656939
12102,G1,46.537417,15.656953,1769016442,100.00,5.00,on_bus,46.537476,15.656939
12103,G1,46.537514,15.657015,1769016442,53.80,35.00,on_bus,46.537476,15.656939
2100,G1,46.552566,15.650919,1769016442,100.00,5.00,waiting_at_station,46.537476,15.656939
2101,G1,46.552780,15.650142,1769016442,83.36,10.00,waiting_at_station,46.537476,15.656939
2102,G1,46.552691,15.649475,1769016442,78.16,10.00,waiting_at_station,46.537476,15.656939
2300,G1,46.532616,15.666306,1769016442,84.59,10.00,waiting_at_station,46.537476,15.656939
2700,G1,46.554424,15.650573,1769016442,81.85,10.00,waiting_at_station,46.537476,15.656939
2701,G1,46.554298,15.650479,1769016442,63.50,20.00,waiting_at_station,46.537476,15.656939
2800,G1,46.558438,15.656391,1769016442,74.72,20.00,waiting_at_station,46.537476,15.656939
12100,G1,46.537554,15.657157,1769016443,76.82,10.00,on_bus,46.537412,15.657088
12101,G1,46.537395,15.657111,1769016443,97.70,5.00,on_bus,46.537412,15.657088
12102,G1,46.537207,15.657205,1769016443,99.29,5.00,on_bus,46.537412,15.657088
12103,G1,46.537436,15.656918,1769016443,62.72,20.00,on_bus,46.537412,15.657088
12104,G1,46.537359,15.657057,1769016443,61.99,20.00,on_bus,46.537412,15.657088
12105,G1,46.537491,15.657046,1769016443,74.92,20.00,on_bus,46.537412,15.657088
2400,G1,46.527626,15.684799,1769016443,80.41,10.00,waiting_at_station,46.537412,15.657088
2401,G1,46.527363,15.684332,1769016443,100.00,5.00,waiting_at_station,46.537412,15.657088
2402,G1,46.527303,15.684829,1769016443,86.09,10.00,waiting_at_station,46.537412,15.657088
2600,G1,46.539398,15.648554,1769016443,98.98,5.00,waiting_at_station,46.537412,15.657088
2700,G1,46.554329,15.651198,1769016443,97.50,5.00,waiting_at_station,46.537412,15.657088
2800,G1,46.558666,15.655333,1769016443,100.00,5.00,waiting_at_station,46.537412,15.657088
2801,G1,46.558498,15.655791,1769016443,91.07,5.00,waiting_at_station,46.537412,15.657088
12100,G1,46.537442,15.656873,1769016445,77.20,10.00,on_bus,46.537349,15.657236
12101,G1,46.537196,15.657258,1769016445,67.58,20.00,on_bus,46.537349,15.657236
2100,G1,46.552835,15.650540,1769016445,77.18,10.00,waiting_at_station,46.537349,15.657236
2101,G1,46.552665,15.650198,1769016445,57.95,35.00,waiting_at_station,46.537349,15.657236
2102,G1,46.552654,15.650063,1769016445,70.35,20.00,waiting_at_station,46.537349,15.657236
2400,G1,46.527678,15.684417,1769016445,80.07,10.00,waiting_at_station,46.537349,15.657236
2401,G1,46.527591,15.684522,1769016445,80.53,10.00,waiting_at_station,46.537349,15.657236
2402,G1,46.527523,15.683707,1769016445,66.49,20.00,waiting_at_station,46.537349,15.657236
2600,G1,46.540214,15.647746,1769016445,100.00,5.00,waiting_at_station,46.537349,15.657236
2601,G1,46.539674,15.648203,1769016445,80.25,10.00,waiting_at_station,46.537349,15.657236
12200,G1,46.537257,15.657288,1769016444,74.57,20.00,on_bus,46.537285,15.657385
12201,G1,46.537359,15.657367,1769016444,100.00,5.00,on_bus,46.537285,15.657385
2200,G1,46.540068,15.649808,1769016444,79.28,10.00,waiting_at_station,46.537285,15.657385
2201,G1,46.539946,15.649977,1769016444,88.65,10.00,waiting_at_station,46.537285,15.657385
2202,G1,46.539913,15.649542,1769016444,100.00,5.00,waiting_at_station,46.537285,15.657385
2300,G1,46.532719,15.667068,1769016444,80.55,10.00,waiting_at_station,46.537285,15.657385
2700,G1,46.554541,15.650121,1769016444,100.00,5.00,waiting_at_station,46.537285,15.657385
2701,G1,46.554576,15.650177,1769016444,59.58,35.00,waiting_at_station,46.537285,15.657385
2702,G1,46.554552,15.650306,1769016444,74.66,20.00,waiting_at_station,46.537285,15.657385
12200,G1,46.537214,15.657473,1769016445,61.62,20.00,on_bus,46.537236,15.657500
12201,G1,46.537214,15.657506,1769016445,95.48,5.00,on_bus,46.537236,15.657500
12202,G1,46.537212,15.657403,1769016445,98.28,5.00,on_bus,46.537236,15.657500
12203,G1,46.537259,15.657561,1769016445,64.90,20.00,on_bus,46.537236,15.657500
12204,G1,46.537214,15.657445,1769016445,87.22,10.00,on_bus,46.537236,15.657500
12205,G1,46.537330,15.657433,1769016445,82.97,10.00,on_bus,46.537236,15.657500
2000,G1,46.559393,15.656216,1769016445,65.43,20.00,waiting_at_station,46.537236,15.657500
2001,G1,46.559058,15.655837,1769016445,68.47,20.00,waiting_at_station,46.537236,15.657500
2300,G1,46.532296,15.666429,1769016445,96.06,5.00,waiting_at_station,46.537236,15.657500
2301,G1,46.532692,15.666870,1769016445,70.83,20.00,waiting_at_station,46.537236,15.657500
2700,G1,46.554460,15.650619,1769016445,77.06,10.00,waiting_at_station,46.537236,15.657500
2701,G1,46.554435,15.650499,1769016445,85.83,10.00,waiting_at_station,46.537236,15.657500
2702,G1,46.554422,15.650300,1769016445,58.24,35.00,waiting_at_station,46.537236,15.657500
12200,G1,46.537217,15.657562,1769016446,75.78,10.00,on_bus,46.537187,15.657615
12201,G1,46.537159,15.657708,1769016446,76.75,10.00,on_bus,46.537187,15.657615
12202,G1,46.537307,15.657626,1769016446,60.31,20.00,on_bus,46.537187,15.657615
12203,G1,46.537272,15.657811,1769016446,82.27,10.00,on_bus,46.537187,15.657615
12204,G1,46.537270,15.657450,1769016446,100.00,5.00,on_bus,46.537187,15.657615
2300,G1,46.532534,15.666858,1769016446,58.12,35.00,waiting_at_station,46.537187,15.657615
2400,G1,46.527205,15.684460,1769016446,66.71,20.00,waiting_at_station,46.537187,15.657615
2401,G1,46.527299,15.684650,1769016446,87.43,10.00,waiting_at_station,46.537187,15.657615
2402,G1,46.527167,15.684104,1769016446,43.69,50.00,waiting_at_station,46.537187,15.657615
2800,G1,46.558511,15.655315,1769016446,79.48,10.00,waiting_at_station,46.537187,15.657615
2801,G1,46.559179,15.655861,1769016446,76.11,10.00,waiting_at_station,46.537187,15.657615
2802,G1,46.558627,15.655202,1769016446,90.81,5.00,waiting_at_station,46.537187,15.657615
12300,G1,46.537141,15.657724,1769016446,71.51,20.00,on_bus,46.537138,15.657730
12301,G1,46.537176,15.657669,1769016446,70.53,20.00,on_bus,46.537138,15.657730
12302,G1,46.537003,15.657992,1769016446,94.52,5.00,on_bus,46.537138,15.657730
12303,G1,46.537050,15.657732,1769016446,87.27,10.00,on_bus,46.537138,15.657730
12304,G1,46.537174,15.657698,1769016446,53.08,35.00,on_bus,46.537138,15.657730
12305,G1,46.537159,15.657577,1769016446,88.13,10.00,on_bus,46.537138,15.657730
2100,G1,46.552582,15.650339,1769016446,66.41,20.00,waiting_at_station,46.537138,15.657730
2101,G1,46.552721,15.650227,1769016446,50.28,35.00,waiting_at_station,46.537138,15.657730
2500,G1,46.530691,15.669786,1769016446,62.69,20.00,waiting_at_station,46.537138,15.657730
2501,G1,46.531183,15.670452,1769016446,65.13,20.00,waiting_at_station,46.537138,15.657730
2502,G1,46.530931,15.670060,1769016446,96.73,5.00,waiting_at_station,46.537138,15.657730
2600,G1,46.539975,15.648097,1769016446,62.40,20.00,waiting_at_station,46.537138,15.657730
2601,G1,46.539760,15.647996,1769016446,90.40,5.00,waiting_at_station,46.537138,15.657730
2602,G1,46.539940,15.648007,1769016446,76.84,10.00,waiting_at_station,46.537138,15.657730
12300,G1,46.537031,15.657725,1769016447,79.43,10.00,on_bus,46.537092,15.657839
12301,G1,46.536911,15.657668,1769016447,85.53,10.00,on_bus,46.537092,15.657839
12302,G1,46.537114,15.657952,1769016447,92.83,5.00,on_bus,46.537092,15.657839
12303,G1,46.537244,15.657937,1769016447,93.30,5.00,on_bus,46.537092,15.657839
12304,G1,46.537080,15.657809,1769016447,57.83,35.00,on_bus,46.537092,15.657839
2000,G1,46.559686,15.655989,1769016447,100.00,5.00,waiting_at_station,46.537092,15.657839
2400,G1,46.527495,15.684699,1769016447,85.66,10.00,waiting_at_station,46.537092,15.657839
2401,G1,46.527472,15.684552,1769016447,38.30,50.00,waiting_at_station,46.537092,15.657839
2800,G1,46.558267,15.656043,1769016447,83.83,10.00,waiting_at_station,46.537092,15.657839
2801,G1,46.558558,15.655923,1769016447,73.57,20.00,waiting_at_station,46.537092,15.657839
2802,G1,46.558535,15.655792,1769016447,100.00,5.00,waiting_at_station,46.537092,15.657839
12300,G1,46.537041,15.657860,1769016448,99.36,5.00,on_bus,46.537045,15.657947
12301,G1,46.536988,15.657822,1769016448,87.64,10.00,on_bus,46.537045,15.657947
12302,G1,46.537018,15.657961,1769016448,84.80,10.00,on_bus,46.537045,15.657947
2800,G1,46.558178,15.655659,1769016448,61.34,20.00,waiting_at_station,46.537045,15.657947
2801,G1,46.558951,15.655854,1769016448,67.04,20.00,waiting_at_station,46.537045,15.657947
2802,G1,46.558546,15.655999,1769016448,47.51,35.00,waiting_at_station,46.537045,15.657947
12300,G1,46.537107,15.658046,1769016450,70.58,20.00,on_bus,46.536999,15.658055
12301,G1,46.537015,15.658057,1769016450,58.67,35.00,on_bus,46.536999,15.658055
12302,G1,46.537050,15.658018,1769016450,66.14,20.00,on_bus,46.536999,15.658055
2100,G1,46.552630,15.650257,1769016450,86.73,10.00,waiting_at_station,46.536999,15.658055
2101,G1,46.552459,15.650263,1769016450,96.48,5.00,waiting_at_station,46.536999,15.658055
2102,G1,46.552531,15.650376,1769016450,77.92,10.00,waiting_at_station,46.536999,15.658055
2300,G1,46.532522,15.666846,1769016450,100.00,5.00,waiting_at_station,46.536999,15.658055
2301,G1,46.532780,15.667554,1769016450,70.93,20.00,waiting_at_station,46.536999,15.658055
2400,G1,46.527159,15.684635,1769016450,89.67,10.00,waiting_at_station,46.536999,15.658055
2401,G1,46.527626,15.684624,1769016450,50.83,35.00,waiting_at_station,46.536999,15.658055
2402,G1,46.527159,15.684478,1769016450,90.18,5.00,waiting_at_station,46.536999,15.658055
2600,G1,46.540135,15.647922,1769016450,68.05,20.00,waiting_at_station,46.536999,15.658055
2601,G1,46.539857,15.648064,1769016450,77.02,10.00,waiting_at_station,46.536999,15.658055
2602,G1,46.539639,15.647348,1769016450,81.21,10.00,waiting_at_station,46.536999,15.658055
12300,G1,46.536881,15.658359,1769016451,92.38,5.00,on_bus,46.536953,15.658164
12301,G1,46.536912,15.658220,1769016451,71.75,20.00,on_bus,46.536953,15.658164
12302,G1,46.536936,15.658191,1769016451,97.50,5.00,on_bus,46.536953,15.658164
2400,G1,46.527615,15.685130,1769016451,59.20,35.00,waiting_at_station,46.536953,15.658164
2401,G1,46.527489,15.684345,1769016451,85.74,10.00,waiting_at_station,46.536953,15.658164
2700,G1,46.554270,15.650276,1769016451,90.72,5.00,waiting_at_station,46.536953,15.658164
2701,G1,46.554416,15.650187,1769016451,92.74,5.00,waiting_at_station,46.536953,15.658164
12300,G1,46.536902,15.658321,1769016452,59.10,35.00,on_bus,46.536906,15.658273
12301,G1,46.536893,15.657876,1769016452,70.82,20.00,on_bus,46.536906,15.658273
12302,G1,46.536912,15.658223,1769016452,74.55,20.00,on_bus,46.536906,15.658273
2000,G1,46.559487,15.655828,1769016452,69.66,20.00,waiting_at_station,46.536906,15.658273
2001,G1,46.559535,15.656617,1769016452,88.47,10.00,waiting_at_station,46.536906,15.658273
2500,G1,46.530456,15.670175,1769016452,56.18,35.00,waiting_at_station,46.536906,15.658273
2501,G1,46.530856,15.670612,1769016452,73.01,20.00,waiting_at_station,46.536906,15.658273
2700,G1,46.554224,15.650575,1769016452,57.96,35.00,waiting_at_station,46.536906,15.658273
12400,G1,46.537175,15.658293,1769016450,59.20,35.00,on_bus,46.536860,15.658381
12401,G1,46.536778,15.658309,1769016450,91.98,5.00,on_bus,46.536860,15.658381
12402,G1,46.537014,15.658727,1769016450,80.16,10.00,on_bus,46.536860,15.658381
2000,G1,46.559716,15.656453,1769016450,53.19,35.00,waiting_at_station,46.536860,15.658381
2001,G1,46.559627,15.656036,1769016450,89.99,10.00,waiting_at_station,46.536860,15.658381
2002,G1,46.559726,15.655850,1769016450,67.38,20.00,waiting_at_station,46.536860,15.658381
2400,G1,46.527506,15.684855,1769016450,100.00,5.00,waiting_at_station,46.536860,15.658381
12400,G1,46.536811,15.658348,1769016450,64.54,20.00,on_bus,46.536836,15.658437
12401,G1,46.536654,15.658891,1769016450,62.35,20.00,on_bus,46.536836,15.658437
12402,G1,46.536924,15.658308,1769016450,98.82,5.00,on_bus,46.536836,15.658437
12403,G1,46.536829,15.658513,1769016450,82.05,10.00,on_bus,46.536836,15.658437
2300,G1,46.532305,15.666805,1769016450,88.67,10.00,waiting_at_station,46.536836,15.658437
2301,G1,46.532761,15.667217,1769016450,89.55,10.00,waiting_at_station,46.536836,15.658437
2600,G1,46.539632,15.647664,1769016450,88.75,10.00,waiting_at_station,46.536836,15.658437
2601,G1,46.540229,15.648052,1769016450,91.90,5.00,waiting_at_station,46.536836,15.658437
2602,G1,46.539902,15.647693,1769016450,100.00,5.00,waiting_at_station,46.536836,15.658437
2700,G1,46.554276,15.651031,1769016450,99.20,5.00,waiting_at_station,46.536836,15.658437
2701,G1,46.554326,15.650391,1769016450,84.29,10.00,waiting_at_station,46.536836,15.658437
2702,G1,46.554120,15.650898,1769016450,42.96,50.00,waiting_at_station,46.536836,15.658437
12400,G1,46.536824,15.658573,1769016450,71.29,20.00,on_bus,46.536812,15.658494
12401,G1,46.536874,15.658469,1769016450,97.65,5.00,on_bus,46.536812,15.658494
12402,G1,46.536586,15.658431,1769016450,88.07,10.00,on_bus,46.536812,15.658494
2000,G1,46.559530,15.656015,1769016450,81.21,10.00,waiting_at_station,46.536812,15.658494
2001,G1,46.559509,15.655773,1769016450,77.75,10.00,waiting_at_station,46.536812,15.658494
2002,G1,46.559643,15.655719,1769016450,71.54,20.00,waiting_at_station,46.536812,15.658494
2500,G1,46.530824,15.670290,1769016450,87.70,10.00,waiting_at_station,46.536812,15.658494
2501,G1,46.530945,15.670120,1769016450,62.50,20.00,waiting_at_station,46.536812,15.658494
12400,G1,46.536790,15.658622,1769016452,70.68,20.00,on_bus,46.536788,15.658551
12401,G1,46.536766,15.658461,1769016452,91.68,5.00,on_bus,46.536788,15.658551
12402,G1,46.536865,15.658461,1769016452,94.54,5.00,on_bus,46.536788,15.658551
12403,G1,46.536816,15.658549,1769016452,89.73,10.00,on_bus,46.536788,15.658551
12400,G1,46.536523,15.658395,1769016452,100.00,5.00,on_bus,46.536763,15.658607
12401,G1,46.536859,15.658551,1769016452,66.39,20.00,on_bus,46.536763,15.658607
12402,G1,46.536736,15.658638,1769016452,63.60,20.00,on_bus,46.536763,15.658607
12403,G1,46.536689,15.658580,1769016452,83.27,10.00,on_bus,46.536763,15.658607
12404,G1,46.536766,15.658599,1769016452,78.21,10.00,on_bus,46.536763,15.658607
2000,G1,46.559433,15.656773,1769016452,79.63,10.00,waiting_at_station,46.536763,15.658607
2001,G1,46.559479,15.656175,1769016452,81.05,10.00,waiting_at_station,46.536763,15.658607
2100,G1,46.553065,15.650319,1769016452,72.07,20.00,waiting_at_station,46.536763,15.658607
2200,G1,46.539975,15.649806,1769016452,61.63,20.00,waiting_at_station,46.536763,15.658607
2201,G1,46.539908,15.649736,1769016452,81.25,10.00,waiting_at_station,46.536763,15.658607
2202,G1,46.540175,15.649928,1769016452,80.67,10.00,waiting_at_station,46.536763,15.658607
12400,G1,46.536752,15.658773,1769016453,75.33,10.00,on_bus,46.536739,15.658664
12401,G1,46.536715,15.658602,1769016453,86.18,10.00,on_bus,46.536739,15.658664
12402,G1,46.536742,15.658673,1769016453,79.99,10.00,on_bus,46.536739,15.658664
12403,G1,46.536757,15.658710,1769016453,82.97,10.00,on_bus,46.536739,15.658664
2100,G1,46.552655,15.650150,1769016453,68.58,20.00,waiting_at_station,46.536739,15.658664
2101,G1,46.552833,15.650220,1769016453,80.63,10.00,waiting_at_station,46.536739,15.658664
2700,G1,46.554353,15.650612,1769016453,72.68,20.00,waiting_at_station,46.536739,15.658664
2701,G1,46.554365,15.650584,1769016453,82.63,10.00,waiting_at_station,46.536739,15.658664
12500,G1,46.536714,15.658789,1769016452,78.29,10.00,on_bus,46.536715,15.658720
12501,G1,46.536740,15.658621,1769016452,78.10,10.00,on_bus,46.536715,15.658720
12502,G1,46.536769,15.658723,1769016452,72.22,20.00,on_bus,46.536715,15.658720
12500,G1,46.536778,15.658898,1769016452,85.85,10.00,on_bus,46.536683,15.658792
12501,G1,46.536667,15.658824,1769016452,78.43,10.00,on_bus,46.536683,15.658792
12502,G1,46.536523,15.658930,1769016452,74.32,20.00,on_bus,46.536683,15.658792
12503,G1,46.536667,15.658794,1769016452,57.19,35.00,on_bus,46.536683,15.658792
12504,G1,46.536661,15.659035,1769016452,74.09,20.00,on_bus,46.536683,15.658792
12505,G1,46.536759,15.658707,1769016452,100.00,5.00,on_bus,46.536683,15.658792
2400,G1,46.527491,15.684463,1769016452,65.15,20.00,waiting_at_station,46.536683,15.658792
2800,G1,46.558643,15.655373,1769016452,82.44,10.00,waiting_at_station,46.536683,15.658792
12500,G1,46.536663,15.658852,1769016454,87.68,10.00,on_bus,46.536651,15.658865
12501,G1,46.536697,15.658836,1769016454,92.26,5.00,on_bus,46.536651,15.658865
12502,G1,46.536612,15.658601,1769016454,51.86,35.00,on_bus,46.536651,15.658865
12503,G1,46.536627,15.658837,1769016454,67.21,20.00,on_bus,46.536651,15.658865
12504,G1,46.536726,15.659289,1769016454,77.27,10.00,on_bus,46.536651,15.658865
12505,G1,46.536619,15.659081,1769016454,81.10,10.00,on_bus,46.536651,15.658865
2400,G1,46.527338,15.684107,1769016454,58.06,35.00,waiting_at_station,46.536651,15.658865
2401,G1,46.527413,15.684082,1769016454,81.32,10.00,waiting_at_station,46.536651,15.658865
2402,G1,46.527480,15.684321,1769016454,100.00,5.00,waiting_at_station,46.536651,15.658865
2500,G1,46.530777,15.669992,1769016454,66.11,20.00,waiting_at_station,46.536651,15.658865
2501,G1,46.530856,15.670227,1769016454,82.84,10.00,waiting_at_station,46.536651,15.658865
2502,G1,46.530618,15.669871,1769016454,48.38,35.00,waiting_at_station,46.536651,15.658865
12500,G1,46.536569,15.658982,1769016454,100.00,5.00,on_bus,46.536620,15.658937
12501,G1,46.536642,15.658958,1769016454,95.58,5.00,on_bus,46.536620,15.658937
12502,G1,46.536570,15.658896,1769016454,55.48,35.00,on_bus,46.536620,15.658937
12503,G1,46.536644,15.658994,1769016454,71.20,20.00,on_bus,46.536620,15.658937
12504,G1,46.536538,15.659088,1769016454,82.51,10.00,on_bus,46.536620,15.658937
2400,G1,46.527466,15.684001,1769016454,83.68,10.00,waiting_at_station,46.536620,15.658937
2700,G1,46.554390,15.650276,1769016454,48.91,35.00,waiting_at_station,46.536620,15.658937
2701,G1,46.554292,15.651108,1769016454,93.21,5.00,waiting_at_station,46.536620,15.658937
12500,G1,46.536631,15.658986,1769016455,64.49,20.00,on_bus,46.536588,15.659010
12501,G1,46.536601,15.659001,1769016455,77.92,10.00,on_bus,46.536588,15.659010
12502,G1,46.536488,15.659079,1769016455,89.34,10.00,on_bus,46.536588,15.659010
12503,G1,46.536651,15.658863,1769016455,65.15,20.00,on_bus,46.536588,15.659010
12504,G1,46.536616,15.659110,1769016455,90.62,5.00,on_bus,46.536588,15.659010
12505,G1,46.536546,15.658970,1769016455,64.04,20.00,on_bus,46.536588,15.659010
2000,G1,46.559433,15.655836,1769016455,74.91,20.00,waiting_at_station,46.536588,15.659010
2600,G1,46.539885,15.648150,1769016455,73.21,20.00,waiting_at_station,46.536588,15.659010
2700,G1,46.554331,15.650733,1769016455,66.46,20.00,waiting_at_station,46.536588,15.659010
2800,G1,46.558551,15.655640,1769016455,92.85,5.00,waiting_at_station,46.536588,15.659010
2801,G1,46.558724,15.655406,1769016455,85.66,10.00,waiting_at_station,46.536588,15.659010
12600,G1,46.536478,15.659184,1769016454,69.15,20.00,on_bus,46.536556,15.659082
12601,G1,46.536553,15.659056,1769016454,84.99,10.00,on_bus,46.536556,15.659082
2000,G1,46.559670,15.655360,1769016454,71.63,20.00,waiting_at_station,46.536556,15.659082
2001,G1,46.559539,15.655671,1769016454,51.44,35.00,waiting_at_station,46.536556,15.659082
2002,G1,46.559512,15.655910,1769016454,94.00,5.00,waiting_at_station,46.536556,15.659082
2200,G1,46.539868,15.649579,1769016454,49.68,35.00,waiting_at_station,46.536556,15.659082
2201,G1,46.539907,15.649940,1769016454,96.59,5.00,waiting_at_station,46.536556,15.659082
2600,G1,46.539892,15.647775,1769016454,62.14,20.00,waiting_at_station,46.536556,15.659082
2601,G1,46.539907,15.647855,1769016454,66.07,20.00,waiting_at_station,46.536556,15.659082
2602,G1,46.539810,15.648226,1769016454,53.35,35.00,waiting_at_station,46.536556,15.659082
12600,G1,46.536427,15.658986,1769016454,66.90,20.00,on_bus,46.536525,15.659146
12601,G1,46.536574,15.659190,1769016454,63.99,20.00,on_bus,46.536525,15.659146
12602,G1,46.536416,15.659180,1769016454,55.17,35.00,on_bus,46.536525,15.659146
12603,G1,46.536547,15.659193,1769016454,71.06,20.00,on_bus,46.536525,15.659146
12604,G1,46.536464,15.659080,1769016454,69.84,20.00,on_bus,46.536525,15.659146
12605,G1,46.536529,15.659192,1769016454,83.51,10.00,on_bus,46.536525,15.659146
2100,G1,46.552517,15.650116,1769016454,67.20,20.00,waiting_at_station,46.536525,15.659146
2500,G1,46.530751,15.670425,1769016454,77.39,10.00,waiting_at_station,46.536525,15.659146
2501,G1,46.530898,15.669963,1769016454,87.97,10.00,waiting_at_station,46.536525,15.659146
2502,G1,46.531011,15.670053,1769016454,65.73,20.00,waiting_at_station,46.536525,15.659146
12600,G1,46.536556,15.659231,1769016456,59.52,35.00,on_bus,46.536495,15.659210
12601,G1,46.536491,15.659200,1769016456,85.16,10.00,on_bus,46.536495,15.659210
2100,G1,46.552835,15.649510,1769016456,92.99,5.00,waiting_at_station,46.536495,15.659210
2101,G1,46.552278,15.650696,1769016456,76.67,10.00,waiting_at_station,46.536495,15.659210
2300,G1,46.532353,15.666754,1769016456,60.27,20.00,waiting_at_station,46.536495,15.659210
2400,G1,46.527270,15.684439,1769016456,59.74,35.00,waiting_at_station,46.536495,15.659210
2800,G1,46.558589,15.655426,1769016456,78.82,10.00,waiting_at_station,46.536495,15.659210
2801,G1,46.558446,15.655812,1769016456,58.01,35.00,waiting_at_station,46.536495,15.659210
2802,G1,46.558728,15.656057,1769016456,74.13,20.00,waiting_at_station,46.536495,15.659210
12600,G1,46.536377,15.659198,1769016456,70.86,20.00,on_bus,46.536464,15.659274
12601,G1,46.536716,15.659198,1769016456,76.46,10.00,on_bus,46.536464,15.659274
12602,G1,46.536525,15.659290,1769016456,79.67,10.00,on_bus,46.536464,15.659274
12603,G1,46.536477,15.659295,1769016456,87.97,10.00,on_bus,46.536464,15.659274
12604,G1,46.536468,15.659260,1769016456,79.16,10.00,on_bus,46.536464,15.659274
12605,G1,46.536475,15.659309,1769016456,97.96,5.00,on_bus,46.536464,15.659274
2600,G1,46.539625,15.647855,1769016456,83.80,10.00,waiting_at_station,46.536464,15.659274
2601,G1,46.539863,15.648273,1769016456,64.37,20.00,waiting_at_station,46.536464,15.659274
12600,G1,46.536341,15.659531,1769016457,76.03,10.00,on_bus,46.536434,15.659339
12601,G1,46.536258,15.659417,1769016457,93.61,5.00,on_bus,46.536434,15.659339
2400,G1,46.527382,15.684535,1769016457,81.21,10.00,waiting_at_station,46.536434,15.659339
2500,G1,46.530822,15.670290,1769016457,81.36,10.00,waiting_at_station,46.536434,15.659339
2501,G1,46.530267,15.670059,1769016457,60.07,20.00,waiting_at_station,46.536434,15.659339
2502,G1,46.530700,15.670516,1769016457,82.46,10.00,waiting_at_station,46.536434,15.659339
12600,G1,46.536419,15.659400,1769016458,70.65,20.00,on_bus,46.536403,15.659403
12601,G1,46.536265,15.659501,1769016458,55.63,35.00,on_bus,46.536403,15.659403
12602,G1,46.536513,15.659570,1769016458,62.12,20.00,on_bus,46.536403,15.659403
12603,G1,46.536397,15.659351,1769016458,59.49,35.00,on_bus,46.536403,15.659403
12604,G1,46.536345,15.659492,1769016458,86.30,10.00,on_bus,46.536403,15.659403
2500,G1,46.530924,15.670325,1769016458,73.60,20.00,waiting_at_station,46.536403,15.659403
2501,G1,46.531065,15.670163,1769016458,68.81,20.00,waiting_at_station,46.536403,15.659403
2700,G1,46.554387,15.650415,1769016458,67.93,20.00,waiting_at_station,46.536403,15.659403
2701,G1,46.554396,15.650624,1769016458,85.97,10.00,waiting_at_station,46.536403,15.659403
2702,G1,46.554221,15.649929,1769016458,50.42,35.00,waiting_at_station,46.536403,15.659403
12700,G1,46.536403,15.659488,1769016456,76.15,10.00,on_bus,46.536373,15.659467
12701,G1,46.536416,15.659502,1769016456,59.44,35.00,on_bus,46.536373,15.659467
12702,G1,46.536364,15.659425,1769016456,78.80,10.00,on_bus,46.536373,15.659467
12703,G1,46.536346,15.659463,1769016456,92.57,5.00,on_bus,46.536373,15.659467
12704,G1,46.536396,15.659129,1769016456,100.00,5.00,on_bus,46.536373,15.659467
2300,G1,46.532650,15.666875,1769016456,79.86,10.00,waiting_at_station,46.536373,15.659467
2500,G1,46.530906,15.670061,1769016456,80.19,10.00,waiting_at_station,46.536373,15.659467
2501,G1,46.530778,15.670127,1769016456,75.17,10.00,waiting_at_station,46.536373,15.659467
12700,G1,46.536235,15.659570,1769016458,44.88,50.00,on_bus,46.536282,15.659582
12701,G1,46.536416,15.659590,1769016458,89.42,10.00,on_bus,46.536282,15.659582
12702,G1,46.536252,15.659574,1769016458,80.49,10.00,on_bus,46.536282,15.659582
12703,G1,46.536199,15.659501,1769016458,81.30,10.00,on_bus,46.536282,15.659582
12704,G1,46.536383,15.659429,1769016458,46.80,35.00,on_bus,46.536282,15.659582
2500,G1,46.530798,15.669942,1769016458,96.38,5.00,waiting_at_station,46.536282,15.659582
2501,G1,46.530758,15.669745,1769016458,85.59,10.00,waiting_at_station,46.536282,15.659582
2700,G1,46.554403,15.651065,1769016458,58.30,35.00,waiting_at_station,46.536282,15.659582
2701,G1,46.554217,15.650811,1769016458,69.02,20.00,waiting_at_station,46.536282,15.659582
12700,G1,46.536257,15.659667,1769016460,73.69,20.00,on_bus,46.536191,15.659698
12701,G1,46.536201,15.659737,1769016460,72.56,20.00,on_bus,46.536191,15.659698
12702,G1,46.536175,15.659709,1769016460,94.64,5.00,on_bus,46.536191,15.659698
12703,G1,46.536176,15.659806,1769016460,83.65,10.00,on_bus,46.536191,15.659698
12704,G1,46.536243,15.659855,1769016460,77.08,10.00,on_bus,46.536191,15.659698
12705,G1,46.536195,15.659704,1769016460,74.32,20.00,on_bus,46.536191,15.659698
12800,G1,46.536159,15.659783,1769016459,99.79,5.00,on_bus,46.536100,15.659813
12801,G1,46.535887,15.659759,1769016459,99.24,5.00,on_bus,46.536100,15.659813
12802,G1,46.536077,15.659886,1769016459,80.11,10.00,on_bus,46.536100,15.659813
12803,G1,46.536103,15.659816,1769016459,91.18,5.00,on_bus,46.536100,15.659813
12804,G1,46.535858,15.659721,1769016459,90.43,5.00,on_bus,46.536100,15.659813
12805,G1,46.536075,15.659867,1769016459,99.15,5.00,on_bus,46.536100,15.659813
2000,G1,46.559616,15.655708,1769016459,80.85,10.00,waiting_at_station,46.536100,15.659813
2001,G1,46.559780,15.656278,1769016459,70.37,20.00,waiting_at_station,46.536100,15.659813
2300,G1,46.532574,15.667008,1769016459,90.38,5.00,waiting_at_station,46.536100,15.659813
2301,G1,46.532769,15.667185,1769016459,100.00,5.00,waiting_at_station,46.536100,15.659813
2500,G1,46.531089,15.670251,1769016459,45.14,35.00,waiting_at_station,46.536100,15.659813
2501,G1,46.530629,15.670026,1769016459,56.55,35.00,waiting_at_station,46.536100,15.659813
2800,G1,46.558485,15.656111,1769016459,72.45,20.00,waiting_at_station,46.536100,15.659813
2801,G1,46.559434,15.655126,1769016459,100.00,5.00,waiting_at_station,46.536100,15.659813
12800,G1,46.536108,15.659898,1769016459,68.74,20.00,on_bus,46.536088,15.659864
12801,G1,46.536253,15.659831,1769016459,55.55,35.00,on_bus,46.536088,15.659864
12802,G1,46.536183,15.659867,1769016459,95.14,5.00,on_bus,46.536088,15.659864
12803,G1,46.536063,15.659799,1769016459,79.36,10.00,on_bus,46.536088,15.659864
2200,G1,46.540056,15.650002,1769016459,72.38,20.00,waiting_at_station,46.536088,15.659864
2300,G1,46.532732,15.666661,1769016459,61.39,20.00,waiting_at_station,46.536088,15.659864
12800,G1,46.536055,15.659827,1769016459,84.88,10.00,on_bus,46.536076,15.659914
12801,G1,46.536002,15.660061,1769016459,76.76,10.00,on_bus,46.536076,15.659914
2000,G1,46.559368,15.655661,1769016459,74.12,20.00,waiting_at_station,46.536076,15.659914
2001,G1,46.559619,15.656304,1769016459,57.61,35.00,waiting_at_station,46.536076,15.659914
2100,G1,46.552534,15.650121,1769016459,67.03,20.00,waiting_at_station,46.536076,15.659914
2400,G1,46.527201,15.684408,1769016459,73.57,20.00,waiting_at_station,46.536076,15.659914
2401,G1,46.527413,15.684261,1769016459,84.98,10.00,waiting_at_station,46.536076,15.659914
12800,G1,46.536039,15.660122,1769016461,70.63,20.00,on_bus,46.536064,15.659965
12801,G1,46.536063,15.659983,1769016461,80.22,10.00,on_bus,46.536064,15.659965
12802,G1,46.536036,15.659982,1769016461,76.90,10.00,on_bus,46.536064,15.659965
12803,G1,46.536040,15.660063,1769016461,92.64,5.00,on_bus,46.536064,15.659965
12804,G1,46.536189,15.660019,1769016461,56.97,35.00,on_bus,46.536064,15.659965
12805,G1,46.536086,15.659873,1769016461,63.99,20.00,on_bus,46.536064,15.659965
2500,G1,46.530833,15.670087,1769016461,63.70,20.00,waiting_at_station,46.536064,15.659965
12800,G1,46.535989,15.659896,1769016461,97.04,5.00,on_bus,46.536053,15.660016
12801,G1,46.535963,15.659982,1769016461,72.60,20.00,on_bus,46.536053,15.660016
12802,G1,46.535833,15.659762,1769016461,77.92,10.00,on_bus,46.536053,15.660016
12803,G1,46.536064,15.660004,1769016461,73.57,20.00,on_bus,46.536053,15.660016
2300,G1,46.532329,15.666604,1769016461,51.94,35.00,waiting_at_station,46.536053,15.660016
2301,G1,46.532611,15.666287,1769016461,91.26,5.00,waiting_at_station,46.536053,15.660016
2302,G1,46.532278,15.667296,1769016461,77.03,10.00,waiting_at_station,46.536053,15.660016
2500,G1,46.530778,15.670308,1769016461,65.98,20.00,waiting_at_station,46.536053,15.660016
2501,G1,46.531009,15.669844,1769016461,50.69,35.00,waiting_at_station,46.536053,15.660016
12800,G1,46.536043,15.660024,1769016461,49.33,35.00,on_bus,46.536041,15.660066
12801,G1,46.536118,15.660098,1769016461,96.76,5.00,on_bus,46.536041,15.660066
12802,G1,46.536136,15.660071,1769016461,67.17,20.00,on_bus,46.536041,15.660066
2000,G1,46.559291,15.655967,1769016461,85.61,10.00,waiting_at_station,46.536041,15.660066
2100,G1,46.552265,15.650272,1769016461,71.63,20.00,waiting_at_station,46.536041,15.660066
2101,G1,46.552683,15.650234,1769016461,52.87,35.00,waiting_at_station,46.536041,15.660066
2200,G1,46.539964,15.650122,1769016461,50.09,35.00,waiting_at_station,46.536041,15.660066
2201,G1,46.540161,15.649837,1769016461,82.71,10.00,waiting_at_station,46.536041,15.660066
2300,G1,46.532337,15.666788,1769016461,89.27,10.00,waiting_at_station,46.536041,15.660066
2301,G1,46.532511,15.666311,1769016461,64.24,20.00,waiting_at_station,46.536041,15.660066
2400,G1,46.527367,15.685239,1769016461,70.80,20.00,waiting_at_station,46.536041,15.660066
2401,G1,46.527434,15.684278,1769016461,68.49,20.00,waiting_at_station,46.536041,15.660066
2700,G1,46.554258,15.650676,1769016461,88.78,10.00,waiting_at_station,46.536041,15.660066
2701,G1,46.554241,15.650616,1769016461,90.41,5.00,waiting_at_station,46.536041,15.660066
12900,G1,46.536002,15.660025,1769016461,62.72,20.00,on_bus,46.536029,15.660117
12901,G1,46.536052,15.660116,1769016461,71.96,20.00,on_bus,46.536029,15.660117
12902,G1,46.536130,15.659972,1769016461,82.41,10.00,on_bus,46.536029,15.660117
12903,G1,46.536141,15.660033,1769016461,83.95,10.00,on_bus,46.536029,15.660117
12904,G1,46.535927,15.660085,1769016461,61.53,20.00,on_bus,46.536029,15.660117
12905,G1,46.535962,15.660016,1769016461,66.79,20.00,on_bus,46.536029,15.660117
2400,G1,46.526994,15.684970,1769016461,75.15,10.00,waiting_at_station,46.536029,15.660117
2401,G1,46.527442,15.684380,1769016461,67.91,20.00,waiting_at_station,46.536029,15.660117
2402,G1,46.527500,15.685081,1769016461,58.34,35.00,waiting_at_station,46.536029,15.660117
2500,G1,46.530839,15.670349,1769016461,78.06,10.00,waiting_at_station,46.536029,15.660117
2501,G1,46.530925,15.670221,1769016461,95.14,5.00,waiting_at_station,46.536029,15.660117
2502,G1,46.530738,15.670226,1769016461,49.04,35.00,waiting_at_station,46.536029,15.660117
12900,G1,46.536064,15.660209,1769016462,93.99,5.00,on_bus,46.535968,15.660233
12901,G1,46.535970,15.660184,1769016462,93.09,5.00,on_bus,46.535968,15.660233
12902,G1,46.536039,15.660352,1769016462,91.42,5.00,on_bus,46.535968,15.660233
12900,G1,46.535898,15.660417,1769016464,84.61,10.00,on_bus,46.535906,15.660348
12901,G1,46.535861,15.660335,1769016464,100.00,5.00,on_bus,46.535906,15.660348
12902,G1,46.535988,15.660407,1769016464,65.87,20.00,on_bus,46.535906,15.660348
2200,G1,46.540251,15.649293,1769016464,77.85,10.00,waiting_at_station,46.535906,15.660348
13000,G1,46.535886,15.660532,1769016463,81.46,10.00,on_bus,46.535845,15.660464
13001,G1,46.535846,15.660522,1769016463,84.76,10.00,on_bus,46.535845,15.660464
13002,G1,46.535999,15.660488,1769016463,73.86,20.00,on_bus,46.535845,15.660464
2000,G1,46.559663,15.655795,1769016463,83.76,10.00,waiting_at_station,46.535845,15.660464
2200,G1,46.540251,15.649733,1769016463,94.96,5.00,waiting_at_station,46.535845,15.660464
2300,G1,46.532224,15.667045,1769016463,78.05,10.00,waiting_at_station,46.535845,15.660464
2301,G1,46.532492,15.667026,1769016463,85.47,10.00,waiting_at_station,46.535845,15.660464
2700,G1,46.554141,15.650788,1769016463,95.00,5.00,waiting_at_station,46.535845,15.660464
13000,G1,46.535963,15.660522,1769016463,97.60,5.00,on_bus,46.535808,15.660535
13001,G1,46.535834,15.660591,1769016463,67.62,20.00,on_bus,46.535808,15.660535
13002,G1,46.535838,15.660551,1769016463,85.44,10.00,on_bus,46.535808,15.660535
2100,G1,46.553045,15.649952,1769016463,83.82,10.00,waiting_at_station,46.535808,15.660535
2101,G1,46.552773,15.649171,1769016463,70.01,20.00,waiting_at_station,46.535808,15.660535
13000,G1,46.535773,15.660605,1769016464,81.50,10.00,on_bus,46.535771,15.660607
13001,G1,46.535738,15.660758,1769016464,85.40,10.00,on_bus,46.535771,15.660607
2000,G1,46.559366,15.656066,1769016464,71.30,20.00,waiting_at_station,46.535771,15.660607
2001,G1,46.559665,15.656132,1769016464,50.75,35.00,waiting_at_station,46.535771,15.660607
2002,G1,46.559690,15.656007,1769016464,52.45,35.00,waiting_at_station,46.535771,15.660607
2100,G1,46.552514,15.650175,1769016464,92.72,5.00,waiting_at_station,46.535771,15.660607
2101,G1,46.552370,15.649218,1769016464,71.83,20.00,waiting_at_station,46.535771,15.660607
2102,G1,46.552606,15.650301,1769016464,90.89,5.00,waiting_at_station,46.535771,15.660607
2200,G1,46.540055,15.649492,1769016464,57.44,35.00,waiting_at_station,46.535771,15.660607
2201,G1,46.540181,15.649625,1769016464,88.69,10.00,waiting_at_station,46.535771,15.660607
2202,G1,46.540088,15.649697,1769016464,72.12,20.00,waiting_at_station,46.535771,15.660607
2800,G1,46.558513,15.655764,1769016464,95.67,5.00,waiting_at_station,46.535771,15.660607
2801,G1,46.558302,15.654951,1769016464,87.41,10.00,waiting_at_station,46.535771,15.660607
13000,G1,46.535670,15.660675,1769016465,94.29,5.00,on_bus,46.535733,15.660678
13001,G1,46.535678,15.660528,1769016465,74.17,20.00,on_bus,46.535733,15.660678
13002,G1,46.535775,15.660612,1769016465,92.38,5.00,on_bus,46.535733,15.660678
13003,G1,46.535764,15.660722,1769016465,92.45,5.00,on_bus,46.535733,15.660678
13004,G1,46.535657,15.660474,1769016465,79.61,10.00,on_bus,46.535733,15.660678
13005,G1,46.535725,15.660893,1769016465,67.10,20.00,on_bus,46.535733,15.660678
2100,G1,46.552589,15.650044,1769016465,82.76,10.00,waiting_at_station,46.535733,15.660678
2300,G1,46.532601,15.666868,1769016465,66.33,20.00,waiting_at_station,46.535733,15.660678
2301,G1,46.532557,15.666416,1769016465,68.83,20.00,waiting_at_station,46.535733,15.660678
2302,G1,46.532588,15.667535,1769016465,81.45,10.00,waiting_at_station,46.535733,15.660678
2600,G1,46.540145,15.647040,1769016465,91.16,5.00,waiting_at_station,46.535733,15.660678
2601,G1,46.539901,15.648492,1769016465,59.94,35.00,waiting_at_station,46.535733,15.660678
2700,G1,46.554208,15.650692,1769016465,77.53,10.00,waiting_at_station,46.535733,15.660678
13000,G1,46.535746,15.660811,1769016466,65.37,20.00,on_bus,46.535696,15.660750
13001,G1,46.535617,15.660604,1769016466,99.55,5.00,on_bus,46.535696,15.660750
13002,G1,46.535822,15.660869,1769016466,80.18,10.00,on_bus,46.535696,15.660750
2100,G1,46.552598,15.650165,1769016466,87.99,10.00,waiting_at_station,46.535696,15.660750
2101,G1,46.552740,15.650075,1769016466,91.45,5.00,waiting_at_station,46.535696,15.660750
2102,G1,46.552583,15.649904,1769016466,99.80,5.00,waiting_at_station,46.535696,15.660750
2400,G1,46.527878,15.684155,1769016466,72.97,20.00,waiting_at_station,46.535696,15.660750
2401,G1,46.527480,15.684414,1769016466,89.73,10.00,waiting_at_station,46.535696,15.660750
2500,G1,46.530863,15.670040,1769016466,84.66,10.00,waiting_at_station,46.535696,15.660750
13100,G1,46.535719,15.660962,1769016465,90.84,5.00,on_bus,46.535659,15.660821
13101,G1,46.535531,15.660790,1769016465,89.30,10.00,on_bus,46.535659,15.660821
13102,G1,46.535687,15.660751,1769016465,95.68,5.00,on_bus,46.535659,15.660821
13103,G1,46.535666,15.660782,1769016465,68.62,20.00,on_bus,46.535659,15.660821
13104,G1,46.535691,15.660836,1769016465,74.26,20.00,on_bus,46.535659,15.660821
13105,G1,46.535615,15.661302,1769016465,70.07,20.00,on_bus,46.535659,15.660821
2200,G1,46.539941,15.649813,1769016465,62.26,20.00,waiting_at_station,46.535659,15.660821
2201,G1,46.540102,15.649866,1769016465,52.76,35.00,waiting_at_station,46.535659,15.660821
2300,G1,46.532449,15.666753,1769016465,77.56,10.00,waiting_at_station,46.535659,15.660821
2500,G1,46.530569,15.669823,1769016465,67.70,20.00,waiting_at_station,46.535659,15.660821
2501,G1,46.531008,15.670341,1769016465,65.99,20.00,waiting_at_station,46.535659,15.660821
13100,G1,46.535537,15.660821,1769016465,79.48,10.00,on_bus,46.535624,15.660889
13101,G1,46.535628,15.660847,1769016465,56.99,35.00,on_bus,46.535624,15.660889
13102,G1,46.535527,15.660941,1769016465,82.76,10.00,on_bus,46.535624,15.660889
2100,G1,46.552612,15.650353,1769016465,71.41,20.00,waiting_at_station,46.535624,15.660889
2101,G1,46.552835,15.649929,1769016465,74.90,20.00,waiting_at_station,46.535624,15.660889
2400,G1,46.527545,15.684491,1769016465,99.05,5.00,waiting_at_station,46.535624,15.660889
2401,G1,46.527192,15.684598,1769016465,86.36,10.00,waiting_at_station,46.535624,15.660889
2402,G1,46.527646,15.684405,1769016465,57.83,35.00,waiting_at_station,46.535624,15.660889
2700,G1,46.554563,15.650574,1769016465,73.49,20.00,waiting_at_station,46.535624,15.660889
2701,G1,46.554452,15.650666,1769016465,68.14,20.00,waiting_at_station,46.535624,15.660889
13100,G1,46.535872,15.660940,1769016467,84.28,10.00,on_bus,46.535589,15.660956
13101,G1,46.535605,15.660841,1769016467,69.06,20.00,on_bus,46.535589,15.660956
13102,G1,46.535362,15.660954,1769016467,77.51,10.00,on_bus,46.535589,15.660956
13103,G1,46.535564,15.661087,1769016467,50.50,35.00,on_bus,46.535589,15.660956
13104,G1,46.535497,15.661048,1769016467,76.43,10.00,on_bus,46.535589,15.660956
13105,G1,46.535541,15.661051,1769016467,75.12,10.00,on_bus,46.535589,15.660956
2000,G1,46.559669,15.655909,1769016467,81.52,10.00,waiting_at_station,46.535589,15.660956
2001,G1,46.559682,15.655944,1769016467,85.96,10.00,waiting_at_station,46.535589,15.660956
2100,G1,46.552638,15.650190,1769016467,88.33,10.00,waiting_at_station,46.535589,15.660956
2101,G1,46.552733,15.650233,1769016467,84.53,10.00,waiting_at_station,46.535589,15.660956
2200,G1,46.539996,15.649965,1769016467,91.63,5.00,waiting_at_station,46.535589,15.660956
2201,G1,46.540239,15.649800,1769016467,88.03,10.00,waiting_at_station,46.535589,15.660956
2300,G1,46.532582,15.666555,1769016467,58.48,35.00,waiting_at_station,46.535589,15.660956
2301,G1,46.532572,15.666774,1769016467,93.52,5.00,waiting_at_station,46.535589,15.660956
2302,G1,46.532439,15.666986,1769016467,60.10,20.00,waiting_at_station,46.535589,15.660956
2500,G1,46.530944,15.669881,1769016467,63.55,20.00,waiting_at_station,46.535589,15.660956
2600,G1,46.539910,15.648582,1769016467,96.79,5.00,waiting_at_station,46.535589,15.660956
2700,G1,46.554196,15.651049,1769016467,74.46,20.00,waiting_at_station,46.535589,15.660956
13100,G1,46.535518,15.661063,1769016467,82.98,10.00,on_bus,46.535554,15.661023
13101,G1,46.535522,15.661243,1769016467,78.65,10.00,on_bus,46.535554,15.661023
13102,G1,46.535492,15.661065,1769016467,72.94,20.00,on_bus,46.535554,15.661023
13103,G1,46.535631,15.660953,1769016467,32.50,50.00,on_bus,46.535554,15.661023
13104,G1,46.535462,15.661024,1769016467,60.22,20.00,on_bus,46.535554,15.661023
2300,G1,46.532901,15.666202,1769016467,73.47,20.00,waiting_at_station,46.535554,15.661023
13100,G1,46.535466,15.661023,1769016468,100.00,5.00,on_bus,46.535518,15.661091
13101,G1,46.535591,15.661144,1769016468,59.92,35.00,on_bus,46.535518,15.661091
13102,G1,46.535485,15.660638,1769016468,63.23,20.00,on_bus,46.535518,15.661091
2100,G1,46.552725,15.649896,1769016468,62.74,20.00,waiting_at_station,46.535518,15.661091
2101,G1,46.552598,15.650163,1769016468,78.10,10.00,waiting_at_station,46.535518,15.661091
2300,G1,46.532447,15.666625,1769016468,84.87,10.00,waiting_at_station,46.535518,15.661091
2301,G1,46.532467,15.666776,1769016468,76.35,10.00,waiting_at_station,46.535518,15.661091
2400,G1,46.527514,15.684276,1769016468,100.00,5.00,waiting_at_station,46.535518,15.661091
2401,G1,46.527549,15.684374,1769016468,67.41,20.00,waiting_at_station,46.535518,15.661091
2402,G1,46.527399,15.684599,1769016468,66.87,20.00,waiting_at_station,46.535518,15.661091
2700,G1,46.554291,15.650732,1769016468,84.97,10.00,waiting_at_station,46.535518,15.661091
2701,G1,46.554661,15.650306,1769016468,55.34,35.00,waiting_at_station,46.535518,15.661091
13100,G1,46.535511,15.661147,1769016469,70.03,20.00,on_bus,46.535483,15.661158
13101,G1,46.535163,15.661418,1769016469,100.00,5.00,on_bus,46.535483,15.661158
13102,G1,46.535503,15.661132,1769016469,52.35,35.00,on_bus,46.535483,15.661158
2200,G1,46.540318,15.649835,1769016469,89.66,10.00,waiting_at_station,46.535483,15.661158
2201,G1,46.539988,15.650015,1769016469,68.38,20.00,waiting_at_station,46.535483,15.661158
2400,G1,46.527738,15.684925,1769016469,100.00,5.00,waiting_at_station,46.535483,15.661158
2401,G1,46.527419,15.684797,1769016469,48.59,35.00,waiting_at_station,46.535483,15.661158
2402,G1,46.527592,15.684698,1769016469,61.11,20.00,waiting_at_station,46.535483,15.661158
13200,G1,46.535446,15.661230,1769016468,68.96,20.00,on_bus,46.535448,15.661226
13201,G1,46.535446,15.661225,1769016468,85.72,10.00,on_bus,46.535448,15.661226
13202,G1,46.535494,15.661435,1769016468,76.04,10.00,on_bus,46.535448,15.661226
13203,G1,46.535353,15.661132,1769016468,100.00,5.00,on_bus,46.535448,15.661226
2400,G1,46.527392,15.684457,1769016468,60.31,20.00,waiting_at_station,46.535448,15.661226
13200,G1,46.535402,15.661232,1769016468,48.23,35.00,on_bus,46.535395,15.661328
13201,G1,46.535368,15.661356,1769016468,100.00,5.00,on_bus,46.535395,15.661328
2200,G1,46.540141,15.649626,1769016468,62.73,20.00,waiting_at_station,46.535395,15.661328
2201,G1,46.539892,15.649881,1769016468,79.08,10.00,waiting_at_station,46.535395,15.661328
13200,G1,46.535466,15.661451,1769016469,99.81,5.00,on_bus,46.535341,15.661431
13201,G1,46.535106,15.661415,1769016469,92.16,5.00,on_bus,46.535341,15.661431
13202,G1,46.535310,15.661256,1769016469,93.71,5.00,on_bus,46.535341,15.661431
13203,G1,46.535412,15.661511,1769016469,71.68,20.00,on_bus,46.535341,15.661431
13204,G1,46.535250,15.661473,1769016469,100.00,5.00,on_bus,46.535341,15.661431
2000,G1,46.559814,15.655479,1769016469,98.25,5.00,waiting_at_station,46.535341,15.661431
2001,G1,46.558942,15.656494,1769016469,92.43,5.00,waiting_at_station,46.535341,15.661431
2002,G1,46.559363,15.656278,1769016469,77.07,10.00,waiting_at_station,46.535341,15.661431
2100,G1,46.552325,15.649869,1769016469,92.37,5.00,waiting_at_station,46.535341,15.661431
2101,G1,46.552617,15.650393,1769016469,77.59,10.00,waiting_at_station,46.535341,15.661431
2102,G1,46.552591,15.650599,1769016469,81.35,10.00,waiting_at_station,46.535341,15.661431
2300,G1,46.532483,15.666994,1769016469,69.70,20.00,waiting_at_station,46.535341,15.661431
2600,G1,46.539810,15.648420,1769016469,77.43,10.00,waiting_at_station,46.535341,15.661431
2700,G1,46.554110,15.650507,1769016469,98.52,5.00,waiting_at_station,46.535341,15.661431
2701,G1,46.554516,15.650362,1769016469,87.33,10.00,waiting_at_station,46.535341,15.661431
2702,G1,46.554346,15.650429,1769016469,75.60,10.00,waiting_at_station,46.535341,15.661431
13200,G1,46.535236,15.661319,1769016471,73.47,20.00,on_bus,46.535288,15.661533
13201,G1,46.535344,15.661531,1769016471,90.64,5.00,on_bus,46.535288,15.661533
13202,G1,46.535267,15.661615,1769016471,80.93,10.00,on_bus,46.535288,15.661533
13203,G1,46.535274,15.661484,1769016471,72.73,20.00,on_bus,46.535288,15.661533
13204,G1,46.535222,15.661596,1769016471,73.37,20.00,on_bus,46.535288,15.661533
2700,G1,46.554310,15.650221,1769016471,73.34,20.00,waiting_at_station,46.535288,15.661533
2701,G1,46.554274,15.651314,1769016471,51.04,35.00,waiting_at_station,46.535288,15.661533
2702,G1,46.554236,15.650295,1769016471,68.01,20.00,waiting_at_station,46.535288,15.661533
2800,G1,46.558716,15.655830,1769016471,46.25,35.00,waiting_at_station,46.535288,15.661533
2801,G1,46.558655,15.655896,1769016471,82.31,10.00,waiting_at_station,46.535288,15.661533
13300,G1,46.535277,15.661650,1769016470,73.19,20.00,on_bus,46.535234,15.661636
13301,G1,46.535302,15.661539,1769016470,83.16,10.00,on_bus,46.535234,15.661636
2700,G1,46.554320,15.650700,1769016470,71.23,20.00,waiting_at_station,46.535234,15.661636
2800,G1,46.558429,15.655387,1769016470,86.46,10.00,waiting_at_station,46.535234,15.661636
13300,G1,46.535241,15.661652,1769016471,82.76,10.00,on_bus,46.535180,15.661739
13301,G1,46.535103,15.661743,1769016471,88.13,10.00,on_bus,46.535180,15.661739
13302,G1,46.535137,15.661765,1769016471,94.69,5.00,on_bus,46.535180,15.661739
2000,G1,46.559378,15.656209,1769016471,86.04,10.00,waiting_at_station,46.535180,15.661739
2001,G1,46.559525,15.655880,1769016471,80.49,10.00,waiting_at_station,46.535180,15.661739
2200,G1,46.540010,15.649956,1769016471,72.20,20.00,waiting_at_station,46.535180,15.661739
2201,G1,46.540060,15.649693,1769016471,77.37,10.00,waiting_at_station,46.535180,15.661739
2300,G1,46.532312,15.666641,1769016471,48.82,35.00,waiting_at_station,46.535180,15.661739
2301,G1,46.532786,15.666320,1769016471,79.85,10.00,waiting_at_station,46.535180,15.661739
2600,G1,46.539944,15.648219,1769016471,66.69,20.00,waiting_at_station,46.535180,15.661739
2601,G1,46.539660,15.647997,1769016471,96.99,5.00,waiting_at_station,46.535180,15.661739
2602,G1,46.539720,15.647809,1769016471,67.17,20.00,waiting_at_station,46.535180,15.661739
13300,G1,46.535086,15.661797,1769016472,71.82,20.00,on_bus,46.535126,15.661842
13301,G1,46.535070,15.661862,1769016472,68.46,20.00,on_bus,46.535126,15.661842
13302,G1,46.535101,15.661816,1769016472,71.36,20.00,on_bus,46.535126,15.661842
13303,G1,46.535245,15.661871,1769016472,74.82,20.00,on_bus,46.535126,15.661842
13304,G1,46.535118,15.661726,1769016472,67.55,20.00,on_bus,46.535126,15.661842
2100,G1,46.552998,15.650797,1769016472,96.88,5.00,waiting_at_station,46.535126,15.661842
13300,G1,46.535056,15.661755,1769016473,43.54,50.00,on_bus,46.535072,15.661945
13301,G1,46.535094,15.662022,1769016473,99.21,5.00,on_bus,46.535072,15.661945
13302,G1,46.535001,15.661710,1769016473,70.41,20.00,on_bus,46.535072,15.661945
13303,G1,46.534839,15.661951,1769016473,98.49,5.00,on_bus,46.535072,15.661945
13304,G1,46.535212,15.661695,1769016473,77.77,10.00,on_bus,46.535072,15.661945
13305,G1,46.535062,15.661998,1769016473,73.93,20.00,on_bus,46.535072,15.661945
2000,G1,46.559513,15.656126,1769016473,49.04,35.00,waiting_at_station,46.535072,15.661945
2001,G1,46.559548,15.656407,1769016473,63.30,20.00,waiting_at_station,46.535072,15.661945
2002,G1,46.559767,15.655913,1769016473,49.48,35.00,waiting_at_station,46.535072,15.661945
2400,G1,46.527491,15.684798,1769016473,66.44,20.00,waiting_at_station,46.535072,15.661945
2401,G1,46.527281,15.684076,1769016473,77.39,10.00,waiting_at_station,46.535072,15.661945
13400,G1,46.534851,15.662399,1769016473,100.00,5.00,on_bus,46.535018,15.662048
13401,G1,46.535058,15.662064,1769016473,100.00,5.00,on_bus,46.535018,15.662048
13402,G1,46.535038,15.661997,1769016473,64.70,20.00,on_bus,46.535018,15.662048
13403,G1,46.534971,15.662069,1769016473,74.72,20.00,on_bus,46.535018,15.662048
13404,G1,46.534941,15.662128,1769016473,83.86,10.00,on_bus,46.535018,15.662048
2000,G1,46.559425,15.655792,1769016473,65.09,20.00,waiting_at_station,46.535018,15.662048
2001,G1,46.559749,15.655972,1769016473,52.45,35.00,waiting_at_station,46.535018,15.662048
2300,G1,46.532260,15.667125,1769016473,86.57,10.00,waiting_at_station,46.535018,15.662048
2301,G1,46.533000,15.667134,1769016473,66.27,20.00,waiting_at_station,46.535018,15.662048
2500,G1,46.530767,15.669833,1769016473,95.62,5.00,waiting_at_station,46.535018,15.662048
2700,G1,46.554161,15.650344,1769016473,62.59,20.00,waiting_at_station,46.535018,15.662048
13400,G1,46.534931,15.662144,1769016474,94.50,5.00,on_bus,46.534952,15.662176
13401,G1,46.534817,15.662245,1769016474,85.26,10.00,on_bus,46.534952,15.662176
13402,G1,46.534895,15.662225,1769016474,49.83,35.00,on_bus,46.534952,15.662176
13403,G1,46.534974,15.662086,1769016474,78.82,10.00,on_bus,46.534952,15.662176
2000,G1,46.559597,15.656164,1769016474,85.87,10.00,waiting_at_station,46.534952,15.662176
13400,G1,46.534797,15.662468,1769016476,90.82,5.00,on_bus,46.534886,15.662304
13401,G1,46.534907,15.662301,1769016476,66.58,20.00,on_bus,46.534886,15.662304
13402,G1,46.534791,15.662297,1769016476,66.36,20.00,on_bus,46.534886,15.662304
13403,G1,46.534859,15.662327,1769016476,75.41,10.00,on_bus,46.534886,15.662304
2000,G1,46.559468,15.656454,1769016476,51.40,35.00,waiting_at_station,46.534886,15.662304
2100,G1,46.552694,15.650210,1769016476,72.62,20.00,waiting_at_station,46.534886,15.662304
2101,G1,46.552654,15.649997,1769016476,82.46,10.00,waiting_at_station,46.534886,15.662304
2300,G1,46.532741,15.666709,1769016476,100.00,5.00,waiting_at_station,46.534886,15.662304
2800,G1,46.558577,15.655377,1769016476,65.91,20.00,waiting_at_station,46.534886,15.662304
13500,G1,46.534839,15.662417,1769016475,75.50,10.00,on_bus,46.534820,15.662432
13501,G1,46.534819,15.662419,1769016475,70.16,20.00,on_bus,46.534820,15.662432
13502,G1,46.534775,15.662315,1769016475,73.19,20.00,on_bus,46.534820,15.662432
2300,G1,46.532714,15.667135,1769016475,67.87,20.00,waiting_at_station,46.534820,15.662432
13500,G1,46.534800,15.662586,1769016475,82.21,10.00,on_bus,46.534776,15.662517
13501,G1,46.534817,15.662553,1769016475,96.10,5.00,on_bus,46.534776,15.662517
13502,G1,46.534696,15.662476,1769016475,88.30,10.00,on_bus,46.534776,15.662517
13503,G1,46.534824,15.662415,1769016475,74.53,20.00,on_bus,46.534776,15.662517
13504,G1,46.534747,15.662467,1769016475,76.13,10.00,on_bus,46.534776,15.662517
2000,G1,46.559067,15.656370,1769016475,92.73,5.00,waiting_at_station,46.534776,15.662517
2001,G1,46.559161,15.655655,1769016475,77.44,10.00,waiting_at_station,46.534776,15.662517
2002,G1,46.559576,15.656236,1769016475,74.65,20.00,waiting_at_station,46.534776,15.662517
2400,G1,46.527362,15.684552,1769016475,63.79,20.00,waiting_at_station,46.534776,15.662517
2500,G1,46.530358,15.669438,1769016475,89.79,10.00,waiting_at_station,46.534776,15.662517
2800,G1,46.558974,15.655822,1769016475,79.40,10.00,waiting_at_station,46.534776,15.662517
2801,G1,46.558949,15.655949,1769016475,65.94,20.00,waiting_at_station,46.534776,15.662517
13500,G1,46.534747,15.662637,1769016477,61.38,20.00,on_bus,46.534732,15.662602
13501,G1,46.534743,15.662506,1769016477,100.00,5.00,on_bus,46.534732,15.662602
13502,G1,46.534633,15.662641,1769016477,67.10,20.00,on_bus,46.534732,15.662602
13503,G1,46.534745,15.662477,1769016477,76.13,10.00,on_bus,46.534732,15.662602
2200,G1,46.539851,15.649444,1769016477,79.93,10.00,waiting_at_station,46.534732,15.662602
2201,G1,46.539873,15.649400,1769016477,81.80,10.00,waiting_at_station,46.534732,15.662602
2400,G1,46.527598,15.684619,1769016477,75.21,10.00,waiting_at_station,46.534732,15.662602
2700,G1,46.554769,15.650451,1769016477,68.66,20.00,waiting_at_station,46.534732,15.662602
13500,G1,46.534667,15.662577,1769016478,87.83,10.00,on_bus,46.534689,15.662686
13501,G1,46.534768,15.662676,1769016478,91.86,5.00,on_bus,46.534689,15.662686
13502,G1,46.534653,15.662644,1769016478,96.35,5.00,on_bus,46.534689,15.662686
13503,G1,46.534689,15.662745,1769016478,74.69,20.00,on_bus,46.534689,15.662686
13504,G1,46.534751,15.662694,1769016478,99.28,5.00,on_bus,46.534689,15.662686
2000,G1,46.559266,15.656086,1769016478,93.71,5.00,waiting_at_station,46.534689,15.662686
2001,G1,46.559613,15.656579,1769016478,77.24,10.00,waiting_at_station,46.534689,15.662686
13500,G1,46.534660,15.662710,1769016478,86.48,10.00,on_bus,46.534645,15.662771
13501,G1,46.534725,15.662658,1769016478,94.03,5.00,on_bus,46.534645,15.662771
13502,G1,46.534281,15.662967,1769016478,92.03,5.00,on_bus,46.534645,15.662771
2000,G1,46.559565,15.656345,1769016478,99.20,5.00,waiting_at_station,46.534645,15.662771
2001,G1,46.559460,15.656021,1769016478,74.00,20.00,waiting_at_station,46.534645,15.662771
2100,G1,46.552572,15.650091,1769016478,79.31,10.00,waiting_at_station,46.534645,15.662771
2101,G1,46.552887,15.650294,1769016478,82.06,10.00,waiting_at_station,46.534645,15.662771
2102,G1,46.552756,15.650053,1769016478,100.00,5.00,waiting_at_station,46.534645,15.662771
2400,G1,46.527281,15.684269,1769016478,85.79,10.00,waiting_at_station,46.534645,15.662771
2500,G1,46.530610,15.669782,1769016478,83.73,10.00,waiting_at_station,46.534645,15.662771
2501,G1,46.530735,15.670200,1769016478,100.00,5.00,waiting_at_station,46.534645,15.662771
2600,G1,46.540079,15.647300,1769016478,69.70,20.00,waiting_at_station,46.534645,15.662771
2601,G1,46.539848,15.648223,1769016478,56.55,35.00,waiting_at_station,46.534645,15.662771
2602,G1,46.539759,15.647839,1769016478,76.01,10.00,waiting_at_station,46.534645,15.662771
2700,G1,46.554249,15.650475,1769016478,77.98,10.00,waiting_at_station,46.534645,15.662771
2701,G1,46.554227,15.650425,1769016478,71.32,20.00,waiting_at_station,46.534645,15.662771
2702,G1,46.554435,15.650349,1769016478,83.04,10.00,waiting_at_station,46.534645,15.662771
2800,G1,46.558769,15.655618,1769016478,80.78,10.00,waiting_at_station,46.534645,15.662771
2801,G1,46.558528,15.655966,1769016478,75.24,10.00,waiting_at_station,46.534645,15.662771
2802,G1,46.558355,15.655675,1769016478,59.35,35.00,waiting_at_station,46.534645,15.662771
13600,G1,46.534627,15.662859,1769016478,67.67,20.00,on_bus,46.534601,15.662856
13601,G1,46.534533,15.662925,1769016478,84.17,10.00,on_bus,46.534601,15.662856
13602,G1,46.534531,15.662856,1769016478,84.36,10.00,on_bus,46.534601,15.662856
13603,G1,46.534596,15.662910,1769016478,83.66,10.00,on_bus,46.534601,15.662856
13604,G1,46.534575,15.662987,1769016478,95.42,5.00,on_bus,46.534601,15.662856
2200,G1,46.539947,15.649628,1769016478,90.03,5.00,waiting_at_station,46.534601,15.662856
2300,G1,46.532816,15.666763,1769016478,77.09,10.00,waiting_at_station,46.534601,15.662856
2800,G1,46.559080,15.655355,1769016478,100.00,5.00,waiting_at_station,46.534601,15.662856
2801,G1,46.558558,15.655605,1769016478,75.49,10.00,waiting_at_station,46.534601,15.662856
13600,G1,46.534481,15.662818,1769016478,86.76,10.00,on_bus,46.534562,15.662930
13601,G1,46.534544,15.662940,1769016478,84.53,10.00,on_bus,46.534562,15.662930
13602,G1,46.534566,15.662954,1769016478,76.52,10.00,on_bus,46.534562,15.662930
13603,G1,46.534238,15.662748,1769016478,98.90,5.00,on_bus,46.534562,15.662930
13604,G1,46.534539,15.662789,1769016478,80.80,10.00,on_bus,46.534562,15.662930
13605,G1,46.534619,15.663081,1769016478,96.71,5.00,on_bus,46.534562,15.662930
2200,G1,46.540069,15.649735,1769016478,55.90,35.00,waiting_at_station,46.534562,15.662930
2201,G1,46.540014,15.649752,1769016478,100.00,5.00,waiting_at_station,46.534562,15.662930
2202,G1,46.540216,15.649676,1769016478,85.23,10.00,waiting_at_station,46.534562,15.662930
2300,G1,46.532424,15.667195,1769016478,57.17,35.00,waiting_at_station,46.534562,15.662930
2301,G1,46.532656,15.666725,1769016478,59.34,35.00,waiting_at_station,46.534562,15.662930
2302,G1,46.532556,15.666832,1769016478,75.24,10.00,waiting_at_station,46.534562,15.662930
2700,G1,46.553994,15.650397,1769016478,92.64,5.00,waiting_at_station,46.534562,15.662930
2701,G1,46.554562,15.650474,1769016478,91.19,5.00,waiting_at_station,46.534562,15.662930
13600,G1,46.534511,15.662960,1769016479,93.10,5.00,on_bus,46.534523,15.663004
13601,G1,46.534570,15.663002,1769016479,61.34,20.00,on_bus,46.534523,15.663004
13602,G1,46.534546,15.663053,1769016479,75.89,10.00,on_bus,46.534523,15.663004
13603,G1,46.534495,15.662795,1769016479,67.09,20.00,on_bus,46.534523,15.663004
13604,G1,46.534498,15.663145,1769016479,76.69,10.00,on_bus,46.534523,15.663004
2100,G1,46.552696,15.650454,1769016479,100.00,5.00,waiting_at_station,46.534523,15.663004
2300,G1,46.532380,15.666717,1769016479,94.24,5.00,waiting_at_station,46.534523,15.663004
2301,G1,46.532522,15.666710,1769016479,63.33,20.00,waiting_at_station,46.534523,15.663004
13600,G1,46.534516,15.663047,1769016480,84.49,10.00,on_bus,46.534484,15.663077
13601,G1,46.534536,15.663052,1769016480,95.00,5.00,on_bus,46.534484,15.663077
13602,G1,46.534479,15.662963,1769016480,50.51,35.00,on_bus,46.534484,15.663077
13603,G1,46.534599,15.663158,1769016480,56.70,35.00,on_bus,46.534484,15.663077
13604,G1,46.534481,15.663067,1769016480,84.86,10.00,on_bus,46.534484,15.663077
13605,G1,46.534497,15.663053,1769016480,87.29,10.00,on_bus,46.534484,15.663077
2100,G1,46.552705,15.650050,1769016480,66.67,20.00,waiting_at_station,46.534484,15.663077
2101,G1,46.552375,15.649924,1769016480,63.52,20.00,waiting_at_station,46.534484,15.663077
2700,G1,46.554369,15.650408,1769016480,53.17,35.00,waiting_at_station,46.534484,15.663077
2701,G1,46.554178,15.650529,1769016480,61.89,20.00,waiting_at_station,46.534484,15.663077
2800,G1,46.558611,15.655944,1769016480,65.99,20.00,waiting_at_station,46.534484,15.663077
2801,G1,46.558700,15.655405,1769016480,78.73,10.00,waiting_at_station,46.534484,15.663077
13600,G1,46.534546,15.663242,1769016481,96.06,5.00,on_bus,46.534445,15.663151
13601,G1,46.534572,15.663130,1769016481,61.15,20.00,on_bus,46.534445,15.663151
2000,G1,46.559488,15.656322,1769016481,81.55,10.00,waiting_at_station,46.534445,15.663151
2001,G1,46.559697,15.656093,1769016481,81.60,10.00,waiting_at_station,46.534445,15.663151
2002,G1,46.559437,15.655851,1769016481,72.68,20.00,waiting_at_station,46.534445,15.663151
2200,G1,46.539865,15.650418,1769016481,87.39,10.00,waiting_at_station,46.534445,15.663151
2201,G1,46.540287,15.650029,1769016481,65.21,20.00,waiting_at_station,46.534445,15.663151
2400,G1,46.527397,15.684356,1769016481,99.33,5.00,waiting_at_station,46.534445,15.663151
2401,G1,46.526930,15.684431,1769016481,61.59,20.00,waiting_at_station,46.534445,15.663151
2402,G1,46.527499,15.684046,1769016481,88.04,10.00,waiting_at_station,46.534445,15.663151
13600,G1,46.534348,15.663179,1769016482,64.79,20.00,on_bus,46.534406,15.663225
13601,G1,46.534428,15.663216,1769016482,96.54,5.00,on_bus,46.534406,15.663225
13602,G1,46.534425,15.663285,1769016482,62.61,20.00,on_bus,46.534406,15.663225
13603,G1,46.534298,15.663200,1769016482,77.05,10.00,on_bus,46.534406,15.663225
13604,G1,46.534446,15.663152,1769016482,68.27,20.00,on_bus,46.534406,15.663225
13700,G1,46.534386,15.663512,1769016480,92.00,5.00,on_bus,46.534367,15.663299
13701,G1,46.534269,15.663583,1769016480,80.79,10.00,on_bus,46.534367,15.663299
13702,G1,46.534343,15.663163,1769016480,79.82,10.00,on_bus,46.534367,15.663299
13703,G1,46.534228,15.663258,1769016480,85.63,10.00,on_bus,46.534367,15.663299
13704,G1,46.534360,15.663348,1769016480,95.90,5.00,on_bus,46.534367,15.663299
2200,G1,46.540119,15.649969,1769016480,83.73,10.00,waiting_at_station,46.534367,15.663299
2300,G1,46.533041,15.667619,1769016480,70.87,20.00,waiting_at_station,46.534367,15.663299
2301,G1,46.532334,15.666540,1769016480,57.09,35.00,waiting_at_station,46.534367,15.663299
2302,G1,46.532666,15.666607,1769016480,69.15,20.00,waiting_at_station,46.534367,15.663299
13700,G1,46.534111,15.663154,1769016481,60.93,20.00,on_bus,46.534319,15.663387
13701,G1,46.534295,15.663366,1769016481,51.53,35.00,on_bus,46.534319,15.663387
13702,G1,46.534278,15.663348,1769016481,63.05,20.00,on_bus,46.534319,15.663387
2500,G1,46.530833,15.670128,1769016481,82.22,10.00,waiting_at_station,46.534319,15.663387
2600,G1,46.539999,15.647834,1769016481,80.16,10.00,waiting_at_station,46.534319,15.663387
2800,G1,46.558588,15.655987,1769016481,64.24,20.00,waiting_at_station,46.534319,15.663387
2801,G1,46.558619,15.656429,1769016481,70.91,20.00,waiting_at_station,46.534319,15.663387
2802,G1,46.558586,15.655882,1769016481,61.34,20.00,waiting_at_station,46.534319,15.663387
13700,G1,46.534116,15.663337,1769016482,76.54,10.00,on_bus,46.534271,15.663476
13701,G1,46.534209,15.663637,1769016482,64.53,20.00,on_bus,46.534271,15.663476
13702,G1,46.534390,15.663353,1769016482,86.70,10.00,on_bus,46.534271,15.663476
13703,G1,46.534218,15.663492,1769016482,94.53,5.00,on_bus,46.534271,15.663476
2000,G1,46.559655,15.655983,1769016482,73.17,20.00,waiting_at_station,46.534271,15.663476
2200,G1,46.539887,15.649670,1769016482,50.97,35.00,waiting_at_station,46.534271,15.663476
2201,G1,46.540179,15.649675,1769016482,59.67,35.00,waiting_at_station,46.534271,15.663476
2400,G1,46.527657,15.684596,1769016482,71.75,20.00,waiting_at_station,46.534271,15.663476
2401,G1,46.527039,15.684083,1769016482,79.67,10.00,waiting_at_station,46.534271,15.663476
2402,G1,46.527535,15.684738,1769016482,86.40,10.00,waiting_at_station,46.534271,15.663476
2600,G1,46.539623,15.648731,1769016482,58.92,35.00,waiting_at_station,46.534271,15.663476
2601,G1,46.540255,15.648266,1769016482,83.83,10.00,waiting_at_station,46.534271,15.663476
2602,G1,46.539895,15.647601,1769016482,65.31,20.00,waiting_at_station,46.534271,15.663476
2700,G1,46.554342,15.650533,1769016482,71.46,20.00,waiting_at_station,46.534271,15.663476
2701,G1,46.553984,15.650517,1769016482,59.72,35.00,waiting_at_station,46.534271,15.663476
2702,G1,46.554354,15.650387,1769016482,72.61,20.00,waiting_at_station,46.534271,15.663476
13700,G1,46.534145,15.663512,1769016484,79.90,10.00,on_bus,46.534222,15.663564
13701,G1,46.534318,15.663552,1769016484,100.00,5.00,on_bus,46.534222,15.663564
13702,G1,46.534160,15.663394,1769016484,81.01,10.00,on_bus,46.534222,15.663564
2200,G1,46.540117,15.649669,1769016484,55.03,35.00,waiting_at_station,46.534222,15.663564
13700,G1,46.534277,15.663632,1769016485,100.00,5.00,on_bus,46.534174,15.663653
13701,G1,46.534133,15.663691,1769016485,79.10,10.00,on_bus,46.534174,15.663653
13702,G1,46.534168,15.663444,1769016485,63.62,20.00,on_bus,46.534174,15.663653
13703,G1,46.534246,15.663545,1769016485,71.99,20.00,on_bus,46.534174,15.663653
2000,G1,46.559286,15.655924,1769016485,75.41,10.00,waiting_at_station,46.534174,15.663653
2300,G1,46.532805,15.667114,1769016485,66.24,20.00,waiting_at_station,46.534174,15.663653
2400,G1,46.527471,15.684343,1769016485,77.01,10.00,waiting_at_station,46.534174,15.663653
2401,G1,46.527552,15.684269,1769016485,100.00,5.00,waiting_at_station,46.534174,15.663653
2800,G1,46.558631,15.655651,1769016485,77.34,10.00,waiting_at_station,46.534174,15.663653
13800,G1,46.534019,15.663793,1769016483,63.94,20.00,on_bus,46.534126,15.663741
13801,G1,46.534243,15.663701,1769016483,85.94,10.00,on_bus,46.534126,15.663741
13802,G1,46.534173,15.663869,1769016483,81.96,10.00,on_bus,46.534126,15.663741
2500,G1,46.531592,15.670011,1769016483,47.56,35.00,waiting_at_station,46.534126,15.663741
2600,G1,46.539824,15.648057,1769016483,68.62,20.00,waiting_at_station,46.534126,15.663741
2601,G1,46.539883,15.648059,1769016483,76.84,10.00,waiting_at_station,46.534126,15.663741
13800,G1,46.534028,15.663788,1769016484,71.09,20.00,on_bus,46.534073,15.663844
13801,G1,46.534047,15.663911,1769016484,82.22,10.00,on_bus,46.534073,15.663844
13802,G1,46.534107,15.663769,1769016484,81.97,10.00,on_bus,46.534073,15.663844
13803,G1,46.534092,15.663945,1769016484,63.71,20.00,on_bus,46.534073,15.663844
13804,G1,46.534185,15.663613,1769016484,81.36,10.00,on_bus,46.534073,15.663844
2300,G1,46.532414,15.665979,1769016484,64.29,20.00,waiting_at_station,46.534073,15.663844
13800,G1,46.534038,15.664044,1769016485,63.03,20.00,on_bus,46.534021,15.663947
13801,G1,46.534099,15.663954,1769016485,81.31,10.00,on_bus,46.534021,15.663947
13802,G1,46.533985,15.663928,1769016485,71.33,20.00,on_bus,46.534021,15.663947
2500,G1,46.530598,15.670498,1769016485,80.20,10.00,waiting_at_station,46.534021,15.663947
2501,G1,46.530771,15.669629,1769016485,85.87,10.00,waiting_at_station,46.534021,15.663947
2800,G1,46.558386,15.656058,1769016485,79.21,10.00,waiting_at_station,46.534021,15.663947
2801,G1,46.558583,15.655957,1769016485,51.30,35.00,waiting_at_station,46.534021,15.663947
2802,G1,46.558588,15.656314,1769016485,70.53,20.00,waiting_at_station,46.534021,15.663947
13800,G1,46.533988,15.664021,1769016486,83.11,10.00,on_bus,46.533969,15.664051
13801,G1,46.533929,15.664047,1769016486,100.00,5.00,on_bus,46.533969,15.664051
13802,G1,46.533920,15.663940,1769016486,97.25,5.00,on_bus,46.533969,15.664051
13803,G1,46.533994,15.663977,1769016486,88.91,10.00,on_bus,46.533969,15.664051
13804,G1,46.533909,15.664079,1769016486,40.66,50.00,on_bus,46.533969,15.664051
13805,G1,46.533935,15.663905,1769016486,88.75,10.00,on_bus,46.533969,15.664051
2200,G1,46.540149,15.649366,1769016486,100.00,5.00,waiting_at_station,46.533969,15.664051
2300,G1,46.532623,15.666872,1769016486,69.40,20.00,waiting_at_station,46.533969,15.664051
2301,G1,46.532454,15.667010,1769016486,77.25,10.00,waiting_at_station,46.533969,15.664051
2302,G1,46.532553,15.666968,1769016486,65.50,20.00,waiting_at_station,46.533969,15.664051
2700,G1,46.554610,15.650587,1769016486,95.74,5.00,waiting_at_station,46.533969,15.664051
2701,G1,46.554218,15.650014,1769016486,54.83,35.00,waiting_at_station,46.533969,15.664051
2702,G1,46.554611,15.650709,1769016486,59.93,35.00,waiting_at_station,46.533969,15.664051
13900,G1,46.533924,15.664216,1769016486,49.35,35.00,on_bus,46.533916,15.664154
13901,G1,46.533915,15.664196,1769016486,81.95,10.00,on_bus,46.533916,15.664154
13902,G1,46.533941,15.664173,1769016486,93.56,5.00,on_bus,46.533916,15.664154
13903,G1,46.533913,15.664239,1769016486,89.41,10.00,on_bus,46.533916,15.664154
13904,G1,46.533801,15.664095,1769016486,90.64,5.00,on_bus,46.533916,15.664154
2000,G1,46.559265,15.656043,1769016486,87.51,10.00,waiting_at_station,46.533916,15.664154
2400,G1,46.527319,15.684553,1769016486,80.15,10.00,waiting_at_station,46.533916,15.664154
2401,G1,46.527687,15.684017,1769016486,73.67,20.00,waiting_at_station,46.533916,15.664154
2500,G1,46.531131,15.669328,1769016486,79.02,10.00,waiting_at_station,46.533916,15.664154
2501,G1,46.531139,15.670267,1769016486,65.07,20.00,waiting_at_station,46.533916,15.664154
2600,G1,46.540063,15.648209,1769016486,97.15,5.00,waiting_at_station,46.533916,15.664154
13900,G1,46.533823,15.664192,1769016486,69.49,20.00,on_bus,46.533880,15.664225
13901,G1,46.533929,15.664238,1769016486,89.20,10.00,on_bus,46.533880,15.664225
13902,G1,46.533872,15.664364,1769016486,91.84,5.00,on_bus,46.533880,15.664225
2100,G1,46.552586,15.650070,1769016486,70.41,20.00,waiting_at_station,46.533880,15.664225
2101,G1,46.552762,15.650375,1769016486,69.97,20.00,waiting_at_station,46.533880,15.664225
2102,G1,46.552909,15.650630,1769016486,76.54,10.00,waiting_at_station,46.533880,15.664225
2300,G1,46.532827,15.666801,1769016486,91.31,5.00,waiting_at_station,46.533880,15.664225
2400,G1,46.527351,15.684388,1769016486,79.33,10.00,waiting_at_station,46.533880,15.664225
2700,G1,46.554233,15.650589,1769016486,87.21,10.00,waiting_at_station,46.533880,15.664225
2701,G1,46.554766,15.650571,1769016486,53.12,35.00,waiting_at_station,46.533880,15.664225
2800,G1,46.558965,15.656078,1769016486,74.39,20.00,waiting_at_station,46.533880,15.664225
2801,G1,46.558430,15.655340,1769016486,83.89,10.00,waiting_at_station,46.533880,15.664225
13900,G1,46.533596,15.664255,1769016487,62.73,20.00,on_bus,46.533843,15.664296
13901,G1,46.533838,15.664272,1769016487,45.30,35.00,on_bus,46.533843,15.664296
13902,G1,46.533846,15.664294,1769016487,79.66,10.00,on_bus,46.533843,15.664296
2000,G1,46.559559,15.655649,1769016487,80.76,10.00,waiting_at_station,46.533843,15.664296
2400,G1,46.527484,15.684256,1769016487,25.02,50.00,waiting_at_station,46.533843,15.664296
2500,G1,46.530548,15.670344,1769016487,64.07,20.00,waiting_at_station,46.533843,15.664296
2501,G1,46.530678,15.669686,1769016487,62.24,20.00,waiting_at_station,46.533843,15.664296
2700,G1,46.554928,15.650528,1769016487,84.56,10.00,waiting_at_station,46.533843,15.664296
13900,G1,46.533808,15.664403,1769016488,64.62,20.00,on_bus,46.533807,15.664367
13901,G1,46.533664,15.664733,1769016488,84.71,10.00,on_bus,46.533807,15.664367
13902,G1,46.533784,15.664378,1769016488,70.38,20.00,on_bus,46.533807,15.664367
13903,G1,46.533829,15.664367,1769016488,51.42,35.00,on_bus,46.533807,15.664367
13904,G1,46.533801,15.664390,1769016488,87.06,10.00,on_bus,46.533807,15.664367
13905,G1,46.533707,15.664142,1769016488,65.92,20.00,on_bus,46.533807,15.664367
2200,G1,46.539721,15.649855,1769016488,71.64,20.00,waiting_at_station,46.533807,15.664367
2500,G1,46.531139,15.670218,1769016488,67.02,20.00,waiting_at_station,46.533807,15.664367
2501,G1,46.530693,15.670690,1769016488,78.83,10.00,waiting_at_station,46.533807,15.664367
2800,G1,46.558690,15.655792,1769016488,64.59,20.00,waiting_at_station,46.533807,15.664367
2801,G1,46.558209,15.655430,1769016488,62.33,20.00,waiting_at_station,46.533807,15.664367
13900,G1,46.533925,15.664472,1769016489,97.06,5.00,on_bus,46.533770,15.664438
13901,G1,46.533763,15.664441,1769016489,100.00,5.00,on_bus,46.533770,15.664438
13902,G1,46.533852,15.664485,1769016489,49.44,35.00,on_bus,46.533770,15.664438
13903,G1,46.533771,15.664449,1769016489,65.12,20.00,on_bus,46.533770,15.664438
13904,G1,46.533780,15.664528,1769016489,76.22,10.00,on_bus,46.533770,15.664438
14000,G1,46.533863,15.664632,1769016488,74.78,20.00,on_bus,46.533734,15.664509
14001,G1,46.533733,15.664654,1769016488,73.71,20.00,on_bus,46.533734,15.664509
14002,G1,46.533707,15.664560,1769016488,55.79,35.00,on_bus,46.533734,15.664509
14003,G1,46.533749,15.664399,1769016488,67.27,20.00,on_bus,46.533734,15.664509
14004,G1,46.533762,15.664714,1769016488,84.27,10.00,on_bus,46.533734,15.664509
2000,G1,46.559499,15.655349,1769016488,77.83,10.00,waiting_at_station,46.533734,15.664509
2001,G1,46.559572,15.655755,1769016488,61.17,20.00,waiting_at_station,46.533734,15.664509
2002,G1,46.559493,15.656078,1769016488,69.91,20.00,waiting_at_station,46.533734,15.664509
2300,G1,46.532893,15.666693,1769016488,74.12,20.00,waiting_at_station,46.533734,15.664509
14000,G1,46.533645,15.664471,1769016488,83.11,10.00,on_bus,46.533696,15.664536
14001,G1,46.533719,15.664588,1769016488,91.99,5.00,on_bus,46.533696,15.664536
14002,G1,46.533599,15.664524,1769016488,100.00,5.00,on_bus,46.533696,15.664536
14003,G1,46.533638,15.664479,1769016488,37.63,50.00,on_bus,46.533696,15.664536
2300,G1,46.532320,15.666913,1769016488,60.01,20.00,waiting_at_station,46.533696,15.664536
2301,G1,46.532605,15.666786,1769016488,93.59,5.00,waiting_at_station,46.533696,15.664536
2302,G1,46.532610,15.667323,1769016488,72.94,20.00,waiting_at_station,46.533696,15.664536
2400,G1,46.527528,15.684311,1769016488,69.58,20.00,waiting_at_station,46.533696,15.664536
2401,G1,46.528077,15.684589,1769016488,93.97,5.00,waiting_at_station,46.533696,15.664536
2402,G1,46.527440,15.684324,1769016488,100.00,5.00,waiting_at_station,46.533696,15.664536
14000,G1,46.533654,15.664584,1769016488,55.90,35.00,on_bus,46.533658,15.664563
14001,G1,46.533651,15.664488,1769016488,73.31,20.00,on_bus,46.533658,15.664563
14002,G1,46.533720,15.664604,1769016488,80.25,10.00,on_bus,46.533658,15.664563
14003,G1,46.533700,15.664574,1769016488,87.00,10.00,on_bus,46.533658,15.664563
14004,G1,46.533663,15.664567,1769016488,66.99,20.00,on_bus,46.533658,15.664563
2400,G1,46.527228,15.684568,1769016488,43.65,50.00,waiting_at_station,46.533658,15.664563
2401,G1,46.527387,15.683950,1769016488,64.00,20.00,waiting_at_station,46.533658,15.664563
2402,G1,46.527401,15.684170,1769016488,71.77,20.00,waiting_at_station,46.533658,15.664563
2700,G1,46.554317,15.650529,1769016488,84.35,10.00,waiting_at_station,46.533658,15.664563
14000,G1,46.533588,15.664548,1769016490,70.99,20.00,on_bus,46.533620,15.664590
14001,G1,46.533618,15.664596,1769016490,68.52,20.00,on_bus,46.533620,15.664590
14002,G1,46.533656,15.664697,1769016490,65.30,20.00,on_bus,46.533620,15.664590
14003,G1,46.533630,15.664533,1769016490,81.16,10.00,on_bus,46.533620,15.664590
14004,G1,46.533808,15.664804,1769016490,78.56,10.00,on_bus,46.533620,15.664590
2300,G1,46.531858,15.667232,1769016490,76.27,10.00,waiting_at_station,46.533620,15.664590
2301,G1,46.532618,15.666626,1769016490,84.84,10.00,waiting_at_station,46.533620,15.664590
2500,G1,46.530731,15.670362,1769016490,100.00,5.00,waiting_at_station,46.533620,15.664590
2700,G1,46.554403,15.650509,1769016490,57.27,35.00,waiting_at_station,46.533620,15.664590
2701,G1,46.554391,15.650198,1769016490,68.21,20.00,waiting_at_station,46.533620,15.664590
2702,G1,46.554277,15.650372,1769016490,77.83,10.00,waiting_at_station,46.533620,15.664590
14100,G1,46.533531,15.664437,1769016489,96.08,5.00,on_bus,46.533582,15.664617
14101,G1,46.533618,15.664617,1769016489,78.11,10.00,on_bus,46.533582,15.664617
2100,G1,46.552665,15.650257,1769016489,91.88,5.00,waiting_at_station,46.533582,15.664617
2200,G1,46.540160,15.649728,1769016489,72.05,20.00,waiting_at_station,46.533582,15.664617
2201,G1,46.539982,15.649908,1769016489,63.70,20.00,waiting_at_station,46.533582,15.664617
2202,G1,46.539874,15.649563,1769016489,68.43,20.00,waiting_at_station,46.533582,15.664617
14100,G1,46.533495,15.664886,1769016491,81.33,10.00,on_bus,46.533534,15.664743
14101,G1,46.533528,15.664852,1769016491,56.59,35.00,on_bus,46.533534,15.664743
14102,G1,46.533431,15.664738,1769016491,74.26,20.00,on_bus,46.533534,15.664743
2200,G1,46.540075,15.649841,1769016491,66.19,20.00,waiting_at_station,46.533534,15.664743
14100,G1,46.533493,15.664935,1769016492,59.64,35.00,on_bus,46.533485,15.664869
14101,G1,46.533442,15.664752,1769016492,92.52,5.00,on_bus,46.533485,15.664869
14102,G1,46.533507,15.664488,1769016492,98.96,5.00,on_bus,46.533485,15.664869
2000,G1,46.559644,15.656113,1769016492,100.00,5.00,waiting_at_station,46.533485,15.664869
2001,G1,46.559957,15.656332,1769016492,55.29,35.00,waiting_at_station,46.533485,15.664869
2002,G1,46.559831,15.656442,1769016492,70.97,20.00,waiting_at_station,46.533485,15.664869
2300,G1,46.532495,15.666575,1769016492,55.58,35.00,waiting_at_station,46.533485,15.664869
2301,G1,46.532569,15.666475,1769016492,100.00,5.00,waiting_at_station,46.533485,15.664869
2500,G1,46.530799,15.670607,1769016492,81.50,10.00,waiting_at_station,46.533485,15.664869
2600,G1,46.539753,15.647966,1769016492,77.11,10.00,waiting_at_station,46.533485,15.664869
14100,G1,46.533434,15.665112,1769016494,83.29,10.00,on_bus,46.533437,15.664995
14101,G1,46.533457,15.664989,1769016494,74.79,20.00,on_bus,46.533437,15.664995
14102,G1,46.533518,15.665080,1769016494,80.58,10.00,on_bus,46.533437,15.664995
14103,G1,46.533425,15.665030,1769016494,59.49,35.00,on_bus,46.533437,15.664995
2200,G1,46.539686,15.650474,1769016494,47.12,35.00,waiting_at_station,46.533437,15.664995
2201,G1,46.540031,15.649912,1769016494,64.41,20.00,waiting_at_station,46.533437,15.664995
2202,G1,46.540203,15.649513,1769016494,77.05,10.00,waiting_at_station,46.533437,15.664995
2600,G1,46.539924,15.648009,1769016494,70.25,20.00,waiting_at_station,46.533437,15.664995
2800,G1,46.558615,15.655942,1769016494,71.62,20.00,waiting_at_station,46.533437,15.664995
14100,G1,46.533338,15.665292,1769016495,83.69,10.00,on_bus,46.533388,15.665122
14101,G1,46.533344,15.665261,1769016495,85.81,10.00,on_bus,46.533388,15.665122
14102,G1,46.533345,15.665075,1769016495,98.70,5.00,on_bus,46.533388,15.665122
14103,G1,46.533246,15.665277,1769016495,76.29,10.00,on_bus,46.533388,15.665122
2000,G1,46.559423,15.656238,1769016495,46.98,35.00,waiting_at_station,46.533388,15.665122
2600,G1,46.539701,15.648108,1769016495,80.89,10.00,waiting_at_station,46.533388,15.665122
2601,G1,46.540038,15.647767,1769016495,68.03,20.00,waiting_at_station,46.533388,15.665122
2800,G1,46.558747,15.655452,1769016495,100.00,5.00,waiting_at_station,46.533388,15.665122
14100,G1,46.533303,15.665213,1769016497,80.72,10.00,on_bus,46.533339,15.665248
14101,G1,46.533264,15.665356,1769016497,67.45,20.00,on_bus,46.533339,15.665248
14102,G1,46.533345,15.665195,1769016497,95.66,5.00,on_bus,46.533339,15.665248
14103,G1,46.533334,15.665275,1769016497,74.96,20.00,on_bus,46.533339,15.665248
14104,G1,46.533236,15.665394,1769016497,67.31,20.00,on_bus,46.533339,15.665248
2000,G1,46.559710,15.654931,1769016497,85.71,10.00,waiting_at_station,46.533339,15.665248
2001,G1,46.559644,15.656169,1769016497,91.49,5.00,waiting_at_station,46.533339,15.665248
2100,G1,46.552816,15.649724,1769016497,26.45,50.00,waiting_at_station,46.533339,15.665248
2200,G1,46.540230,15.650126,1769016497,74.34,20.00,waiting_at_station,46.533339,15.665248
2201,G1,46.539929,15.649912,1769016497,77.88,10.00,waiting_at_station,46.533339,15.665248
2202,G1,46.540268,15.650026,1769016497,73.62,20.00,waiting_at_station,46.533339,15.665248
2700,G1,46.554204,15.650527,1769016497,59.96,35.00,waiting_at_station,46.533339,15.665248
14200,G1,46.533261,15.665243,1769016493,56.38,35.00,on_bus,46.533291,15.665374
14201,G1,46.533345,15.665434,1769016493,100.00,5.00,on_bus,46.533291,15.665374
14202,G1,46.533275,15.665205,1769016493,100.00,5.00,on_bus,46.533291,15.665374
14203,G1,46.533158,15.665502,1769016493,66.04,20.00,on_bus,46.533291,15.665374
2700,G1,46.554746,15.650787,1769016493,75.60,10.00,waiting_at_station,46.533291,15.665374
2701,G1,46.554492,15.650426,1769016493,74.62,20.00,waiting_at_station,46.533291,15.665374
2800,G1,46.558661,15.655431,1769016493,87.25,10.00,waiting_at_station,46.533291,15.665374
2801,G1,46.558595,15.655749,1769016493,74.19,20.00,waiting_at_station,46.533291,15.665374
14200,G1,46.533244,15.665140,1769016495,65.10,20.00,on_bus,46.533232,15.665494
14201,G1,46.533232,15.665495,1769016495,90.45,5.00,on_bus,46.533232,15.665494
14202,G1,46.533274,15.665579,1769016495,78.05,10.00,on_bus,46.533232,15.665494
14203,G1,46.533279,15.665567,1769016495,92.01,5.00,on_bus,46.533232,15.665494
14204,G1,46.533230,15.665481,1769016495,77.34,10.00,on_bus,46.533232,15.665494
14205,G1,46.533241,15.665716,1769016495,100.00,5.00,on_bus,46.533232,15.665494
2000,G1,46.559555,15.655981,1769016495,64.51,20.00,waiting_at_station,46.533232,15.665494
2001,G1,46.559715,15.655692,1769016495,100.00,5.00,waiting_at_station,46.533232,15.665494
2002,G1,46.559617,15.655983,1769016495,97.22,5.00,waiting_at_station,46.533232,15.665494
2200,G1,46.540405,15.649311,1769016495,100.00,5.00,waiting_at_station,46.533232,15.665494
2201,G1,46.540025,15.649617,1769016495,68.88,20.00,waiting_at_station,46.533232,15.665494
2202,G1,46.540287,15.650365,1769016495,65.17,20.00,waiting_at_station,46.533232,15.665494
2400,G1,46.527398,15.684674,1769016495,77.97,10.00,waiting_at_station,46.533232,15.665494
2401,G1,46.527408,15.684360,1769016495,64.89,20.00,waiting_at_station,46.533232,15.665494
2700,G1,46.554356,15.650204,1769016495,83.82,10.00,waiting_at_station,46.533232,15.665494
2701,G1,46.554083,15.650364,1769016495,90.85,5.00,waiting_at_station,46.533232,15.665494
2800,G1,46.558650,15.655472,1769016495,89.65,10.00,waiting_at_station,46.533232,15.665494
2801,G1,46.558575,15.655883,1769016495,36.98,50.00,waiting_at_station,46.533232,15.665494
2802,G1,46.558897,15.656062,1769016495,53.84,35.00,waiting_at_station,46.533232,15.665494
14200,G1,46.533197,15.665976,1769016496,75.61,10.00,on_bus,46.533173,15.665614
14201,G1,46.533191,15.665708,1769016496,100.00,5.00,on_bus,46.533173,15.665614
14202,G1,46.533182,15.665589,1769016496,89.07,10.00,on_bus,46.533173,15.665614
14203,G1,46.533273,15.665582,1769016496,74.80,20.00,on_bus,46.533173,15.665614
14204,G1,46.533117,15.665742,1769016496,96.42,5.00,on_bus,46.533173,15.665614
2300,G1,46.532533,15.666880,1769016496,81.61,10.00,waiting_at_station,46.533173,15.665614
2400,G1,46.527576,15.684020,1769016496,63.65,20.00,waiting_at_station,46.533173,15.665614
2401,G1,46.527256,15.684414,1769016496,43.81,50.00,waiting_at_station,46.533173,15.665614
2600,G1,46.539941,15.647988,1769016496,77.82,10.00,waiting_at_station,46.533173,15.665614
2601,G1,46.539933,15.648086,1769016496,81.43,10.00,waiting_at_station,46.533173,15.665614
14300,G1,46.533001,15.665490,1769016496,85.32,10.00,on_bus,46.533114,15.665734
14301,G1,46.533107,15.665804,1769016496,66.55,20.00,on_bus,46.533114,15.665734
14302,G1,46.533142,15.665632,1769016496,69.29,20.00,on_bus,46.533114,15.665734
14303,G1,46.533162,15.665626,1769016496,86.06,10.00,on_bus,46.533114,15.665734
2000,G1,46.559589,15.656094,1769016496,88.45,10.00,waiting_at_station,46.533114,15.665734
2200,G1,46.540095,15.649698,1769016496,80.71,10.00,waiting_at_station,46.533114,15.665734
2201,G1,46.540181,15.649385,1769016496,80.61,10.00,waiting_at_station,46.533114,15.665734
2202,G1,46.540218,15.649069,1769016496,75.33,10.00,waiting_at_station,46.533114,15.665734
2300,G1,46.532403,15.666873,1769016496,48.33,35.00,waiting_at_station,46.533114,15.665734
2301,G1,46.532125,15.666778,1769016496,59.70,35.00,waiting_at_station,46.533114,15.665734
2302,G1,46.532592,15.667001,1769016496,81.67,10.00,waiting_at_station,46.533114,15.665734
2500,G1,46.530913,15.670016,1769016496,68.09,20.00,waiting_at_station,46.533114,15.665734
2501,G1,46.530972,15.670211,1769016496,82.19,10.00,waiting_at_station,46.533114,15.665734
2700,G1,46.554355,15.650695,1769016496,80.71,10.00,waiting_at_station,46.533114,15.665734
14300,G1,46.533082,15.665797,1769016496,99.55,5.00,on_bus,46.533066,15.665830
14301,G1,46.533086,15.666019,1769016496,89.03,10.00,on_bus,46.533066,15.665830
14302,G1,46.532976,15.665881,1769016496,59.27,35.00,on_bus,46.533066,15.665830
2600,G1,46.539805,15.648172,1769016496,95.61,5.00,waiting_at_station,46.533066,15.665830
2700,G1,46.554422,15.650664,1769016496,84.78,10.00,waiting_at_station,46.533066,15.665830
2701,G1,46.554073,15.650858,1769016496,65.86,20.00,waiting_at_station,46.533066,15.665830
14300,G1,46.533147,15.665807,1769016497,58.46,35.00,on_bus,46.533017,15.665927
14301,G1,46.532944,15.665676,1769016497,73.31,20.00,on_bus,46.533017,15.665927
14302,G1,46.533020,15.666029,1769016497,93.67,5.00,on_bus,46.533017,15.665927
2000,G1,46.559581,15.655935,1769016497,65.82,20.00,waiting_at_station,46.533017,15.665927
2100,G1,46.552856,15.650606,1769016497,69.66,20.00,waiting_at_station,46.533017,15.665927
2500,G1,46.530613,15.670070,1769016497,91.86,5.00,waiting_at_station,46.533017,15.665927
2501,G1,46.530762,15.669639,1769016497,90.59,5.00,waiting_at_station,46.533017,15.665927
14300,G1,46.532959,15.666104,1769016499,100.00,5.00,on_bus,46.532969,15.666023
14301,G1,46.532935,15.665853,1769016499,100.00,5.00,on_bus,46.532969,15.666023
14302,G1,46.532993,15.665960,1769016499,74.64,20.00,on_bus,46.532969,15.666023
14303,G1,46.533041,15.666042,1769016499,84.28,10.00,on_bus,46.532969,15.666023
2000,G1,46.559536,15.656006,1769016499,69.72,20.00,waiting_at_station,46.532969,15.666023
2001,G1,46.559418,15.656011,1769016499,88.04,10.00,waiting_at_station,46.532969,15.666023
2002,G1,46.559589,15.656070,1769016499,90.25,5.00,waiting_at_station,46.532969,15.666023
14400,G1,46.532935,15.665831,1769016498,80.54,10.00,on_bus,46.532921,15.666119
14401,G1,46.532943,15.665977,1769016498,95.33,5.00,on_bus,46.532921,15.666119
14402,G1,46.532812,15.666140,1769016498,100.00,5.00,on_bus,46.532921,15.666119
2700,G1,46.554164,15.650497,1769016498,74.63,20.00,waiting_at_station,46.532921,15.666119
2701,G1,46.554291,15.650483,1769016498,100.00,5.00,waiting_at_station,46.532921,15.666119
2702,G1,46.554404,15.651048,1769016498,76.30,10.00,waiting_at_station,46.532921,15.666119
2800,G1,46.558315,15.656299,1769016498,76.95,10.00,waiting_at_station,46.532921,15.666119
2801,G1,46.558491,15.655708,1769016498,83.86,10.00,waiting_at_station,46.532921,15.666119
14400,G1,46.532871,15.666231,1769016500,74.00,20.00,on_bus,46.532856,15.666240
14401,G1,46.532908,15.666243,1769016500,82.12,10.00,on_bus,46.532856,15.666240
14402,G1,46.532717,15.666272,1769016500,88.85,10.00,on_bus,46.532856,15.666240
14403,G1,46.532832,15.666211,1769016500,68.98,20.00,on_bus,46.532856,15.666240
14404,G1,46.533041,15.666238,1769016500,100.00,5.00,on_bus,46.532856,15.666240
2200,G1,46.540266,15.649395,1769016500,96.20,5.00,waiting_at_station,46.532856,15.666240
2400,G1,46.527423,15.684704,1769016500,72.81,20.00,waiting_at_station,46.532856,15.666240
2401,G1,46.527305,15.684355,1769016500,58.67,35.00,waiting_at_station,46.532856,15.666240
2600,G1,46.540115,15.648027,1769016500,80.45,10.00,waiting_at_station,46.532856,15.666240
2601,G1,46.539885,15.647823,1769016500,61.80,20.00,waiting_at_station,46.532856,15.666240
2602,G1,46.539710,15.648078,1769016500,76.99,10.00,waiting_at_station,46.532856,15.666240
14400,G1,46.532806,15.666537,1769016501,86.36,10.00,on_bus,46.532790,15.666361
14401,G1,46.532790,15.666462,1769016501,63.63,20.00,on_bus,46.532790,15.666361
14402,G1,46.532845,15.666376,1769016501,78.76,10.00,on_bus,46.532790,15.666361
2400,G1,46.527140,15.684145,1769016501,66.42,20.00,waiting_at_station,46.532790,15.666361
2401,G1,46.527534,15.684711,1769016501,96.37,5.00,waiting_at_station,46.532790,15.666361
14500,G1,46.532789,15.666469,1769016500,65.84,20.00,on_bus,46.532725,15.666482
14501,G1,46.532666,15.666470,1769016500,76.37,10.00,on_bus,46.532725,15.666482
2500,G1,46.531290,15.669954,1769016500,70.60,20.00,waiting_at_station,46.532725,15.666482
2501,G1,46.530879,15.670298,1769016500,83.85,10.00,waiting_at_station,46.532725,15.666482
2502,G1,46.530939,15.670271,1769016500,71.56,20.00,waiting_at_station,46.532725,15.666482
14500,G1,46.532632,15.666574,1769016501,79.44,10.00,on_bus,46.532677,15.666571
14501,G1,46.532609,15.666439,1769016501,70.93,20.00,on_bus,46.532677,15.666571
14502,G1,46.532648,15.666552,1769016501,77.00,10.00,on_bus,46.532677,15.666571
14503,G1,46.532558,15.666683,1769016501,76.75,10.00,on_bus,46.532677,15.666571
2200,G1,46.540137,15.649801,1769016501,89.26,10.00,waiting_at_station,46.532677,15.666571
2201,G1,46.540152,15.649992,1769016501,62.72,20.00,waiting_at_station,46.532677,15.666571
2202,G1,46.539852,15.649467,1769016501,91.77,5.00,waiting_at_station,46.532677,15.666571
2800,G1,46.558594,15.655614,1769016501,72.77,20.00,waiting_at_station,46.532677,15.666571
2801,G1,46.558702,15.656111,1769016501,91.41,5.00,waiting_at_station,46.532677,15.666571
14500,G1,46.532637,15.666563,1769016502,79.14,10.00,on_bus,46.532629,15.666661
14501,G1,46.532671,15.666566,1769016502,98.22,5.00,on_bus,46.532629,15.666661
2000,G1,46.559561,15.656181,1769016502,100.00,5.00,waiting_at_station,46.532629,15.666661
2200,G1,46.540293,15.649990,1769016502,48.22,35.00,waiting_at_station,46.532629,15.666661
14500,G1,46.532538,15.666860,1769016504,93.53,5.00,on_bus,46.532580,15.666751
14501,G1,46.532630,15.666473,1769016504,71.01,20.00,on_bus,46.532580,15.666751
2200,G1,46.540233,15.649479,1769016504,86.65,10.00,waiting_at_station,46.532580,15.666751
2500,G1,46.530218,15.670322,1769016504,87.21,10.00,waiting_at_station,46.532580,15.666751
14600,G1,46.532509,15.666684,1769016503,94.19,5.00,on_bus,46.532532,15.666840
14601,G1,46.532430,15.666679,1769016503,88.47,10.00,on_bus,46.532532,15.666840
2000,G1,46.559456,15.656317,1769016503,78.40,10.00,waiting_at_station,46.532532,15.666840
2001,G1,46.559438,15.656324,1769016503,63.50,20.00,waiting_at_station,46.532532,15.666840
2002,G1,46.559565,15.656023,1769016503,100.00,5.00,waiting_at_station,46.532532,15.666840
2100,G1,46.552665,15.650134,1769016503,59.39,35.00,waiting_at_station,46.532532,15.666840
2200,G1,46.540184,15.649406,1769016503,81.44,10.00,waiting_at_station,46.532532,15.666840
2201,G1,46.540351,15.650145,1769016503,53.88,35.00,waiting_at_station,46.532532,15.666840
2400,G1,46.527650,15.683557,1769016503,99.91,5.00,waiting_at_station,46.532532,15.666840
2401,G1,46.527362,15.684030,1769016503,62.04,20.00,waiting_at_station,46.532532,15.666840
2600,G1,46.539482,15.648328,1769016503,76.08,10.00,waiting_at_station,46.532532,15.666840
2601,G1,46.540250,15.648044,1769016503,69.04,20.00,waiting_at_station,46.532532,15.666840
2602,G1,46.539929,15.647846,1769016503,74.14,20.00,waiting_at_station,46.532532,15.666840
2800,G1,46.558426,15.655565,1769016503,68.81,20.00,waiting_at_station,46.532532,15.666840
2801,G1,46.558500,15.655846,1769016503,80.82,10.00,waiting_at_station,46.532532,15.666840
2802,G1,46.558563,15.655662,1769016503,54.80,35.00,waiting_at_station,46.532532,15.666840
14600,G1,46.532575,15.666891,1769016503,74.26,20.00,on_bus,46.532495,15.666909
14601,G1,46.532510,15.666921,1769016503,60.31,20.00,on_bus,46.532495,15.666909
2300,G1,46.532538,15.666350,1769016503,90.20,5.00,waiting_at_station,46.532495,15.666909
2301,G1,46.532915,15.667553,1769016503,91.48,5.00,waiting_at_station,46.532495,15.666909
2302,G1,46.532469,15.667018,1769016503,100.00,5.00,waiting_at_station,46.532495,15.666909
2600,G1,46.539747,15.648219,1769016503,78.09,10.00,waiting_at_station,46.532495,15.666909
2601,G1,46.539811,15.648296,1769016503,63.83,20.00,waiting_at_station,46.532495,15.666909
2602,G1,46.539697,15.648064,1769016503,71.70,20.00,waiting_at_station,46.532495,15.666909
14600,G1,46.532408,15.667001,1769016504,84.17,10.00,on_bus,46.532458,15.666977
14601,G1,46.532466,15.666916,1769016504,79.24,10.00,on_bus,46.532458,15.666977
2100,G1,46.552535,15.650003,1769016504,64.52,20.00,waiting_at_station,46.532458,15.666977
2101,G1,46.552482,15.651429,1769016504,67.62,20.00,waiting_at_station,46.532458,15.666977
2102,G1,46.552793,15.650118,1769016504,68.30,20.00,waiting_at_station,46.532458,15.666977
2200,G1,46.539836,15.649197,1769016504,81.44,10.00,waiting_at_station,46.532458,15.666977
2400,G1,46.527349,15.684389,1769016504,83.09,10.00,waiting_at_station,46.532458,15.666977
2700,G1,46.554273,15.650682,1769016504,65.87,20.00,waiting_at_station,46.532458,15.666977
2800,G1,46.558910,15.655754,1769016504,87.16,10.00,waiting_at_station,46.532458,15.666977
14600,G1,46.532403,15.667159,1769016505,59.71,35.00,on_bus,46.532422,15.667046
14601,G1,46.532454,15.666978,1769016505,72.37,20.00,on_bus,46.532422,15.667046
14602,G1,46.532426,15.667211,1769016505,81.40,10.00,on_bus,46.532422,15.667046
2100,G1,46.552665,15.650481,1769016505,70.33,20.00,waiting_at_station,46.532422,15.667046
2101,G1,46.552788,15.650277,1769016505,78.85,10.00,waiting_at_station,46.532422,15.667046
2200,G1,46.539845,15.649002,1769016505,77.01,10.00,waiting_at_station,46.532422,15.667046
2201,G1,46.540089,15.650544,1769016505,95.53,5.00,waiting_at_station,46.532422,15.667046
2202,G1,46.540148,15.650322,1769016505,81.78,10.00,waiting_at_station,46.532422,15.667046
2500,G1,46.530913,15.670225,1769016505,37.68,50.00,waiting_at_station,46.532422,15.667046
2501,G1,46.530883,15.670702,1769016505,67.51,20.00,waiting_at_station,46.532422,15.667046
2600,G1,46.539466,15.647790,1769016505,56.44,35.00,waiting_at_station,46.532422,15.667046
2601,G1,46.540087,15.647997,1769016505,79.24,10.00,waiting_at_station,46.532422,15.667046
14600,G1,46.532385,15.667291,1769016506,79.11,10.00,on_bus,46.532385,15.667114
14601,G1,46.532304,15.667218,1769016506,66.04,20.00,on_bus,46.532385,15.667114
14602,G1,46.532403,15.667194,1769016506,91.59,5.00,on_bus,46.532385,15.667114
14603,G1,46.532375,15.667127,1769016506,84.34,10.00,on_bus,46.532385,15.667114
14604,G1,46.532478,15.667108,1769016506,79.45,10.00,on_bus,46.532385,15.667114
2600,G1,46.539863,15.647876,1769016506,85.31,10.00,waiting_at_station,46.532385,15.667114
2700,G1,46.554184,15.650326,1769016506,84.77,10.00,waiting_at_station,46.532385,15.667114
14700,G1,46.532429,15.667214,1769016505,94.17,5.00,on_bus,46.532348,15.667183
14701,G1,46.532340,15.667203,1769016505,81.43,10.00,on_bus,46.532348,15.667183
2200,G1,46.540049,15.649756,1769016505,55.06,35.00,waiting_at_station,46.532348,15.667183
2300,G1,46.532364,15.666573,1769016505,38.64,50.00,waiting_at_station,46.532348,15.667183
2301,G1,46.532505,15.666912,1769016505,88.29,10.00,waiting_at_station,46.532348,15.667183
2302,G1,46.532996,15.667041,1769016505,65.20,20.00,waiting_at_station,46.532348,15.667183
2400,G1,46.527539,15.684295,1769016505,71.87,20.00,waiting_at_station,46.532348,15.667183
14700,G1,46.532290,15.667309,1769016505,75.13,10.00,on_bus,46.532305,15.667264
14701,G1,46.532230,15.667202,1769016505,68.89,20.00,on_bus,46.532305,15.667264
14702,G1,46.532209,15.667324,1769016505,90.51,5.00,on_bus,46.532305,15.667264
14703,G1,46.532388,15.667229,1769016505,76.29,10.00,on_bus,46.532305,15.667264
14704,G1,46.532373,15.667408,1769016505,70.65,20.00,on_bus,46.532305,15.667264
2200,G1,46.540309,15.649879,1769016505,71.16,20.00,waiting_at_station,46.532305,15.667264
14700,G1,46.532339,15.667285,1769016506,46.93,35.00,on_bus,46.532263,15.667344
14701,G1,46.532276,15.667485,1769016506,96.59,5.00,on_bus,46.532263,15.667344
14702,G1,46.532379,15.667280,1769016506,79.23,10.00,on_bus,46.532263,15.667344
14703,G1,46.532281,15.667340,1769016506,74.42,20.00,on_bus,46.532263,15.667344
14704,G1,46.532199,15.667246,1769016506,99.35,5.00,on_bus,46.532263,15.667344
14700,G1,46.532232,15.667502,1769016508,94.44,5.00,on_bus,46.532221,15.667425
14701,G1,46.532229,15.667372,1769016508,63.21,20.00,on_bus,46.532221,15.667425
14702,G1,46.532199,15.667522,1769016508,98.02,5.00,on_bus,46.532221,15.667425
14800,G1,46.532135,15.667473,1769016507,56.29,35.00,on_bus,46.532178,15.667506
14801,G1,46.532192,15.667462,1769016507,68.08,20.00,on_bus,46.532178,15.667506
2000,G1,46.559580,15.656065,1769016507,83.68,10.00,waiting_at_station,46.532178,15.667506
2200,G1,46.540114,15.649500,1769016507,83.52,10.00,waiting_at_station,46.532178,15.667506
2400,G1,46.527475,15.684662,1769016507,75.39,10.00,waiting_at_station,46.532178,15.667506
2401,G1,46.527181,15.684065,1769016507,67.72,20.00,waiting_at_station,46.532178,15.667506
14800,G1,46.532075,15.667475,1769016507,88.22,10.00,on_bus,46.532150,15.667533
14801,G1,46.532142,15.667564,1769016507,62.31,20.00,on_bus,46.532150,15.667533
14802,G1,46.532188,15.667451,1769016507,92.85,5.00,on_bus,46.532150,15.667533
14803,G1,46.532319,15.667493,1769016507,66.57,20.00,on_bus,46.532150,15.667533
14804,G1,46.532176,15.667556,1769016507,82.83,10.00,on_bus,46.532150,15.667533
14805,G1,46.532153,15.667517,1769016507,74.67,20.00,on_bus,46.532150,15.667533
2300,G1,46.532339,15.667058,1769016507,54.30,35.00,waiting_at_station,46.532150,15.667533
2301,G1,46.532307,15.666611,1769016507,92.27,5.00,waiting_at_station,46.532150,15.667533
2600,G1,46.539685,15.648391,1769016507,57.96,35.00,waiting_at_station,46.532150,15.667533
2800,G1,46.558666,15.655688,1769016507,68.40,20.00,waiting_at_station,46.532150,15.667533
2801,G1,46.559059,15.655427,1769016507,84.01,10.00,waiting_at_station,46.532150,15.667533
14800,G1,46.532044,15.667459,1769016507,89.89,10.00,on_bus,46.532122,15.667560
14801,G1,46.532196,15.667514,1769016507,83.32,10.00,on_bus,46.532122,15.667560
2200,G1,46.539902,15.649141,1769016507,100.00,5.00,waiting_at_station,46.532122,15.667560
2201,G1,46.539887,15.649005,1769016507,92.03,5.00,waiting_at_station,46.532122,15.667560
14800,G1,46.532092,15.667553,1769016508,99.05,5.00,on_bus,46.532094,15.667587
14801,G1,46.532034,15.667558,1769016508,47.23,35.00,on_bus,46.532094,15.667587
14802,G1,46.532161,15.667649,1769016508,74.73,20.00,on_bus,46.532094,15.667587
14803,G1,46.532019,15.667631,1769016508,74.66,20.00,on_bus,46.532094,15.667587
14804,G1,46.532034,15.667520,1769016508,93.97,5.00,on_bus,46.532094,15.667587
14805,G1,46.532142,15.667557,1769016508,64.97,20.00,on_bus,46.532094,15.667587
2200,G1,46.540314,15.650016,1769016508,78.45,10.00,waiting_at_station,46.532094,15.667587
2300,G1,46.532333,15.666826,1769016508,68.03,20.00,waiting_at_station,46.532094,15.667587
2301,G1,46.532601,15.666863,1769016508,90.89,5.00,waiting_at_station,46.532094,15.667587
2302,G1,46.532601,15.667521,1769016508,50.91,35.00,waiting_at_station,46.532094,15.667587
14800,G1,46.532060,15.667484,1769016508,76.23,10.00,on_bus,46.532067,15.667615
14801,G1,46.532107,15.667518,1769016508,100.00,5.00,on_bus,46.532067,15.667615
14802,G1,46.532006,15.667695,1769016508,75.15,10.00,on_bus,46.532067,15.667615
14803,G1,46.532058,15.667579,1769016508,82.66,10.00,on_bus,46.532067,15.667615
14804,G1,46.531985,15.667522,1769016508,97.27,5.00,on_bus,46.532067,15.667615
2300,G1,46.532579,15.666906,1769016508,69.37,20.00,waiting_at_station,46.532067,15.667615
2301,G1,46.532632,15.666263,1769016508,66.29,20.00,waiting_at_station,46.532067,15.667615
2800,G1,46.558719,15.655380,1769016508,80.08,10.00,waiting_at_station,46.532067,15.667615
2801,G1,46.558770,15.655857,1769016508,44.32,50.00,waiting_at_station,46.532067,15.667615
2802,G1,46.558335,15.655348,1769016508,74.57,20.00,waiting_at_station,46.532067,15.667615
14800,G1,46.532056,15.667772,1769016509,77.32,10.00,on_bus,46.532039,15.667642
14801,G1,46.532062,15.667528,1769016509,100.00,5.00,on_bus,46.532039,15.667642
14802,G1,46.531893,15.667616,1769016509,100.00,5.00,on_bus,46.532039,15.667642
14803,G1,46.532035,15.667595,1769016509,80.09,10.00,on_bus,46.532039,15.667642
14804,G1,46.532113,15.667461,1769016509,71.68,20.00,on_bus,46.532039,15.667642
14805,G1,46.532088,15.667698,1769016509,80.25,10.00,on_bus,46.532039,15.667642
2300,G1,46.532807,15.666508,1769016509,73.03,20.00,waiting_at_station,46.532039,15.667642
2301,G1,46.532525,15.666506,1769016509,61.77,20.00,waiting_at_station,46.532039,15.667642
2302,G1,46.531994,15.666681,1769016509,73.99,20.00,waiting_at_station,46.532039,15.667642
2500,G1,46.530921,15.669973,1769016509,75.97,10.00,waiting_at_station,46.532039,15.667642
2501,G1,46.530668,15.670328,1769016509,92.15,5.00,waiting_at_station,46.532039,15.667642
14900,G1,46.531977,15.667822,1769016508,76.11,10.00,on_bus,46.532011,15.667669
14901,G1,46.531958,15.667545,1769016508,73.73,20.00,on_bus,46.532011,15.667669
14902,G1,46.532013,15.667588,1769016508,93.67,5.00,on_bus,46.532011,15.667669
14903,G1,46.531966,15.667568,1769016508,84.97,10.00,on_bus,46.532011,15.667669
2000,G1,46.559676,15.655942,1769016508,66.57,20.00,waiting_at_station,46.532011,15.667669
2300,G1,46.532464,15.666638,1769016508,90.79,5.00,waiting_at_station,46.532011,15.667669
2301,G1,46.532718,15.666642,1769016508,74.90,20.00,waiting_at_station,46.532011,15.667669
2302,G1,46.532302,15.666968,1769016508,100.00,5.00,waiting_at_station,46.532011,15.667669
2500,G1,46.531260,15.670114,1769016508,64.96,20.00,waiting_at_station,46.532011,15.667669
2501,G1,46.530882,15.670185,1769016508,55.75,35.00,waiting_at_station,46.532011,15.667669
14900,G1,46.531835,15.667797,1769016510,54.25,35.00,on_bus,46.531909,15.667915
14901,G1,46.531887,15.667925,1769016510,50.39,35.00,on_bus,46.531909,15.667915
14902,G1,46.531957,15.668061,1769016510,89.01,10.00,on_bus,46.531909,15.667915
14903,G1,46.531929,15.667921,1769016510,82.67,10.00,on_bus,46.531909,15.667915
2200,G1,46.540203,15.649826,1769016510,99.21,5.00,waiting_at_station,46.531909,15.667915
2201,G1,46.540281,15.649818,1769016510,90.35,5.00,waiting_at_station,46.531909,15.667915
2202,G1,46.539938,15.649815,1769016510,78.48,10.00,waiting_at_station,46.531909,15.667915
2500,G1,46.530546,15.670271,1769016510,63.34,20.00,waiting_at_station,46.531909,15.667915
2501,G1,46.530975,15.670372,1769016510,76.62,10.00,waiting_at_station,46.531909,15.667915
2600,G1,46.539772,15.647914,1769016510,63.34,20.00,waiting_at_station,46.531909,15.667915
14900,G1,46.531780,15.668288,1769016513,71.84,20.00,on_bus,46.531806,15.668160
14901,G1,46.531815,15.668159,1769016513,74.75,20.00,on_bus,46.531806,15.668160
14902,G1,46.531826,15.668158,1769016513,86.83,10.00,on_bus,46.531806,15.668160
14903,G1,46.531915,15.668197,1769016513,82.14,10.00,on_bus,46.531806,15.668160
14904,G1,46.531801,15.668220,1769016513,96.19,5.00,on_bus,46.531806,15.668160
14905,G1,46.531851,15.668177,1769016513,42.29,50.00,on_bus,46.531806,15.668160
2400,G1,46.527433,15.684406,1769016513,79.85,10.00,waiting_at_station,46.531806,15.668160
2401,G1,46.527407,15.684397,1769016513,75.81,10.00,waiting_at_station,46.531806,15.668160
2402,G1,46.527450,15.684299,1769016513,93.14,5.00,waiting_at_station,46.531806,15.668160
2600,G1,46.539890,15.647959,1769016513,88.12,10.00,waiting_at_station,46.531806,15.668160
2601,G1,46.540116,15.647721,1769016513,53.24,35.00,waiting_at_station,46.531806,15.668160
15000,G1,46.531731,15.668374,1769016512,74.46,20.00,on_bus,46.531704,15.668406
15001,G1,46.531588,15.668301,1769016512,86.59,10.00,on_bus,46.531704,15.668406
15002,G1,46.531841,15.668339,1769016512,46.60,35.00,on_bus,46.531704,15.668406
15003,G1,46.531650,15.668263,1769016512,100.00,5.00,on_bus,46.531704,15.668406
15004,G1,46.531609,15.668346,1769016512,100.00,5.00,on_bus,46.531704,15.668406
15005,G1,46.531714,15.668400,1769016512,80.26,10.00,on_bus,46.531704,15.668406
2800,G1,46.558397,15.655432,1769016512,56.42,35.00,waiting_at_station,46.531704,15.668406
2801,G1,46.558527,15.655596,1769016512,83.91,10.00,waiting_at_station,46.531704,15.668406
15000,G1,46.531675,15.668528,1769016513,86.64,10.00,on_bus,46.531651,15.668506
15001,G1,46.531605,15.668569,1769016513,61.66,20.00,on_bus,46.531651,15.668506
2400,G1,46.527235,15.684713,1769016513,67.23,20.00,waiting_at_station,46.531651,15.668506
2401,G1,46.527339,15.684586,1769016513,64.42,20.00,waiting_at_station,46.531651,15.668506
2500,G1,46.530925,15.669786,1769016513,58.45,35.00,waiting_at_station,46.531651,15.668506
2501,G1,46.531426,15.669897,1769016513,46.27,35.00,waiting_at_station,46.531651,15.668506
2600,G1,46.539622,15.648172,1769016513,66.66,20.00,waiting_at_station,46.531651,15.668506
2601,G1,46.539888,15.648093,1769016513,56.49,35.00,waiting_at_station,46.531651,15.668506
2602,G1,46.540073,15.648365,1769016513,68.17,20.00,waiting_at_station,46.531651,15.668506
15000,G1,46.531598,15.668618,1769016514,74.16,20.00,on_bus,46.531598,15.668606
15001,G1,46.531395,15.668660,1769016514,89.86,10.00,on_bus,46.531598,15.668606
15002,G1,46.531521,15.668350,1769016514,66.05,20.00,on_bus,46.531598,15.668606
15003,G1,46.531658,15.668707,1769016514,73.64,20.00,on_bus,46.531598,15.668606
2100,G1,46.552746,15.650241,1769016514,70.52,20.00,waiting_at_station,46.531598,15.668606
2101,G1,46.552589,15.650353,1769016514,68.61,20.00,waiting_at_station,46.531598,15.668606
2300,G1,46.531825,15.666622,1769016514,65.71,20.00,waiting_at_station,46.531598,15.668606
2301,G1,46.532499,15.666609,1769016514,100.00,5.00,waiting_at_station,46.531598,15.668606
2400,G1,46.527426,15.684552,1769016514,72.57,20.00,waiting_at_station,46.531598,15.668606
15000,G1,46.531541,15.668500,1769016516,77.56,10.00,on_bus,46.531544,15.668707
15001,G1,46.531451,15.668764,1769016516,89.46,10.00,on_bus,46.531544,15.668707
15002,G1,46.531519,15.668694,1769016516,99.10,5.00,on_bus,46.531544,15.668707
15003,G1,46.531685,15.668759,1769016516,74.89,20.00,on_bus,46.531544,15.668707
2100,G1,46.552685,15.649752,1769016516,86.98,10.00,waiting_at_station,46.531544,15.668707
2200,G1,46.539713,15.649531,1769016516,70.15,20.00,waiting_at_station,46.531544,15.668707
2500,G1,46.530699,15.670062,1769016516,88.04,10.00,waiting_at_station,46.531544,15.668707
2600,G1,46.539896,15.647589,1769016516,100.00,5.00,waiting_at_station,46.531544,15.668707
2800,G1,46.558674,15.655716,1769016516,57.55,35.00,waiting_at_station,46.531544,15.668707
2801,G1,46.558208,15.655016,1769016516,84.92,10.00,waiting_at_station,46.531544,15.668707
15100,G1,46.531356,15.669026,1769016515,100.00,5.00,on_bus,46.531491,15.668807
15101,G1,46.531521,15.668757,1769016515,100.00,5.00,on_bus,46.531491,15.668807
15102,G1,46.531304,15.668421,1769016515,68.82,20.00,on_bus,46.531491,15.668807
15103,G1,46.531402,15.668889,1769016515,40.69,50.00,on_bus,46.531491,15.668807
15104,G1,46.531481,15.668862,1769016515,74.19,20.00,on_bus,46.531491,15.668807
15105,G1,46.531460,15.668791,1769016515,66.16,20.00,on_bus,46.531491,15.668807
2000,G1,46.559601,15.656045,1769016515,69.67,20.00,waiting_at_station,46.531491,15.668807
2001,G1,46.559087,15.655954,1769016515,70.74,20.00,waiting_at_station,46.531491,15.668807
15100,G1,46.531622,15.668787,1769016515,56.88,35.00,on_bus,46.531434,15.668912
15101,G1,46.531422,15.668871,1769016515,86.85,10.00,on_bus,46.531434,15.668912
15102,G1,46.531517,15.669221,1769016515,59.77,35.00,on_bus,46.531434,15.668912
15103,G1,46.531267,15.668808,1769016515,62.28,20.00,on_bus,46.531434,15.668912
2000,G1,46.559329,15.655802,1769016515,69.84,20.00,waiting_at_station,46.531434,15.668912
2001,G1,46.559518,15.656429,1769016515,65.05,20.00,waiting_at_station,46.531434,15.668912
2002,G1,46.559432,15.655757,1769016515,43.67,50.00,waiting_at_station,46.531434,15.668912
2200,G1,46.539971,15.650167,1769016515,78.57,10.00,waiting_at_station,46.531434,15.668912
2201,G1,46.540276,15.649792,1769016515,57.80,35.00,waiting_at_station,46.531434,15.668912
2400,G1,46.527231,15.684493,1769016515,79.28,10.00,waiting_at_station,46.531434,15.668912
2700,G1,46.554477,15.650102,1769016515,78.36,10.00,waiting_at_station,46.531434,15.668912
15100,G1,46.531496,15.668691,1769016517,93.54,5.00,on_bus,46.531377,15.669016
15101,G1,46.531402,15.669052,1769016517,83.00,10.00,on_bus,46.531377,15.669016
15102,G1,46.531416,15.669098,1769016517,84.28,10.00,on_bus,46.531377,15.669016
15103,G1,46.531231,15.668876,1769016517,59.98,35.00,on_bus,46.531377,15.669016
15104,G1,46.531355,15.669011,1769016517,88.17,10.00,on_bus,46.531377,15.669016
2200,G1,46.539988,15.650084,1769016517,67.35,20.00,waiting_at_station,46.531377,15.669016
2201,G1,46.539847,15.649015,1769016517,68.37,20.00,waiting_at_station,46.531377,15.669016
2202,G1,46.540084,15.649752,1769016517,100.00,5.00,waiting_at_station,46.531377,15.669016
2300,G1,46.532561,15.666835,1769016517,90.15,5.00,waiting_at_station,46.531377,15.669016
2800,G1,46.558666,15.655768,1769016517,85.37,10.00,waiting_at_station,46.531377,15.669016
15100,G1,46.531325,15.669129,1769016518,95.55,5.00,on_bus,46.531319,15.669121
15101,G1,46.531346,15.669252,1769016518,69.45,20.00,on_bus,46.531319,15.669121
15102,G1,46.531281,15.669117,1769016518,88.94,10.00,on_bus,46.531319,15.669121
2200,G1,46.540098,15.649940,1769016518,57.93,35.00,waiting_at_station,46.531319,15.669121
2201,G1,46.540245,15.649974,1769016518,86.24,10.00,waiting_at_station,46.531319,15.669121
2400,G1,46.527606,15.684694,1769016518,62.79,20.00,waiting_at_station,46.531319,15.669121
2401,G1,46.527165,15.684383,1769016518,58.10,35.00,waiting_at_station,46.531319,15.669121
2402,G1,46.527200,15.683980,1769016518,75.03,10.00,waiting_at_station,46.531319,15.669121
2500,G1,46.530776,15.670371,1769016518,49.38,35.00,waiting_at_station,46.531319,15.669121
2600,G1,46.539510,15.647934,1769016518,89.26,10.00,waiting_at_station,46.531319,15.669121
2601,G1,46.540042,15.648417,1769016518,79.83,10.00,waiting_at_station,46.531319,15.669121
2800,G1,46.558761,15.655622,1769016518,97.74,5.00,waiting_at_station,46.531319,15.669121
2801,G1,46.558443,15.655286,1769016518,75.34,10.00,waiting_at_station,46.531319,15.669121
2802,G1,46.558554,15.655662,1769016518,100.00,5.00,waiting_at_station,46.531319,15.669121
15200,G1,46.531009,15.669551,1769016518,69.26,20.00,on_bus,46.531262,15.669226
15201,G1,46.531230,15.669240,1769016518,80.10,10.00,on_bus,46.531262,15.669226
2000,G1,46.559705,15.656079,1769016518,76.71,10.00,waiting_at_station,46.531262,15.669226
2200,G1,46.540324,15.650171,1769016518,87.70,10.00,waiting_at_station,46.531262,15.669226
2300,G1,46.532506,15.666768,1769016518,75.76,10.00,waiting_at_station,46.531262,15.669226
2301,G1,46.532682,15.666798,1769016518,51.62,35.00,waiting_at_station,46.531262,15.669226
2302,G1,46.531974,15.666409,1769016518,75.58,10.00,waiting_at_station,46.531262,15.669226
2400,G1,46.527346,15.684281,1769016518,90.06,5.00,waiting_at_station,46.531262,15.669226
2401,G1,46.527403,15.684246,1769016518,67.38,20.00,waiting_at_station,46.531262,15.669226
2600,G1,46.539489,15.647636,1769016518,51.71,35.00,waiting_at_station,46.531262,15.669226
2601,G1,46.539724,15.647902,1769016518,40.21,50.00,waiting_at_station,46.531262,15.669226
15200,G1,46.531034,15.669140,1769016518,100.00,5.00,on_bus,46.531219,15.669303
15201,G1,46.531245,15.669336,1769016518,73.29,20.00,on_bus,46.531219,15.669303
15202,G1,46.531304,15.669151,1769016518,96.39,5.00,on_bus,46.531219,15.669303
2000,G1,46.559531,15.656024,1769016518,71.93,20.00,waiting_at_station,46.531219,15.669303
2001,G1,46.559528,15.655734,1769016518,76.56,10.00,waiting_at_station,46.531219,15.669303
2200,G1,46.540279,15.649974,1769016518,89.93,10.00,waiting_at_station,46.531219,15.669303
2300,G1,46.532578,15.667115,1769016518,84.76,10.00,waiting_at_station,46.531219,15.669303
2301,G1,46.532411,15.667043,1769016518,86.74,10.00,waiting_at_station,46.531219,15.669303
2302,G1,46.532341,15.666749,1769016518,59.97,35.00,waiting_at_station,46.531219,15.669303
2600,G1,46.539414,15.648125,1769016518,100.00,5.00,waiting_at_station,46.531219,15.669303
2601,G1,46.539945,15.648336,1769016518,93.83,5.00,waiting_at_station,46.531219,15.669303
2700,G1,46.554422,15.650583,1769016518,70.00,20.00,waiting_at_station,46.531219,15.669303
15200,G1,46.531128,15.669534,1769016519,76.36,10.00,on_bus,46.531176,15.669381
15201,G1,46.531151,15.669379,1769016519,92.72,5.00,on_bus,46.531176,15.669381
2400,G1,46.527425,15.684369,1769016519,68.32,20.00,waiting_at_station,46.531176,15.669381
2401,G1,46.527518,15.684468,1769016519,82.94,10.00,waiting_at_station,46.531176,15.669381
2402,G1,46.527390,15.684276,1769016519,100.00,5.00,waiting_at_station,46.531176,15.669381
2500,G1,46.530936,15.670109,1769016519,87.59,10.00,waiting_at_station,46.531176,15.669381
2501,G1,46.530876,15.669980,1769016519,47.03,35.00,waiting_at_station,46.531176,15.669381
2600,G1,46.539864,15.648113,1769016519,57.66,35.00,waiting_at_station,46.531176,15.669381
2601,G1,46.539801,15.647800,1769016519,74.10,20.00,waiting_at_station,46.531176,15.669381
15200,G1,46.531204,15.669415,1769016521,86.36,10.00,on_bus,46.531132,15.669459
15201,G1,46.531083,15.669379,1769016521,100.00,5.00,on_bus,46.531132,15.669459
2100,G1,46.552681,15.650173,1769016521,49.93,35.00,waiting_at_station,46.531132,15.669459
2101,G1,46.552768,15.650071,1769016521,82.41,10.00,waiting_at_station,46.531132,15.669459
2102,G1,46.552535,15.650546,1769016521,56.12,35.00,waiting_at_station,46.531132,15.669459
2200,G1,46.539615,15.649870,1769016521,83.14,10.00,waiting_at_station,46.531132,15.669459
2201,G1,46.540436,15.649634,1769016521,76.55,10.00,waiting_at_station,46.531132,15.669459
2202,G1,46.540009,15.650213,1769016521,71.37,20.00,waiting_at_station,46.531132,15.669459
2500,G1,46.530509,15.670020,1769016521,77.64,10.00,waiting_at_station,46.531132,15.669459
2800,G1,46.558742,15.655335,1769016521,74.22,20.00,waiting_at_station,46.531132,15.669459
2801,G1,46.558654,15.655793,1769016521,88.04,10.00,waiting_at_station,46.531132,15.669459
2802,G1,46.558754,15.655699,1769016521,70.82,20.00,waiting_at_station,46.531132,15.669459
15300,G1,46.531102,15.669663,1769016520,84.56,10.00,on_bus,46.531089,15.669536
15301,G1,46.531117,15.669354,1769016520,87.48,10.00,on_bus,46.531089,15.669536
15302,G1,46.531037,15.669484,1769016520,68.57,20.00,on_bus,46.531089,15.669536
15303,G1,46.531185,15.669450,1769016520,75.46,10.00,on_bus,46.531089,15.669536
15304,G1,46.531085,15.669572,1769016520,54.33,35.00,on_bus,46.531089,15.669536
15305,G1,46.530922,15.669429,1769016520,67.15,20.00,on_bus,46.531089,15.669536
2000,G1,46.559528,15.656063,1769016520,88.65,10.00,waiting_at_station,46.531089,15.669536
2001,G1,46.559303,15.655967,1769016520,73.60,20.00,waiting_at_station,46.531089,15.669536
2002,G1,46.559507,15.655962,1769016520,78.94,10.00,waiting_at_station,46.531089,15.669536
2500,G1,46.530750,15.670199,1769016520,63.28,20.00,waiting_at_station,46.531089,15.669536
2501,G1,46.530864,15.669657,1769016520,48.95,35.00,waiting_at_station,46.531089,15.669536
2502,G1,46.530759,15.670277,1769016520,76.24,10.00,waiting_at_station,46.531089,15.669536
2600,G1,46.539643,15.648717,1769016520,69.58,20.00,waiting_at_station,46.531089,15.669536
15300,G1,46.531060,15.669517,1769016520,56.49,35.00,on_bus,46.531052,15.669596
15301,G1,46.531005,15.669357,1769016520,100.00,5.00,on_bus,46.531052,15.669596
15302,G1,46.531091,15.669580,1769016520,65.51,20.00,on_bus,46.531052,15.669596
2600,G1,46.539763,15.647924,1769016520,100.00,5.00,waiting_at_station,46.531052,15.669596
15300,G1,46.531106,15.669620,1769016521,79.83,10.00,on_bus,46.531015,15.669655
15301,G1,46.531072,15.669583,1769016521,88.09,10.00,on_bus,46.531015,15.669655
15302,G1,46.530998,15.669691,1769016521,75.51,10.00,on_bus,46.531015,15.669655
15303,G1,46.531164,15.669559,1769016521,89.42,10.00,on_bus,46.531015,15.669655
2000,G1,46.559399,15.655809,1769016521,87.66,10.00,waiting_at_station,46.531015,15.669655
2001,G1,46.559645,15.656222,1769016521,70.93,20.00,waiting_at_station,46.531015,15.669655
2002,G1,46.559337,15.656023,1769016521,64.22,20.00,waiting_at_station,46.531015,15.669655
2200,G1,46.539928,15.649618,1769016521,84.40,10.00,waiting_at_station,46.531015,15.669655
2201,G1,46.540020,15.649596,1769016521,61.20,20.00,waiting_at_station,46.531015,15.669655
2202,G1,46.539759,15.649681,1769016521,85.79,10.00,waiting_at_station,46.531015,15.669655
2700,G1,46.554316,15.650351,1769016521,53.75,35.00,waiting_at_station,46.531015,15.669655
2701,G1,46.554365,15.650663,1769016521,90.80,5.00,waiting_at_station,46.531015,15.669655
2702,G1,46.554442,15.650429,1769016521,85.89,10.00,waiting_at_station,46.531015,15.669655
15300,G1,46.530990,15.669503,1769016521,99.45,5.00,on_bus,46.530978,15.669715
15301,G1,46.530921,15.669882,1769016521,100.00,5.00,on_bus,46.530978,15.669715
15302,G1,46.531093,15.669675,1769016521,88.42,10.00,on_bus,46.530978,15.669715
15303,G1,46.531014,15.669642,1769016521,83.26,10.00,on_bus,46.530978,15.669715
15304,G1,46.531063,15.669630,1769016521,85.51,10.00,on_bus,46.530978,15.669715
15305,G1,46.530895,15.669646,1769016521,71.51,20.00,on_bus,46.530978,15.669715
2400,G1,46.527601,15.684335,1769016521,57.49,35.00,waiting_at_station,46.530978,15.669715
2401,G1,46.527377,15.684062,1769016521,31.92,50.00,waiting_at_station,46.530978,15.669715
2402,G1,46.527348,15.684426,1769016521,100.00,5.00,waiting_at_station,46.530978,15.669715
2800,G1,46.558615,15.655420,1769016521,79.39,10.00,waiting_at_station,46.530978,15.669715
15300,G1,46.530854,15.669847,1769016523,96.91,5.00,on_bus,46.530941,15.669774
15301,G1,46.530983,15.669876,1769016523,69.87,20.00,on_bus,46.530941,15.669774
15302,G1,46.530989,15.669904,1769016523,82.54,10.00,on_bus,46.530941,15.669774
15303,G1,46.530915,15.669906,1769016523,86.64,10.00,on_bus,46.530941,15.669774
15304,G1,46.530994,15.669942,1769016523,79.42,10.00,on_bus,46.530941,15.669774
15305,G1,46.530940,15.669731,1769016523,88.71,10.00,on_bus,46.530941,15.669774
2400,G1,46.527463,15.684302,1769016523,56.96,35.00,waiting_at_station,46.530941,15.669774
2500,G1,46.530280,15.669146,1769016523,60.64,20.00,waiting_at_station,46.530941,15.669774
2501,G1,46.531166,15.669664,1769016523,98.67,5.00,waiting_at_station,46.530941,15.669774
2502,G1,46.530778,15.670095,1769016523,82.47,10.00,waiting_at_station,46.530941,15.669774
2600,G1,46.539884,15.648054,1769016523,66.38,20.00,waiting_at_station,46.530941,15.669774
2601,G1,46.539905,15.648130,1769016523,71.07,20.00,waiting_at_station,46.530941,15.669774
15400,G1,46.530849,15.669645,1769016522,65.09,20.00,on_bus,46.530904,15.669834
15401,G1,46.530906,15.669836,1769016522,92.89,5.00,on_bus,46.530904,15.669834
15402,G1,46.530877,15.669841,1769016522,100.00,5.00,on_bus,46.530904,15.669834
2000,G1,46.559498,15.655896,1769016522,93.86,5.00,waiting_at_station,46.530904,15.669834
2001,G1,46.559666,15.656089,1769016522,95.57,5.00,waiting_at_station,46.530904,15.669834
2600,G1,46.539846,15.648103,1769016522,55.70,35.00,waiting_at_station,46.530904,15.669834
2800,G1,46.558508,15.655692,1769016522,91.88,5.00,waiting_at_station,46.530904,15.669834
2801,G1,46.558648,15.655640,1769016522,91.02,5.00,waiting_at_station,46.530904,15.669834
15400,G1,46.530798,15.670002,1769016522,86.79,10.00,on_bus,46.530872,15.669886
15401,G1,46.530768,15.670060,1769016522,66.24,20.00,on_bus,46.530872,15.669886
15402,G1,46.530867,15.669795,1769016522,80.31,10.00,on_bus,46.530872,15.669886
15403,G1,46.530838,15.669871,1769016522,66.77,20.00,on_bus,46.530872,15.669886
15404,G1,46.530872,15.669809,1769016522,79.03,10.00,on_bus,46.530872,15.669886
15405,G1,46.530874,15.670012,1769016522,92.81,5.00,on_bus,46.530872,15.669886
2700,G1,46.554247,15.650248,1769016522,84.93,10.00,waiting_at_station,46.530872,15.669886
15400,G1,46.530837,15.669856,1769016522,100.00,5.00,on_bus,46.530840,15.669938
15401,G1,46.530802,15.669921,1769016522,39.11,50.00,on_bus,46.530840,15.669938
15402,G1,46.530876,15.669705,1769016522,80.65,10.00,on_bus,46.530840,15.669938
15403,G1,46.530898,15.669922,1769016522,76.88,10.00,on_bus,46.530840,15.669938
2600,G1,46.539874,15.648139,1769016522,69.03,20.00,waiting_at_station,46.530840,15.669938
2700,G1,46.554357,15.650511,1769016522,61.93,20.00,waiting_at_station,46.530840,15.669938
15400,G1,46.530794,15.670017,1769016523,95.25,5.00,on_bus,46.530807,15.669989
15401,G1,46.530688,15.670031,1769016523,81.02,10.00,on_bus,46.530807,15.669989
2000,G1,46.559525,15.656047,1769016523,100.00,5.00,waiting_at_station,46.530807,15.669989
2001,G1,46.559149,15.656056,1769016523,71.89,20.00,waiting_at_station,46.530807,15.669989
2500,G1,46.530996,15.670214,1769016523,75.01,10.00,waiting_at_station,46.530807,15.669989
2700,G1,46.554753,15.651273,1769016523,67.99,20.00,waiting_at_station,46.530807,15.669989
2701,G1,46.554296,15.650045,1769016523,51.30,35.00,waiting_at_station,46.530807,15.669989
15400,G1,46.530749,15.670091,1769016524,63.14,20.00,on_bus,46.530775,15.670041
15401,G1,46.530857,15.670232,1769016524,80.46,10.00,on_bus,46.530775,15.670041
2500,G1,46.530839,15.670162,1769016524,67.76,20.00,waiting_at_station,46.530775,15.670041
2501,G1,46.531028,15.670402,1769016524,72.12,20.00,waiting_at_station,46.530775,15.670041
15400,G1,46.530665,15.669939,1769016525,91.90,5.00,on_bus,46.530743,15.670093
15401,G1,46.530840,15.670206,1769016525,47.91,35.00,on_bus,46.530743,15.670093
15402,G1,46.530793,15.670071,1769016525,89.82,10.00,on_bus,46.530743,15.670093
15403,G1,46.530708,15.669953,1769016525,59.44,35.00,on_bus,46.530743,15.670093
2500,G1,46.530685,15.669970,1769016525,86.26,10.00,waiting_at_station,46.530743,15.670093
2700,G1,46.554427,15.651063,1769016525,94.63,5.00,waiting_at_station,46.530743,15.670093
2701,G1,46.554333,15.650346,1769016525,65.61,20.00,waiting_at_station,46.530743,15.670093
2702,G1,46.554189,15.650386,1769016525,85.22,10.00,waiting_at_station,46.530743,15.670093
15500,G1,46.530691,15.670071,1769016524,53.49,35.00,on_bus,46.530711,15.670145
15501,G1,46.530690,15.670198,1769016524,87.39,10.00,on_bus,46.530711,15.670145
15502,G1,46.530720,15.670196,1769016524,37.69,50.00,on_bus,46.530711,15.670145
15503,G1,46.530735,15.670204,1769016524,100.00,5.00,on_bus,46.530711,15.670145
2000,G1,46.559456,15.656029,1769016524,58.20,35.00,waiting_at_station,46.530711,15.670145
2001,G1,46.560115,15.655879,1769016524,50.54,35.00,waiting_at_station,46.530711,15.670145
2002,G1,46.559633,15.655897,1769016524,100.00,5.00,waiting_at_station,46.530711,15.670145
2100,G1,46.552769,15.650360,1769016524,86.16,10.00,waiting_at_station,46.530711,15.670145
2101,G1,46.552741,15.650225,1769016524,93.79,5.00,waiting_at_station,46.530711,15.670145
15500,G1,46.530681,15.670156,1769016524,83.89,10.00,on_bus,46.530668,15.670202
15501,G1,46.530667,15.670538,1769016524,91.77,5.00,on_bus,46.530668,15.670202
15502,G1,46.530669,15.670248,1769016524,74.82,20.00,on_bus,46.530668,15.670202
15503,G1,46.530679,15.670168,1769016524,57.15,35.00,on_bus,46.530668,15.670202
2200,G1,46.540388,15.649764,1769016524,68.53,20.00,waiting_at_station,46.530668,15.670202
2201,G1,46.539782,15.649521,1769016524,71.69,20.00,waiting_at_station,46.530668,15.670202
2300,G1,46.532531,15.666887,1769016524,81.83,10.00,waiting_at_station,46.530668,15.670202
2301,G1,46.532286,15.667467,1769016524,93.13,5.00,waiting_at_station,46.530668,15.670202
2302,G1,46.532433,15.666671,1769016524,81.14,10.00,waiting_at_station,46.530668,15.670202
2400,G1,46.527186,15.683950,1769016524,75.23,10.00,waiting_at_station,46.530668,15.670202
2401,G1,46.527754,15.685191,1769016524,70.82,20.00,waiting_at_station,46.530668,15.670202
2402,G1,46.527476,15.684335,1769016524,84.09,10.00,waiting_at_station,46.530668,15.670202
2700,G1,46.554577,15.650716,1769016524,73.04,20.00,waiting_at_station,46.530668,15.670202
15500,G1,46.530536,15.670215,1769016525,100.00,5.00,on_bus,46.530625,15.670260
15501,G1,46.530588,15.670245,1769016525,78.51,10.00,on_bus,46.530625,15.670260
15502,G1,46.530598,15.670242,1769016525,92.88,5.00,on_bus,46.530625,15.670260
15503,G1,46.530667,15.670189,1769016525,81.64,10.00,on_bus,46.530625,15.670260
2000,G1,46.559707,15.655751,1769016525,58.50,35.00,waiting_at_station,46.530625,15.670260
2200,G1,46.539914,15.649748,1769016525,73.50,20.00,waiting_at_station,46.530625,15.670260
2800,G1,46.558618,15.655422,1769016525,88.30,10.00,waiting_at_station,46.530625,15.670260
2801,G1,46.558498,15.655772,1769016525,66.44,20.00,waiting_at_station,46.530625,15.670260
2802,G1,46.559012,15.655617,1769016525,46.25,35.00,waiting_at_station,46.530625,15.670260
15500,G1,46.530666,15.670200,1769016526,94.01,5.00,on_bus,46.530582,15.670317
15501,G1,46.530558,15.670355,1769016526,100.00,5.00,on_bus,46.530582,15.670317
15502,G1,46.530566,15.670330,1769016526,74.78,20.00,on_bus,46.530582,15.670317
15503,G1,46.530601,15.670390,1769016526,75.73,10.00,on_bus,46.530582,15.670317
2600,G1,46.539810,15.647948,1769016526,71.01,20.00,waiting_at_station,46.530582,15.670317
2601,G1,46.539654,15.648696,1769016526,56.87,35.00,waiting_at_station,46.530582,15.670317
2602,G1,46.540279,15.648367,1769016526,73.21,20.00,waiting_at_station,46.530582,15.670317
2800,G1,46.558517,15.655769,1769016526,71.06,20.00,waiting_at_station,46.530582,15.670317
2801,G1,46.558746,15.655870,1769016526,93.19,5.00,waiting_at_station,46.530582,15.670317
2802,G1,46.558348,15.656297,1769016526,93.74,5.00,waiting_at_station,46.530582,15.670317
15500,G1,46.530580,15.670493,1769016527,63.51,20.00,on_bus,46.530539,15.670375
15501,G1,46.530669,15.670310,1769016527,89.62,10.00,on_bus,46.530539,15.670375
2000,G1,46.559539,15.656182,1769016527,88.12,10.00,waiting_at_station,46.530539,15.670375
2400,G1,46.527425,15.684263,1769016527,92.60,5.00,waiting_at_station,46.530539,15.670375
2401,G1,46.527350,15.684435,1769016527,82.29,10.00,waiting_at_station,46.530539,15.670375
2800,G1,46.558576,15.655710,1769016527,85.30,10.00,waiting_at_station,46.530539,15.670375
2801,G1,46.558672,15.655732,1769016527,85.06,10.00,waiting_at_station,46.530539,15.670375
15600,G1,46.530330,15.670394,1769016526,71.50,20.00,on_bus,46.530496,15.670432
15601,G1,46.530435,15.670351,1769016526,72.65,20.00,on_bus,46.530496,15.670432
15602,G1,46.530488,15.670543,1769016526,75.21,10.00,on_bus,46.530496,15.670432
15603,G1,46.530578,15.670478,1769016526,97.28,5.00,on_bus,46.530496,15.670432
15604,G1,46.530373,15.670658,1769016526,82.39,10.00,on_bus,46.530496,15.670432
15605,G1,46.530486,15.670525,1769016526,62.50,20.00,on_bus,46.530496,15.670432
2200,G1,46.539559,15.649171,1769016526,93.05,5.00,waiting_at_station,46.530496,15.670432
2300,G1,46.532542,15.667231,1769016526,71.58,20.00,waiting_at_station,46.530496,15.670432
2301,G1,46.532268,15.666579,1769016526,65.89,20.00,waiting_at_station,46.530496,15.670432
2302,G1,46.532533,15.666842,1769016526,88.34,10.00,waiting_at_station,46.530496,15.670432
2700,G1,46.554348,15.650601,1769016526,71.05,20.00,waiting_at_station,46.530496,15.670432
2701,G1,46.554458,15.650584,1769016526,65.85,20.00,waiting_at_station,46.530496,15.670432
2702,G1,46.554624,15.650472,1769016526,77.00,10.00,waiting_at_station,46.530496,15.670432
15600,G1,46.530412,15.670486,1769016526,77.99,10.00,on_bus,46.530448,15.670487
15601,G1,46.530480,15.670480,1769016526,90.85,5.00,on_bus,46.530448,15.670487
2600,G1,46.539873,15.648234,1769016526,66.80,20.00,waiting_at_station,46.530448,15.670487
2700,G1,46.554247,15.650658,1769016526,76.19,10.00,waiting_at_station,46.530448,15.670487
2701,G1,46.554298,15.650239,1769016526,76.09,10.00,waiting_at_station,46.530448,15.670487
15600,G1,46.530428,15.670657,1769016527,91.62,5.00,on_bus,46.530401,15.670542
15601,G1,46.530407,15.670507,1769016527,95.02,5.00,on_bus,46.530401,15.670542
15602,G1,46.530458,15.670479,1769016527,97.10,5.00,on_bus,46.530401,15.670542
15603,G1,46.530483,15.670072,1769016527,76.14,10.00,on_bus,46.530401,15.670542
2100,G1,46.552701,15.650418,1769016527,85.97,10.00,waiting_at_station,46.530401,15.670542
2101,G1,46.552545,15.650126,1769016527,80.50,10.00,waiting_at_station,46.530401,15.670542
2300,G1,46.532492,15.666831,1769016527,100.00,5.00,waiting_at_station,46.530401,15.670542
2301,G1,46.532507,15.666673,1769016527,74.23,20.00,waiting_at_station,46.530401,15.670542
2302,G1,46.532331,15.666477,1769016527,100.00,5.00,waiting_at_station,46.530401,15.670542
2400,G1,46.527269,15.683900,1769016527,95.71,5.00,waiting_at_station,46.530401,15.670542
2401,G1,46.527461,15.683983,1769016527,87.29,10.00,waiting_at_station,46.530401,15.670542
2402,G1,46.527343,15.684323,1769016527,73.40,20.00,waiting_at_station,46.530401,15.670542
2700,G1,46.554424,15.650785,1769016527,80.37,10.00,waiting_at_station,46.530401,15.670542
2701,G1,46.554708,15.650554,1769016527,65.13,20.00,waiting_at_station,46.530401,15.670542
2702,G1,46.554402,15.650662,1769016527,86.29,10.00,waiting_at_station,46.530401,15.670542
2800,G1,46.558495,15.655451,1769016527,57.95,35.00,waiting_at_station,46.530401,15.670542
2801,G1,46.558934,15.655634,1769016527,100.00,5.00,waiting_at_station,46.530401,15.670542
2802,G1,46.558534,15.656010,1769016527,96.10,5.00,waiting_at_station,46.530401,15.670542
15600,G1,46.530322,15.670573,1769016528,88.12,10.00,on_bus,46.530353,15.670598
15601,G1,46.530433,15.670561,1769016528,59.70,35.00,on_bus,46.530353,15.670598
15602,G1,46.530410,15.670653,1769016528,68.94,20.00,on_bus,46.530353,15.670598
15603,G1,46.530351,15.670576,1769016528,84.11,10.00,on_bus,46.530353,15.670598
2100,G1,46.552870,15.650408,1769016528,66.16,20.00,waiting_at_station,46.530353,15.670598
2101,G1,46.552533,15.650169,1769016528,51.40,35.00,waiting_at_station,46.530353,15.670598
2102,G1,46.552708,15.650344,1769016528,77.88,10.00,waiting_at_station,46.530353,15.670598
2700,G1,46.554687,15.650547,1769016528,53.77,35.00,waiting_at_station,46.530353,15.670598
2701,G1,46.554147,15.650943,1769016528,86.35,10.00,waiting_at_station,46.530353,15.670598
2702,G1,46.554525,15.650414,1769016528,96.81,5.00,waiting_at_station,46.530353,15.670598
15600,G1,46.530268,15.670550,1769016529,58.07,35.00,on_bus,46.530306,15.670653
15601,G1,46.530281,15.670410,1769016529,92.76,5.00,on_bus,46.530306,15.670653
15602,G1,46.530328,15.670489,1769016529,88.17,10.00,on_bus,46.530306,15.670653
2000,G1,46.559881,15.655490,1769016529,76.23,10.00,waiting_at_station,46.530306,15.670653
2001,G1,46.559328,15.656387,1769016529,67.70,20.00,waiting_at_station,46.530306,15.670653
2200,G1,46.540224,15.649309,1769016529,72.29,20.00,waiting_at_station,46.530306,15.670653
2201,G1,46.540014,15.650299,1769016529,90.89,5.00,waiting_at_station,46.530306,15.670653
2202,G1,46.539925,15.649880,1769016529,68.30,20.00,waiting_at_station,46.530306,15.670653
2600,G1,46.539907,15.647924,1769016529,64.91,20.00,waiting_at_station,46.530306,15.670653
2601,G1,46.539993,15.648189,1769016529,61.57,20.00,waiting_at_station,46.530306,15.670653
2602,G1,46.539806,15.648248,1769016529,72.17,20.00,waiting_at_station,46.530306,15.670653
15700,G1,46.530160,15.670805,1769016528,97.14,5.00,on_bus,46.530258,15.670708
15701,G1,46.530186,15.670647,1769016528,84.85,10.00,on_bus,46.530258,15.670708
2300,G1,46.532676,15.667298,1769016528,88.09,10.00,waiting_at_station,46.530258,15.670708
2700,G1,46.554409,15.650559,1769016528,56.01,35.00,waiting_at_station,46.530258,15.670708
15700,G1,46.530162,15.670627,1769016528,82.05,10.00,on_bus,46.530200,15.670774
15701,G1,46.530135,15.670979,1769016528,63.86,20.00,on_bus,46.530200,15.670774
15702,G1,46.530178,15.670833,1769016528,44.24,50.00,on_bus,46.530200,15.670774
15703,G1,46.530228,15.670790,1769016528,82.68,10.00,on_bus,46.530200,15.670774
15704,G1,46.530141,15.670730,1769016528,79.19,10.00,on_bus,46.530200,15.670774
15705,G1,46.530153,15.670862,1769016528,71.93,20.00,on_bus,46.530200,15.670774
15700,G1,46.530223,15.671142,1769016530,80.12,10.00,on_bus,46.530141,15.670841
15701,G1,46.530180,15.670883,1769016530,95.28,5.00,on_bus,46.530141,15.670841
2000,G1,46.559456,15.655536,1769016530,80.94,10.00,waiting_at_station,46.530141,15.670841
2600,G1,46.539761,15.647898,1769016530,88.55,10.00,waiting_at_station,46.530141,15.670841
2601,G1,46.539833,15.647774,1769016530,64.01,20.00,waiting_at_station,46.530141,15.670841
2602,G1,46.539748,15.648008,1769016530,70.62,20.00,waiting_at_station,46.530141,15.670841
2700,G1,46.554315,15.650221,1769016530,75.90,10.00,waiting_at_station,46.530141,15.670841
2701,G1,46.554274,15.650379,1769016530,82.90,10.00,waiting_at_station,46.530141,15.670841
15700,G1,46.530129,15.670856,1769016531,79.62,10.00,on_bus,46.530082,15.670907
15701,G1,46.530111,15.670931,1769016531,84.69,10.00,on_bus,46.530082,15.670907
15702,G1,46.529885,15.671067,1769016531,56.84,35.00,on_bus,46.530082,15.670907
15703,G1,46.530096,15.670898,1769016531,100.00,5.00,on_bus,46.530082,15.670907
2200,G1,46.540017,15.649583,1769016531,72.97,20.00,waiting_at_station,46.530082,15.670907
2400,G1,46.527744,15.684508,1769016531,53.82,35.00,waiting_at_station,46.530082,15.670907
2401,G1,46.527363,15.684070,1769016531,89.81,10.00,waiting_at_station,46.530082,15.670907
2402,G1,46.527865,15.684345,1769016531,89.73,10.00,waiting_at_station,46.530082,15.670907
2600,G1,46.539860,15.648075,1769016531,61.05,20.00,waiting_at_station,46.530082,15.670907
2700,G1,46.554307,15.650662,1769016531,71.37,20.00,waiting_at_station,46.530082,15.670907
2701,G1,46.554246,15.651150,1769016531,52.24,35.00,waiting_at_station,46.530082,15.670907
15800,G1,46.530099,15.671074,1769016530,88.81,10.00,on_bus,46.530024,15.670973
15801,G1,46.529913,15.670858,1769016530,100.00,5.00,on_bus,46.530024,15.670973
15802,G1,46.530058,15.670983,1769016530,88.68,10.00,on_bus,46.530024,15.670973
15803,G1,46.530031,15.670940,1769016530,71.62,20.00,on_bus,46.530024,15.670973
2300,G1,46.532671,15.667058,1769016530,83.66,10.00,waiting_at_station,46.530024,15.670973
2301,G1,46.532281,15.666863,1769016530,53.87,35.00,waiting_at_station,46.530024,15.670973
2400,G1,46.527538,15.684402,1769016530,83.41,10.00,waiting_at_station,46.530024,15.670973
2401,G1,46.527421,15.684473,1769016530,61.12,20.00,waiting_at_station,46.530024,15.670973
2402,G1,46.527510,15.683733,1769016530,62.86,20.00,waiting_at_station,46.530024,15.670973
15800,G1,46.530032,15.671037,1769016530,69.33,20.00,on_bus,46.529975,15.671028
15801,G1,46.529965,15.671026,1769016530,65.55,20.00,on_bus,46.529975,15.671028
2000,G1,46.559422,15.655819,1769016530,83.88,10.00,waiting_at_station,46.529975,15.671028
2001,G1,46.559579,15.655916,1769016530,61.13,20.00,waiting_at_station,46.529975,15.671028
2002,G1,46.559599,15.655979,1769016530,54.01,35.00,waiting_at_station,46.529975,15.671028
2100,G1,46.552490,15.649578,1769016530,77.00,10.00,waiting_at_station,46.529975,15.671028
2101,G1,46.552719,15.650204,1769016530,52.71,35.00,waiting_at_station,46.529975,15.671028
2102,G1,46.552624,15.650409,1769016530,64.03,20.00,waiting_at_station,46.529975,15.671028
2300,G1,46.532512,15.667007,1769016530,72.08,20.00,waiting_at_station,46.529975,15.671028
2400,G1,46.527746,15.684468,1769016530,69.86,20.00,waiting_at_station,46.529975,15.671028
2401,G1,46.527376,15.684389,1769016530,85.16,10.00,waiting_at_station,46.529975,15.671028
2402,G1,46.527523,15.684248,1769016530,83.00,10.00,waiting_at_station,46.529975,15.671028
2800,G1,46.558646,15.655198,1769016530,51.90,35.00,waiting_at_station,46.529975,15.671028
2801,G1,46.559278,15.656108,1769016530,95.17,5.00,waiting_at_station,46.529975,15.671028
2802,G1,46.558841,15.655834,1769016530,61.76,20.00,waiting_at_station,46.529975,15.671028
15800,G1,46.529806,15.671019,1769016532,69.48,20.00,on_bus,46.529927,15.671083
15801,G1,46.529944,15.671086,1769016532,72.56,20.00,on_bus,46.529927,15.671083
15802,G1,46.529935,15.671130,1769016532,65.70,20.00,on_bus,46.529927,15.671083
15803,G1,46.529751,15.671113,1769016532,92.49,5.00,on_bus,46.529927,15.671083
15804,G1,46.529943,15.671084,1769016532,78.12,10.00,on_bus,46.529927,15.671083
15805,G1,46.529923,15.671127,1769016532,100.00,5.00,on_bus,46.529927,15.671083
2700,G1,46.554290,15.650598,1769016532,85.86,10.00,waiting_at_station,46.529927,15.671083
15800,G1,46.529973,15.671011,1769016532,93.09,5.00,on_bus,46.529878,15.671137
15801,G1,46.529825,15.670810,1769016532,84.00,10.00,on_bus,46.529878,15.671137
15802,G1,46.529922,15.671127,1769016532,100.00,5.00,on_bus,46.529878,15.671137
15803,G1,46.529832,15.671110,1769016532,86.10,10.00,on_bus,46.529878,15.671137
2000,G1,46.559548,15.656009,1769016532,61.36,20.00,waiting_at_station,46.529878,15.671137
2100,G1,46.552676,15.650337,1769016532,56.55,35.00,waiting_at_station,46.529878,15.671137
2600,G1,46.539973,15.647789,1769016532,82.34,10.00,waiting_at_station,46.529878,15.671137
2601,G1,46.539926,15.648353,1769016532,84.91,10.00,waiting_at_station,46.529878,15.671137
2800,G1,46.558153,15.656452,1769016532,63.30,20.00,waiting_at_station,46.529878,15.671137
2801,G1,46.558542,15.655825,1769016532,74.27,20.00,waiting_at_station,46.529878,15.671137
15800,G1,46.529875,15.671095,1769016533,77.08,10.00,on_bus,46.529830,15.671192
15801,G1,46.529866,15.671243,1769016533,83.55,10.00,on_bus,46.529830,15.671192
15802,G1,46.529800,15.671271,1769016533,100.00,5.00,on_bus,46.529830,15.671192
15803,G1,46.529816,15.671020,1769016533,89.73,10.00,on_bus,46.529830,15.671192
15804,G1,46.529858,15.671232,1769016533,93.55,5.00,on_bus,46.529830,15.671192
2200,G1,46.539902,15.650016,1769016533,78.54,10.00,waiting_at_station,46.529830,15.671192
2300,G1,46.532331,15.667034,1769016533,93.63,5.00,waiting_at_station,46.529830,15.671192
2301,G1,46.532446,15.666460,1769016533,83.54,10.00,waiting_at_station,46.529830,15.671192
2600,G1,46.539893,15.648020,1769016533,78.71,10.00,waiting_at_station,46.529830,15.671192
2700,G1,46.554530,15.650577,1769016533,90.69,5.00,waiting_at_station,46.529830,15.671192
2701,G1,46.554557,15.649740,1769016533,100.00,5.00,waiting_at_station,46.529830,15.671192
15900,G1,46.529767,15.671235,1769016532,97.42,5.00,on_bus,46.529781,15.671247
15901,G1,46.529749,15.671251,1769016532,95.41,5.00,on_bus,46.529781,15.671247
2000,G1,46.559252,15.655995,1769016532,88.93,10.00,waiting_at_station,46.529781,15.671247
2100,G1,46.552779,15.650373,1769016532,72.46,20.00,waiting_at_station,46.529781,15.671247
2101,G1,46.552572,15.650060,1769016532,89.78,10.00,waiting_at_station,46.529781,15.671247
2102,G1,46.552829,15.650177,1769016532,84.16,10.00,waiting_at_station,46.529781,15.671247
15900,G1,46.529672,15.671358,1769016533,91.84,5.00,on_bus,46.529704,15.671333
15901,G1,46.529608,15.671078,1769016533,75.30,10.00,on_bus,46.529704,15.671333
15902,G1,46.529765,15.671308,1769016533,58.04,35.00,on_bus,46.529704,15.671333
2000,G1,46.559570,15.655754,1769016533,82.27,10.00,waiting_at_station,46.529704,15.671333
2001,G1,46.559440,15.656088,1769016533,78.18,10.00,waiting_at_station,46.529704,15.671333
2100,G1,46.552943,15.650057,1769016533,96.07,5.00,waiting_at_station,46.529704,15.671333
2101,G1,46.552854,15.650469,1769016533,51.23,35.00,waiting_at_station,46.529704,15.671333
2102,G1,46.552595,15.649883,1769016533,88.92,10.00,waiting_at_station,46.529704,15.671333
15900,G1,46.529650,15.671446,1769016534,83.93,10.00,on_bus,46.529628,15.671420
15901,G1,46.529538,15.671238,1769016534,76.37,10.00,on_bus,46.529628,15.671420
15902,G1,46.529614,15.671403,1769016534,54.21,35.00,on_bus,46.529628,15.671420
15903,G1,46.529616,15.671399,1769016534,81.08,10.00,on_bus,46.529628,15.671420
15904,G1,46.529570,15.671494,1769016534,58.87,35.00,on_bus,46.529628,15.671420
2200,G1,46.539920,15.649388,1769016534,43.61,50.00,waiting_at_station,46.529628,15.671420
2201,G1,46.540154,15.649788,1769016534,91.47,5.00,waiting_at_station,46.529628,15.671420
2202,G1,46.540317,15.650179,1769016534,64.84,20.00,waiting_at_station,46.529628,15.671420
2400,G1,46.527396,15.684421,1769016534,68.48,20.00,waiting_at_station,46.529628,15.671420
2401,G1,46.527260,15.684535,1769016534,61.05,20.00,waiting_at_station,46.529628,15.671420
2700,G1,46.554300,15.650531,1769016534,96.29,5.00,waiting_at_station,46.529628,15.671420
2701,G1,46.554430,15.650455,1769016534,77.07,10.00,waiting_at_station,46.529628,15.671420
16000,G1,46.529523,15.671520,1769016534,83.52,10.00,on_bus,46.529551,15.671506
16001,G1,46.529568,15.671511,1769016534,88.20,10.00,on_bus,46.529551,15.671506
16002,G1,46.529561,15.671295,1769016534,88.72,10.00,on_bus,46.529551,15.671506
16003,G1,46.529631,15.671411,1769016534,100.00,5.00,on_bus,46.529551,15.671506
16004,G1,46.529598,15.671470,1769016534,86.02,10.00,on_bus,46.529551,15.671506
2000,G1,46.559443,15.656015,1769016534,63.38,20.00,waiting_at_station,46.529551,15.671506
2001,G1,46.559502,15.656068,1769016534,62.58,20.00,waiting_at_station,46.529551,15.671506
2400,G1,46.527353,15.684490,1769016534,61.20,20.00,waiting_at_station,46.529551,15.671506
2401,G1,46.527855,15.684832,1769016534,100.00,5.00,waiting_at_station,46.529551,15.671506
2402,G1,46.527205,15.684317,1769016534,93.40,5.00,waiting_at_station,46.529551,15.671506
2600,G1,46.540058,15.647980,1769016534,48.05,35.00,waiting_at_station,46.529551,15.671506
2601,G1,46.539134,15.648060,1769016534,59.41,35.00,waiting_at_station,46.529551,15.671506
2700,G1,46.554062,15.651034,1769016534,73.51,20.00,waiting_at_station,46.529551,15.671506
2701,G1,46.554336,15.650519,1769016534,68.21,20.00,waiting_at_station,46.529551,15.671506
2702,G1,46.554771,15.650513,1769016534,77.47,10.00,waiting_at_station,46.529551,15.671506
16000,G1,46.529418,15.671725,1769016535,83.20,10.00,on_bus,46.529491,15.671569
16001,G1,46.529552,15.671630,1769016535,68.61,20.00,on_bus,46.529491,15.671569
16002,G1,46.529522,15.671398,1769016535,71.79,20.00,on_bus,46.529491,15.671569
16003,G1,46.529411,15.671496,1769016535,73.24,20.00,on_bus,46.529491,15.671569
16004,G1,46.529633,15.671536,1769016535,74.13,20.00,on_bus,46.529491,15.671569
16005,G1,46.529372,15.671507,1769016535,100.00,5.00,on_bus,46.529491,15.671569
2200,G1,46.540094,15.650658,1769016535,100.00,5.00,waiting_at_station,46.529491,15.671569
2300,G1,46.532677,15.667447,1769016535,71.07,20.00,waiting_at_station,46.529491,15.671569
2301,G1,46.532582,15.667182,1769016535,49.85,35.00,waiting_at_station,46.529491,15.671569
2500,G1,46.530948,15.670688,1769016535,100.00,5.00,waiting_at_station,46.529491,15.671569
2501,G1,46.530662,15.670037,1769016535,100.00,5.00,waiting_at_station,46.529491,15.671569
2502,G1,46.530760,15.670250,1769016535,59.71,35.00,waiting_at_station,46.529491,15.671569
2800,G1,46.558744,15.655697,1769016535,96.57,5.00,waiting_at_station,46.529491,15.671569
2801,G1,46.558260,15.655660,1769016535,69.50,20.00,waiting_at_station,46.529491,15.671569
16000,G1,46.529316,15.671623,1769016536,86.05,10.00,on_bus,46.529431,15.671632
16001,G1,46.529627,15.671515,1769016536,97.08,5.00,on_bus,46.529431,15.671632
16002,G1,46.529542,15.671802,1769016536,59.39,35.00,on_bus,46.529431,15.671632
16003,G1,46.529368,15.671553,1769016536,74.51,20.00,on_bus,46.529431,15.671632
16004,G1,46.529558,15.671712,1769016536,90.03,5.00,on_bus,46.529431,15.671632
16005,G1,46.529373,15.671527,1769016536,54.01,35.00,on_bus,46.529431,15.671632
16000,G1,46.529487,15.671604,1769016538,95.18,5.00,on_bus,46.529371,15.671694
16001,G1,46.529426,15.671693,1769016538,69.19,20.00,on_bus,46.529371,15.671694
16002,G1,46.529402,15.671716,1769016538,77.18,10.00,on_bus,46.529371,15.671694
16003,G1,46.529376,15.671607,1769016538,92.67,5.00,on_bus,46.529371,15.671694
16004,G1,46.529283,15.671686,1769016538,88.92,10.00,on_bus,46.529371,15.671694
2000,G1,46.559694,15.655801,1769016538,72.69,20.00,waiting_at_station,46.529371,15.671694
2001,G1,46.559696,15.656050,1769016538,71.51,20.00,waiting_at_station,46.529371,15.671694
2002,G1,46.559597,15.656566,1769016538,98.06,5.00,waiting_at_station,46.529371,15.671694
2200,G1,46.540020,15.649647,1769016538,74.31,20.00,waiting_at_station,46.529371,15.671694
2201,G1,46.540165,15.649893,1769016538,93.09,5.00,waiting_at_station,46.529371,15.671694
2700,G1,46.554148,15.650241,1769016538,98.25,5.00,waiting_at_station,46.529371,15.671694
2701,G1,46.554640,15.650139,1769016538,62.39,20.00,waiting_at_station,46.529371,15.671694
2702,G1,46.554248,15.650604,1769016538,72.56,20.00,waiting_at_station,46.529371,15.671694
16100,G1,46.529275,15.671920,1769016537,85.25,10.00,on_bus,46.529311,15.671757
16101,G1,46.529280,15.671735,1769016537,86.83,10.00,on_bus,46.529311,15.671757
16102,G1,46.529308,15.671754,1769016537,100.00,5.00,on_bus,46.529311,15.671757
16103,G1,46.529231,15.671875,1769016537,76.82,10.00,on_bus,46.529311,15.671757
16104,G1,46.529264,15.671731,1769016537,79.17,10.00,on_bus,46.529311,15.671757
16105,G1,46.529258,15.671709,1769016537,85.20,10.00,on_bus,46.529311,15.671757
2000,G1,46.559216,15.656021,1769016537,65.54,20.00,waiting_at_station,46.529311,15.671757
2001,G1,46.559558,15.655547,1769016537,85.88,10.00,waiting_at_station,46.529311,15.671757
2002,G1,46.559671,15.655350,1769016537,78.73,10.00,waiting_at_station,46.529311,15.671757
2400,G1,46.527564,15.684431,1769016537,40.26,50.00,waiting_at_station,46.529311,15.671757
16100,G1,46.529265,15.671640,1769016537,85.51,10.00,on_bus,46.529273,15.671796
16101,G1,46.529347,15.671667,1769016537,100.00,5.00,on_bus,46.529273,15.671796
16102,G1,46.529332,15.671726,1769016537,94.81,5.00,on_bus,46.529273,15.671796
16103,G1,46.529232,15.671601,1769016537,88.84,10.00,on_bus,46.529273,15.671796
2200,G1,46.540043,15.649834,1769016537,88.33,10.00,waiting_at_station,46.529273,15.671796
2201,G1,46.539850,15.649093,1769016537,100.00,5.00,waiting_at_station,46.529273,15.671796
2202,G1,46.540244,15.649712,1769016537,52.31,35.00,waiting_at_station,46.529273,15.671796
2500,G1,46.531011,15.669988,1769016537,53.43,35.00,waiting_at_station,46.529273,15.671796
2501,G1,46.530828,15.669940,1769016537,100.00,5.00,waiting_at_station,46.529273,15.671796
2502,G1,46.530297,15.670468,1769016537,76.64,10.00,waiting_at_station,46.529273,15.671796
2600,G1,46.539812,15.648030,1769016537,87.53,10.00,waiting_at_station,46.529273,15.671796
2601,G1,46.539636,15.647907,1769016537,65.41,20.00,waiting_at_station,46.529273,15.671796
2602,G1,46.540066,15.647721,1769016537,72.27,20.00,waiting_at_station,46.529273,15.671796
16100,G1,46.529211,15.671858,1769016537,74.40,20.00,on_bus,46.529235,15.671836
16101,G1,46.529286,15.671806,1769016537,70.43,20.00,on_bus,46.529235,15.671836
16102,G1,46.529193,15.671842,1769016537,96.54,5.00,on_bus,46.529235,15.671836
16103,G1,46.529223,15.671803,1769016537,50.60,35.00,on_bus,46.529235,15.671836
16104,G1,46.529241,15.671865,1769016537,84.47,10.00,on_bus,46.529235,15.671836
2000,G1,46.559455,15.655931,1769016537,74.86,20.00,waiting_at_station,46.529235,15.671836
2001,G1,46.559509,15.655829,1769016537,88.42,10.00,waiting_at_station,46.529235,15.671836
2002,G1,46.559538,15.656023,1769016537,39.58,50.00,waiting_at_station,46.529235,15.671836
2100,G1,46.552699,15.650280,1769016537,73.15,20.00,waiting_at_station,46.529235,15.671836
2400,G1,46.527456,15.684219,1769016537,79.01,10.00,waiting_at_station,46.529235,15.671836
2401,G1,46.527622,15.684273,1769016537,76.31,10.00,waiting_at_station,46.529235,15.671836
2600,G1,46.539882,15.648176,1769016537,82.24,10.00,waiting_at_station,46.529235,15.671836
2601,G1,46.539806,15.647771,1769016537,91.19,5.00,waiting_at_station,46.529235,15.671836
2602,G1,46.540100,15.647938,1769016537,64.51,20.00,waiting_at_station,46.529235,15.671836
16100,G1,46.529274,15.671911,1769016538,79.85,10.00,on_bus,46.529197,15.671875
16101,G1,46.528991,15.671970,1769016538,76.89,10.00,on_bus,46.529197,15.671875
16102,G1,46.529176,15.671876,1769016538,87.46,10.00,on_bus,46.529197,15.671875
2500,G1,46.530853,15.670197,1769016538,100.00,5.00,waiting_at_station,46.529197,15.671875
2501,G1,46.530864,15.670138,1769016538,53.13,35.00,waiting_at_station,46.529197,15.671875
2502,G1,46.530772,15.670211,1769016538,67.58,20.00,waiting_at_station,46.529197,15.671875
16100,G1,46.529153,15.671927,1769016539,52.35,35.00,on_bus,46.529159,15.671915
16101,G1,46.529173,15.671881,1769016539,67.12,20.00,on_bus,46.529159,15.671915
16102,G1,46.529042,15.671910,1769016539,96.67,5.00,on_bus,46.529159,15.671915
16103,G1,46.529217,15.671944,1769016539,67.40,20.00,on_bus,46.529159,15.671915
16100,G1,46.529047,15.671960,1769016540,85.94,10.00,on_bus,46.529121,15.671955
16101,G1,46.529253,15.671996,1769016540,88.26,10.00,on_bus,46.529121,15.671955
16102,G1,46.529085,15.672053,1769016540,93.86,5.00,on_bus,46.529121,15.671955
2000,G1,46.559674,15.656125,1769016540,94.02,5.00,waiting_at_station,46.529121,15.671955
2400,G1,46.527615,15.684313,1769016540,100.00,5.00,waiting_at_station,46.529121,15.671955
2401,G1,46.527140,15.684592,1769016540,62.25,20.00,waiting_at_station,46.529121,15.671955
2500,G1,46.530726,15.670041,1769016540,65.38,20.00,waiting_at_station,46.529121,15.671955
2501,G1,46.530793,15.670540,1769016540,76.05,10.00,waiting_at_station,46.529121,15.671955
2502,G1,46.530888,15.669912,1769016540,67.38,20.00,waiting_at_station,46.529121,15.671955
2600,G1,46.539939,15.648003,1769016540,58.59,35.00,waiting_at_station,46.529121,15.671955
2800,G1,46.558381,15.656020,1769016540,92.03,5.00,waiting_at_station,46.529121,15.671955
16200,G1,46.529103,15.671963,1769016539,80.66,10.00,on_bus,46.529083,15.671994
16201,G1,46.529076,15.672031,1769016539,54.97,35.00,on_bus,46.529083,15.671994
2100,G1,46.553055,15.650098,1769016539,76.40,10.00,waiting_at_station,46.529083,15.671994
2101,G1,46.552805,15.650059,1769016539,90.62,5.00,waiting_at_station,46.529083,15.671994
2300,G1,46.532465,15.666943,1769016539,92.04,5.00,waiting_at_station,46.529083,15.671994
2301,G1,46.532589,15.666283,1769016539,71.59,20.00,waiting_at_station,46.529083,15.671994
2302,G1,46.532478,15.666792,1769016539,56.22,35.00,waiting_at_station,46.529083,15.671994
2400,G1,46.527324,15.684333,1769016539,45.63,35.00,waiting_at_station,46.529083,15.671994
2401,G1,46.527586,15.684175,1769016539,100.00,5.00,waiting_at_station,46.529083,15.671994
2402,G1,46.527339,15.684296,1769016539,70.47,20.00,waiting_at_station,46.529083,15.671994
16200,G1,46.529113,15.672067,1769016540,81.26,10.00,on_bus,46.528978,15.672107
16201,G1,46.528993,15.671981,1769016540,100.00,5.00,on_bus,46.528978,15.672107
16202,G1,46.528953,15.672346,1769016540,99.12,5.00,on_bus,46.528978,15.672107
16203,G1,46.528988,15.672067,1769016540,76.99,10.00,on_bus,46.528978,15.672107
2000,G1,46.559405,15.655826,1769016540,70.73,20.00,waiting_at_station,46.528978,15.672107
2001,G1,46.559305,15.655694,1769016540,52.64,35.00,waiting_at_station,46.528978,15.672107
2400,G1,46.527310,15.684532,1769016540,80.31,10.00,waiting_at_station,46.528978,15.672107
2401,G1,46.527523,15.684207,1769016540,56.14,35.00,waiting_at_station,46.528978,15.672107
2700,G1,46.554366,15.650599,1769016540,91.88,5.00,waiting_at_station,46.528978,15.672107
2701,G1,46.554349,15.650702,1769016540,86.47,10.00,waiting_at_station,46.528978,15.672107
2702,G1,46.554827,15.650595,1769016540,73.36,20.00,waiting_at_station,46.528978,15.672107
2800,G1,46.558528,15.656287,1769016540,46.98,35.00,waiting_at_station,46.528978,15.672107
2801,G1,46.558791,15.655990,1769016540,65.47,20.00,waiting_at_station,46.528978,15.672107
16200,G1,46.529002,15.672168,1769016542,75.77,10.00,on_bus,46.528874,15.672220
16201,G1,46.528889,15.672169,1769016542,64.26,20.00,on_bus,46.528874,15.672220
16202,G1,46.528874,15.672132,1769016542,60.20,20.00,on_bus,46.528874,15.672220
16203,G1,46.528958,15.672064,1769016542,87.06,10.00,on_bus,46.528874,15.672220
16204,G1,46.528865,15.672262,1769016542,64.59,20.00,on_bus,46.528874,15.672220
16205,G1,46.528894,15.672198,1769016542,77.90,10.00,on_bus,46.528874,15.672220
2200,G1,46.540051,15.650628,1769016542,81.05,10.00,waiting_at_station,46.528874,15.672220
2300,G1,46.532474,15.667340,1769016542,84.81,10.00,waiting_at_station,46.528874,15.672220
2301,G1,46.532521,15.666601,1769016542,98.42,5.00,waiting_at_station,46.528874,15.672220
16300,G1,46.528710,15.672368,1769016541,98.36,5.00,on_bus,46.528769,15.672333
16301,G1,46.528882,15.672521,1769016541,100.00,5.00,on_bus,46.528769,15.672333
16302,G1,46.528786,15.672338,1769016541,100.00,5.00,on_bus,46.528769,15.672333
16303,G1,46.528783,15.672393,1769016541,79.39,10.00,on_bus,46.528769,15.672333
16304,G1,46.528728,15.672260,1769016541,72.35,20.00,on_bus,46.528769,15.672333
16305,G1,46.528747,15.672375,1769016541,86.40,10.00,on_bus,46.528769,15.672333
2200,G1,46.539953,15.649578,1769016541,72.69,20.00,waiting_at_station,46.528769,15.672333
2201,G1,46.540240,15.649851,1769016541,86.31,10.00,waiting_at_station,46.528769,15.672333
2202,G1,46.539927,15.649595,1769016541,79.37,10.00,waiting_at_station,46.528769,15.672333
2500,G1,46.530727,15.670254,1769016541,47.20,35.00,waiting_at_station,46.528769,15.672333
2501,G1,46.530549,15.670033,1769016541,78.89,10.00,waiting_at_station,46.528769,15.672333
2502,G1,46.530872,15.670058,1769016541,77.46,10.00,waiting_at_station,46.528769,15.672333
16300,G1,46.528590,15.672251,1769016542,79.82,10.00,on_bus,46.528725,15.672362
16301,G1,46.528730,15.672105,1769016542,90.48,5.00,on_bus,46.528725,15.672362
16302,G1,46.528616,15.672668,1769016542,75.44,10.00,on_bus,46.528725,15.672362
16303,G1,46.528710,15.672381,1769016542,61.67,20.00,on_bus,46.528725,15.672362
16304,G1,46.528667,15.672353,1769016542,89.90,10.00,on_bus,46.528725,15.672362
16305,G1,46.528733,15.672327,1769016542,89.04,10.00,on_bus,46.528725,15.672362
2000,G1,46.559628,15.655781,1769016542,61.54,20.00,waiting_at_station,46.528725,15.672362
2001,G1,46.559673,15.656155,1769016542,73.74,20.00,waiting_at_station,46.528725,15.672362
2002,G1,46.559531,15.656258,1769016542,81.85,10.00,waiting_at_station,46.528725,15.672362
2100,G1,46.552279,15.650364,1769016542,63.86,20.00,waiting_at_station,46.528725,15.672362
2200,G1,46.539930,15.649463,1769016542,60.95,20.00,waiting_at_station,46.528725,15.672362
2201,G1,46.540131,15.649426,1769016542,84.34,10.00,waiting_at_station,46.528725,15.672362
2500,G1,46.530806,15.669910,1769016542,100.00,5.00,waiting_at_station,46.528725,15.672362
2501,G1,46.530841,15.670384,1769016542,83.63,10.00,waiting_at_station,46.528725,15.672362
2502,G1,46.530590,15.669724,1769016542,100.00,5.00,waiting_at_station,46.528725,15.672362
16300,G1,46.528727,15.672389,1769016542,48.31,35.00,on_bus,46.528681,15.672391
16301,G1,46.528690,15.672433,1769016542,77.24,10.00,on_bus,46.528681,15.672391
16302,G1,46.528645,15.672299,1769016542,83.97,10.00,on_bus,46.528681,15.672391
16303,G1,46.528644,15.672331,1769016542,71.17,20.00,on_bus,46.528681,15.672391
16304,G1,46.528800,15.672204,1769016542,82.63,10.00,on_bus,46.528681,15.672391
16305,G1,46.528687,15.672372,1769016542,87.62,10.00,on_bus,46.528681,15.672391
2100,G1,46.552558,15.650528,1769016542,70.78,20.00,waiting_at_station,46.528681,15.672391
2101,G1,46.552720,15.649605,1769016542,82.09,10.00,waiting_at_station,46.528681,15.672391
2500,G1,46.531211,15.670105,1769016542,71.66,20.00,waiting_at_station,46.528681,15.672391
16300,G1,46.528606,15.672387,1769016543,78.12,10.00,on_bus,46.528637,15.672420
16301,G1,46.528701,15.672304,1769016543,72.39,20.00,on_bus,46.528637,15.672420
2000,G1,46.559200,15.655474,1769016543,73.41,20.00,waiting_at_station,46.528637,15.672420
2300,G1,46.532500,15.666963,1769016543,81.65,10.00,waiting_at_station,46.528637,15.672420
2301,G1,46.532398,15.666879,1769016543,81.11,10.00,waiting_at_station,46.528637,15.672420
2800,G1,46.558612,15.656274,1769016543,65.65,20.00,waiting_at_station,46.528637,15.672420
2801,G1,46.558542,15.655693,1769016543,32.16,50.00,waiting_at_station,46.528637,15.672420
16300,G1,46.528609,15.672478,1769016543,80.28,10.00,on_bus,46.528593,15.672449
16301,G1,46.528552,15.672486,1769016543,56.37,35.00,on_bus,46.528593,15.672449
16302,G1,46.528783,15.672242,1769016543,78.02,10.00,on_bus,46.528593,15.672449
16303,G1,46.528537,15.672573,1769016543,80.44,10.00,on_bus,46.528593,15.672449
16304,G1,46.528603,15.672504,1769016543,73.95,20.00,on_bus,46.528593,15.672449
2100,G1,46.552569,15.650210,1769016543,50.78,35.00,waiting_at_station,46.528593,15.672449
2101,G1,46.552693,15.650196,1769016543,50.34,35.00,waiting_at_station,46.528593,15.672449
2400,G1,46.527371,15.684433,1769016543,75.70,10.00,waiting_at_station,46.528593,15.672449
2401,G1,46.527356,15.684464,1769016543,74.30,20.00,waiting_at_station,46.528593,15.672449
2500,G1,46.530468,15.670630,1769016543,77.19,10.00,waiting_at_station,46.528593,15.672449
2501,G1,46.530916,15.670331,1769016543,35.22,50.00,waiting_at_station,46.528593,15.672449
16300,G1,46.528526,15.672548,1769016545,88.20,10.00,on_bus,46.528549,15.672478
16301,G1,46.528446,15.672414,1769016545,98.23,5.00,on_bus,46.528549,15.672478
16302,G1,46.528503,15.672473,1769016545,91.47,5.00,on_bus,46.528549,15.672478
16303,G1,46.528608,15.672682,1769016545,74.15,20.00,on_bus,46.528549,15.672478
2400,G1,46.527437,15.684036,1769016545,67.68,20.00,waiting_at_station,46.528549,15.672478
2401,G1,46.527401,15.684379,1769016545,56.05,35.00,waiting_at_station,46.528549,15.672478
2402,G1,46.527547,15.684024,1769016545,82.65,10.00,waiting_at_station,46.528549,15.672478
2700,G1,46.554919,15.650540,1769016545,81.97,10.00,waiting_at_station,46.528549,15.672478
2701,G1,46.554352,15.650505,1769016545,94.19,5.00,waiting_at_station,46.528549,15.672478
16400,G1,46.528461,15.672513,1769016544,85.97,10.00,on_bus,46.528505,15.672507
16401,G1,46.528491,15.672388,1769016544,74.86,20.00,on_bus,46.528505,15.672507
16402,G1,46.528554,15.672542,1769016544,95.60,5.00,on_bus,46.528505,15.672507
16403,G1,46.528480,15.672665,1769016544,89.33,10.00,on_bus,46.528505,15.672507
2100,G1,46.552510,15.649916,1769016544,73.65,20.00,waiting_at_station,46.528505,15.672507
2600,G1,46.540328,15.647444,1769016544,65.58,20.00,waiting_at_station,46.528505,15.672507
2601,G1,46.539887,15.648118,1769016544,74.85,20.00,waiting_at_station,46.528505,15.672507
2602,G1,46.540223,15.648262,1769016544,100.00,5.00,waiting_at_station,46.528505,15.672507
2800,G1,46.557990,15.656395,1769016544,82.81,10.00,waiting_at_station,46.528505,15.672507
16400,G1,46.528454,15.672561,1769016544,80.69,10.00,on_bus,46.528489,15.672543
16401,G1,46.528550,15.672567,1769016544,54.83,35.00,on_bus,46.528489,15.672543
16402,G1,46.528469,15.672562,1769016544,92.12,5.00,on_bus,46.528489,15.672543
16403,G1,46.528570,15.672517,1769016544,94.28,5.00,on_bus,46.528489,15.672543
16404,G1,46.528474,15.672557,1769016544,100.00,5.00,on_bus,46.528489,15.672543
16405,G1,46.528499,15.672631,1769016544,94.15,5.00,on_bus,46.528489,15.672543
2500,G1,46.531077,15.669629,1769016544,63.87,20.00,waiting_at_station,46.528489,15.672543
2501,G1,46.531005,15.670001,1769016544,74.80,20.00,waiting_at_station,46.528489,15.672543
2600,G1,46.539631,15.648145,1769016544,96.03,5.00,waiting_at_station,46.528489,15.672543
2601,G1,46.539571,15.647744,1769016544,71.03,20.00,waiting_at_station,46.528489,15.672543
16400,G1,46.528386,15.672551,1769016544,88.31,10.00,on_bus,46.528473,15.672579
16401,G1,46.528457,15.672419,1769016544,76.50,10.00,on_bus,46.528473,15.672579
16402,G1,46.528386,15.672607,1769016544,66.04,20.00,on_bus,46.528473,15.672579
16403,G1,46.528436,15.672522,1769016544,61.68,20.00,on_bus,46.528473,15.672579
2600,G1,46.540032,15.647946,1769016544,73.19,20.00,waiting_at_station,46.528473,15.672579
2601,G1,46.539879,15.648096,1769016544,86.28,10.00,waiting_at_station,46.528473,15.672579
2800,G1,46.558511,15.656075,1769016544,89.08,10.00,waiting_at_station,46.528473,15.672579
2801,G1,46.558789,15.655644,1769016544,40.54,50.00,waiting_at_station,46.528473,15.672579
2802,G1,46.558609,15.655715,1769016544,97.59,5.00,waiting_at_station,46.528473,15.672579
16400,G1,46.528503,15.672542,1769016544,100.00,5.00,on_bus,46.528457,15.672615
16401,G1,46.528356,15.672736,1769016544,84.51,10.00,on_bus,46.528457,15.672615
2200,G1,46.540136,15.649892,1769016544,95.77,5.00,waiting_at_station,46.528457,15.672615
2500,G1,46.530295,15.670224,1769016544,70.48,20.00,waiting_at_station,46.528457,15.672615
2501,G1,46.530797,15.670153,1769016544,76.39,10.00,waiting_at_station,46.528457,15.672615
2800,G1,46.558921,15.655822,1769016544,91.44,5.00,waiting_at_station,46.528457,15.672615
2801,G1,46.558627,15.655740,1769016544,90.85,5.00,waiting_at_station,46.528457,15.672615
16400,G1,46.528384,15.672633,1769016545,45.83,35.00,on_bus,46.528440,15.672652
16401,G1,46.528324,15.672670,1769016545,63.90,20.00,on_bus,46.528440,15.672652
16402,G1,46.528495,15.672507,1769016545,86.59,10.00,on_bus,46.528440,15.672652
16403,G1,46.528344,15.672790,1769016545,98.05,5.00,on_bus,46.528440,15.672652
16404,G1,46.528401,15.672767,1769016545,87.83,10.00,on_bus,46.528440,15.672652
16405,G1,46.528461,15.672614,1769016545,69.61,20.00,on_bus,46.528440,15.672652
2000,G1,46.559165,15.656688,1769016545,70.80,20.00,waiting_at_station,46.528440,15.672652
2001,G1,46.559428,15.655836,1769016545,69.99,20.00,waiting_at_station,46.528440,15.672652
2200,G1,46.540084,15.649594,1769016545,57.55,35.00,waiting_at_station,46.528440,15.672652
2400,G1,46.527184,15.684335,1769016545,88.87,10.00,waiting_at_station,46.528440,15.672652
2401,G1,46.527499,15.684205,1769016545,65.57,20.00,waiting_at_station,46.528440,15.672652
16400,G1,46.528429,15.672683,1769016545,67.29,20.00,on_bus,46.528424,15.672688
16401,G1,46.528430,15.672678,1769016545,57.78,35.00,on_bus,46.528424,15.672688
16402,G1,46.528592,15.672711,1769016545,88.93,10.00,on_bus,46.528424,15.672688
2100,G1,46.552806,15.649936,1769016545,81.69,10.00,waiting_at_station,46.528424,15.672688
2200,G1,46.539760,15.649734,1769016545,100.00,5.00,waiting_at_station,46.528424,15.672688
2201,G1,46.540161,15.649883,1769016545,86.67,10.00,waiting_at_station,46.528424,15.672688
16500,G1,46.528312,15.672696,1769016545,73.14,20.00,on_bus,46.528408,15.672724
16501,G1,46.528495,15.672532,1769016545,95.16,5.00,on_bus,46.528408,15.672724
16502,G1,46.528430,15.672580,1769016545,61.61,20.00,on_bus,46.528408,15.672724
16503,G1,46.528302,15.672870,1769016545,100.00,5.00,on_bus,46.528408,15.672724
16504,G1,46.528366,15.672830,1769016545,83.59,10.00,on_bus,46.528408,15.672724
16505,G1,46.528362,15.672686,1769016545,87.57,10.00,on_bus,46.528408,15.672724
2000,G1,46.559357,15.656119,1769016545,74.92,20.00,waiting_at_station,46.528408,15.672724
2001,G1,46.559461,15.655444,1769016545,100.00,5.00,waiting_at_station,46.528408,15.672724
2100,G1,46.552696,15.650384,1769016545,61.08,20.00,waiting_at_station,46.528408,15.672724
2101,G1,46.552802,15.651024,1769016545,54.97,35.00,waiting_at_station,46.528408,15.672724
2102,G1,46.552490,15.650638,1769016545,66.37,20.00,waiting_at_station,46.528408,15.672724
2600,G1,46.540067,15.647834,1769016545,68.92,20.00,waiting_at_station,46.528408,15.672724
2601,G1,46.539952,15.648134,1769016545,79.88,10.00,waiting_at_station,46.528408,15.672724
2700,G1,46.554454,15.650534,1769016545,60.11,20.00,waiting_at_station,46.528408,15.672724
2701,G1,46.554108,15.650004,1769016545,67.59,20.00,waiting_at_station,46.528408,15.672724
16500,G1,46.528326,15.672756,1769016545,88.05,10.00,on_bus,46.528371,15.672764
16501,G1,46.528337,15.672817,1769016545,86.79,10.00,on_bus,46.528371,15.672764
16502,G1,46.528362,15.672826,1769016545,77.53,10.00,on_bus,46.528371,15.672764
2100,G1,46.552658,15.650125,1769016545,54.67,35.00,waiting_at_station,46.528371,15.672764
2101,G1,46.552370,15.650207,1769016545,50.98,35.00,waiting_at_station,46.528371,15.672764
2102,G1,46.552963,15.650262,1769016545,84.53,10.00,waiting_at_station,46.528371,15.672764
2800,G1,46.558735,15.655885,1769016545,71.81,20.00,waiting_at_station,46.528371,15.672764
2801,G1,46.558726,15.655435,1769016545,85.43,10.00,waiting_at_station,46.528371,15.672764
2802,G1,46.558818,15.655954,1769016545,67.20,20.00,waiting_at_station,46.528371,15.672764
16500,G1,46.528405,15.672946,1769016545,82.47,10.00,on_bus,46.528335,15.672803
16501,G1,46.528297,15.673155,1769016545,86.28,10.00,on_bus,46.528335,15.672803
16502,G1,46.528368,15.672779,1769016545,90.24,5.00,on_bus,46.528335,15.672803
16503,G1,46.528326,15.672842,1769016545,92.03,5.00,on_bus,46.528335,15.672803
16504,G1,46.528232,15.672818,1769016545,82.16,10.00,on_bus,46.528335,15.672803
2000,G1,46.559579,15.655837,1769016545,100.00,5.00,waiting_at_station,46.528335,15.672803
2001,G1,46.559504,15.656270,1769016545,59.99,35.00,waiting_at_station,46.528335,15.672803
2500,G1,46.530974,15.670133,1769016545,79.52,10.00,waiting_at_station,46.528335,15.672803
2501,G1,46.530806,15.669950,1769016545,71.87,20.00,waiting_at_station,46.528335,15.672803
2502,G1,46.530979,15.670052,1769016545,74.74,20.00,waiting_at_station,46.528335,15.672803
2600,G1,46.539997,15.648302,1769016545,28.88,50.00,waiting_at_station,46.528335,15.672803
2700,G1,46.554456,15.650833,1769016545,75.47,10.00,waiting_at_station,46.528335,15.672803
2701,G1,46.554254,15.650642,1769016545,78.83,10.00,waiting_at_station,46.528335,15.672803
16500,G1,46.528321,15.672864,1769016547,81.48,10.00,on_bus,46.528298,15.672843
16501,G1,46.528285,15.672900,1769016547,81.30,10.00,on_bus,46.528298,15.672843
16502,G1,46.528353,15.672697,1769016547,76.90,10.00,on_bus,46.528298,15.672843
16503,G1,46.528257,15.673018,1769016547,83.08,10.00,on_bus,46.528298,15.672843
16504,G1,46.528267,15.672903,1769016547,98.14,5.00,on_bus,46.528298,15.672843
16505,G1,46.528328,15.672892,1769016547,86.01,10.00,on_bus,46.528298,15.672843
2000,G1,46.559454,15.655672,1769016547,65.38,20.00,waiting_at_station,46.528298,15.672843
2100,G1,46.552525,15.649778,1769016547,71.91,20.00,waiting_at_station,46.528298,15.672843
2101,G1,46.552750,15.650375,1769016547,87.99,10.00,waiting_at_station,46.528298,15.672843
2102,G1,46.552515,15.650488,1769016547,92.37,5.00,waiting_at_station,46.528298,15.672843
2300,G1,46.532716,15.666123,1769016547,59.16,35.00,waiting_at_station,46.528298,15.672843
2301,G1,46.532122,15.666728,1769016547,77.11,10.00,waiting_at_station,46.528298,15.672843
16500,G1,46.528210,15.673004,1769016547,100.00,5.00,on_bus,46.528261,15.672882
16501,G1,46.528317,15.672796,1769016547,94.72,5.00,on_bus,46.528261,15.672882
16502,G1,46.528324,15.672726,1769016547,63.71,20.00,on_bus,46.528261,15.672882
2000,G1,46.559656,15.655884,1769016547,80.53,10.00,waiting_at_station,46.528261,15.672882
2001,G1,46.559785,15.655855,1769016547,83.44,10.00,waiting_at_station,46.528261,15.672882
2300,G1,46.532506,15.666910,1769016547,73.52,20.00,waiting_at_station,46.528261,15.672882
2301,G1,46.532640,15.666746,1769016547,75.42,10.00,waiting_at_station,46.528261,15.672882
2302,G1,46.532585,15.666539,1769016547,79.43,10.00,waiting_at_station,46.528261,15.672882
2700,G1,46.554063,15.650460,1769016547,90.87,5.00,waiting_at_station,46.528261,15.672882
2800,G1,46.558812,15.655860,1769016547,80.02,10.00,waiting_at_station,46.528261,15.672882
2801,G1,46.558657,15.655674,1769016547,52.34,35.00,waiting_at_station,46.528261,15.672882
16500,G1,46.528257,15.672967,1769016548,82.03,10.00,on_bus,46.528225,15.672922
16501,G1,46.528213,15.672995,1769016548,90.90,5.00,on_bus,46.528225,15.672922
16502,G1,46.528193,15.672911,1769016548,85.22,10.00,on_bus,46.528225,15.672922
16503,G1,46.528162,15.672948,1769016548,83.57,10.00,on_bus,46.528225,15.672922
2000,G1,46.559995,15.655895,1769016548,71.04,20.00,waiting_at_station,46.528225,15.672922
2001,G1,46.559613,15.655734,1769016548,82.06,10.00,waiting_at_station,46.528225,15.672922
2100,G1,46.552713,15.650444,1769016548,66.74,20.00,waiting_at_station,46.528225,15.672922
2500,G1,46.530834,15.670247,1769016548,72.34,20.00,waiting_at_station,46.528225,15.672922
2501,G1,46.530717,15.670701,1769016548,75.65,10.00,waiting_at_station,46.528225,15.672922
2502,G1,46.531058,15.670194,1769016548,68.05,20.00,waiting_at_station,46.528225,15.672922
2600,G1,46.540159,15.647875,1769016548,77.22,10.00,waiting_at_station,46.528225,15.672922
16600,G1,46.528135,15.673068,1769016547,68.62,20.00,on_bus,46.528188,15.672961
16601,G1,46.528175,15.672976,1769016547,83.04,10.00,on_bus,46.528188,15.672961
16602,G1,46.528039,15.672963,1769016547,91.87,5.00,on_bus,46.528188,15.672961
2000,G1,46.559930,15.656037,1769016547,80.57,10.00,waiting_at_station,46.528188,15.672961
2100,G1,46.552814,15.650131,1769016547,80.92,10.00,waiting_at_station,46.528188,15.672961
2101,G1,46.552697,15.650165,1769016547,83.34,10.00,waiting_at_station,46.528188,15.672961
2600,G1,46.539391,15.648345,1769016547,98.27,5.00,waiting_at_station,46.528188,15.672961
2601,G1,46.539878,15.648173,1769016547,74.95,20.00,waiting_at_station,46.528188,15.672961
2700,G1,46.554298,15.650565,1769016547,82.68,10.00,waiting_at_station,46.528188,15.672961
16600,G1,46.528158,15.673059,1769016547,86.14,10.00,on_bus,46.528141,15.673010
16601,G1,46.528165,15.672975,1769016547,56.70,35.00,on_bus,46.528141,15.673010
2000,G1,46.559561,15.656624,1769016547,69.84,20.00,waiting_at_station,46.528141,15.673010
2001,G1,46.559533,15.655883,1769016547,65.49,20.00,waiting_at_station,46.528141,15.673010
2002,G1,46.559514,15.655955,1769016547,58.24,35.00,waiting_at_station,46.528141,15.673010
2100,G1,46.552467,15.650079,1769016547,77.87,10.00,waiting_at_station,46.528141,15.673010
2300,G1,46.532603,15.666782,1769016547,77.83,10.00,waiting_at_station,46.528141,15.673010
2301,G1,46.532740,15.666928,1769016547,85.83,10.00,waiting_at_station,46.528141,15.673010
2302,G1,46.532227,15.666783,1769016547,64.78,20.00,waiting_at_station,46.528141,15.673010
2400,G1,46.527613,15.684667,1769016547,40.54,50.00,waiting_at_station,46.528141,15.673010
2401,G1,46.527743,15.684380,1769016547,66.37,20.00,waiting_at_station,46.528141,15.673010
2402,G1,46.527424,15.684280,1769016547,78.65,10.00,waiting_at_station,46.528141,15.673010
2500,G1,46.530913,15.670041,1769016547,65.14,20.00,waiting_at_station,46.528141,15.673010
2600,G1,46.539911,15.647957,1769016547,65.58,20.00,waiting_at_station,46.528141,15.673010
2601,G1,46.539889,15.648063,1769016547,85.93,10.00,waiting_at_station,46.528141,15.673010
2700,G1,46.554327,15.650556,1769016547,60.87,20.00,waiting_at_station,46.528141,15.673010
2701,G1,46.554618,15.650570,1769016547,64.51,20.00,waiting_at_station,46.528141,15.673010
16600,G1,46.528166,15.673033,1769016548,71.39,20.00,on_bus,46.528094,15.673059
16601,G1,46.528069,15.673078,1769016548,73.09,20.00,on_bus,46.528094,15.673059
2400,G1,46.527282,15.684580,1769016548,92.03,5.00,waiting_at_station,46.528094,15.673059
2700,G1,46.554388,15.650506,1769016548,63.21,20.00,waiting_at_station,46.528094,15.673059
2701,G1,46.554440,15.650580,1769016548,60.70,20.00,waiting_at_station,46.528094,15.673059
2702,G1,46.554440,15.650511,1769016548,89.92,10.00,waiting_at_station,46.528094,15.673059
16600,G1,46.528018,15.672959,1769016549,75.92,10.00,on_bus,46.528047,15.673109
16601,G1,46.528067,15.673144,1769016549,78.64,10.00,on_bus,46.528047,15.673109
2000,G1,46.559188,15.656161,1769016549,88.53,10.00,waiting_at_station,46.528047,15.673109
2400,G1,46.527297,15.684384,1769016549,76.72,10.00,waiting_at_station,46.528047,15.673109
16600,G1,46.527908,15.673111,1769016550,79.63,10.00,on_bus,46.528000,15.673158
16601,G1,46.527944,15.673096,1769016550,93.49,5.00,on_bus,46.528000,15.673158
2000,G1,46.559600,15.655922,1769016550,58.94,35.00,waiting_at_station,46.528000,15.673158
2001,G1,46.560102,15.655676,1769016550,60.41,20.00,waiting_at_station,46.528000,15.673158
2002,G1,46.559802,15.656355,1769016550,62.77,20.00,waiting_at_station,46.528000,15.673158
2200,G1,46.540108,15.649026,1769016550,60.12,20.00,waiting_at_station,46.528000,15.673158
2201,G1,46.540124,15.650078,1769016550,84.26,10.00,waiting_at_station,46.528000,15.673158
2202,G1,46.540090,15.649792,1769016550,74.08,20.00,waiting_at_station,46.528000,15.673158
2800,G1,46.558622,15.656013,1769016550,61.98,20.00,waiting_at_station,46.528000,15.673158
2801,G1,46.558533,15.655682,1769016550,82.33,10.00,waiting_at_station,46.528000,15.673158
16600,G1,46.527941,15.673219,1769016550,87.39,10.00,on_bus,46.527953,15.673207
16601,G1,46.527834,15.673278,1769016550,98.98,5.00,on_bus,46.527953,15.673207
16602,G1,46.528043,15.673195,1769016550,100.00,5.00,on_bus,46.527953,15.673207
2300,G1,46.532487,15.667124,1769016550,74.49,20.00,waiting_at_station,46.527953,15.673207
2700,G1,46.554326,15.650599,1769016550,40.28,50.00,waiting_at_station,46.527953,15.673207
2701,G1,46.554085,15.650588,1769016550,73.52,20.00,waiting_at_station,46.527953,15.673207
2702,G1,46.554278,15.650421,1769016550,100.00,5.00,waiting_at_station,46.527953,15.673207
2800,G1,46.558825,15.655783,1769016550,86.91,10.00,waiting_at_station,46.527953,15.673207
2801,G1,46.559010,15.655784,1769016550,59.39,35.00,waiting_at_station,46.527953,15.673207
16700,G1,46.527845,15.673091,1769016549,75.65,10.00,on_bus,46.527906,15.673256
16701,G1,46.528159,15.672825,1769016549,66.75,20.00,on_bus,46.527906,15.673256
16702,G1,46.527884,15.673277,1769016549,63.98,20.00,on_bus,46.527906,15.673256
2200,G1,46.539999,15.649599,1769016549,65.09,20.00,waiting_at_station,46.527906,15.673256
2400,G1,46.527449,15.684839,1769016549,74.69,20.00,waiting_at_station,46.527906,15.673256
2401,G1,46.526956,15.684346,1769016549,61.28,20.00,waiting_at_station,46.527906,15.673256
2402,G1,46.527417,15.684442,1769016549,58.72,35.00,waiting_at_station,46.527906,15.673256
16700,G1,46.527903,15.673425,1769016550,98.39,5.00,on_bus,46.527847,15.673318
16701,G1,46.527708,15.673133,1769016550,80.89,10.00,on_bus,46.527847,15.673318
16702,G1,46.527778,15.673336,1769016550,63.51,20.00,on_bus,46.527847,15.673318
2100,G1,46.552460,15.649675,1769016550,91.66,5.00,waiting_at_station,46.527847,15.673318
2101,G1,46.552759,15.650334,1769016550,57.87,35.00,waiting_at_station,46.527847,15.673318
2300,G1,46.531968,15.666866,1769016550,61.53,20.00,waiting_at_station,46.527847,15.673318
2301,G1,46.532483,15.666689,1769016550,61.73,20.00,waiting_at_station,46.527847,15.673318
2400,G1,46.527294,15.684505,1769016550,47.41,35.00,waiting_at_station,46.527847,15.673318
2401,G1,46.527784,15.684306,1769016550,68.65,20.00,waiting_at_station,46.527847,15.673318
16700,G1,46.527615,15.673323,1769016551,85.10,10.00,on_bus,46.527787,15.673380
16701,G1,46.527792,15.673357,1769016551,84.01,10.00,on_bus,46.527787,15.673380
16702,G1,46.527820,15.673446,1769016551,67.88,20.00,on_bus,46.527787,15.673380
16703,G1,46.527875,15.673420,1769016551,79.16,10.00,on_bus,46.527787,15.673380
16704,G1,46.527931,15.673302,1769016551,74.83,20.00,on_bus,46.527787,15.673380
16705,G1,46.527809,15.673456,1769016551,81.06,10.00,on_bus,46.527787,15.673380
2300,G1,46.532673,15.667176,1769016551,62.17,20.00,waiting_at_station,46.527787,15.673380
2500,G1,46.530931,15.670201,1769016551,77.72,10.00,waiting_at_station,46.527787,15.673380
16700,G1,46.527643,15.673697,1769016552,65.97,20.00,on_bus,46.527728,15.673441
16701,G1,46.527828,15.673480,1769016552,68.94,20.00,on_bus,46.527728,15.673441
16702,G1,46.527723,15.673386,1769016552,81.98,10.00,on_bus,46.527728,15.673441
16703,G1,46.527865,15.673387,1769016552,80.30,10.00,on_bus,46.527728,15.673441
16704,G1,46.527646,15.673380,1769016552,67.55,20.00,on_bus,46.527728,15.673441
16705,G1,46.527811,15.673430,1769016552,86.81,10.00,on_bus,46.527728,15.673441
2200,G1,46.540155,15.649743,1769016552,73.81,20.00,waiting_at_station,46.527728,15.673441
2201,G1,46.540040,15.650024,1769016552,64.45,20.00,waiting_at_station,46.527728,15.673441
2600,G1,46.539856,15.647910,1769016552,70.15,20.00,waiting_at_station,46.527728,15.673441
16700,G1,46.527655,15.673406,1769016553,59.35,35.00,on_bus,46.527668,15.673503
16701,G1,46.527684,15.673487,1769016553,66.90,20.00,on_bus,46.527668,15.673503
2000,G1,46.559541,15.655835,1769016553,73.99,20.00,waiting_at_station,46.527668,15.673503
2001,G1,46.559677,15.655756,1769016553,100.00,5.00,waiting_at_station,46.527668,15.673503
2002,G1,46.559432,15.655800,1769016553,44.30,50.00,waiting_at_station,46.527668,15.673503
2300,G1,46.532292,15.666875,1769016553,62.70,20.00,waiting_at_station,46.527668,15.673503
2301,G1,46.532323,15.666619,1769016553,90.18,5.00,waiting_at_station,46.527668,15.673503
2600,G1,46.540123,15.648345,1769016553,79.99,10.00,waiting_at_station,46.527668,15.673503
2601,G1,46.539787,15.647734,1769016553,69.80,20.00,waiting_at_station,46.527668,15.673503
2602,G1,46.539833,15.647909,1769016553,57.98,35.00,waiting_at_station,46.527668,15.673503
2800,G1,46.558852,15.656066,1769016553,90.23,5.00,waiting_at_station,46.527668,15.673503
16800,G1,46.527632,15.673545,1769016552,90.06,5.00,on_bus,46.527609,15.673565
16801,G1,46.527637,15.673684,1769016552,97.97,5.00,on_bus,46.527609,15.673565
16802,G1,46.527648,15.673831,1769016552,95.84,5.00,on_bus,46.527609,15.673565
16803,G1,46.527791,15.673698,1769016552,100.00,5.00,on_bus,46.527609,15.673565
2000,G1,46.559426,15.656185,1769016552,67.51,20.00,waiting_at_station,46.527609,15.673565
2600,G1,46.539853,15.648079,1769016552,68.29,20.00,waiting_at_station,46.527609,15.673565
2601,G1,46.539921,15.647837,1769016552,76.85,10.00,waiting_at_station,46.527609,15.673565
2602,G1,46.539904,15.648347,1769016552,83.15,10.00,waiting_at_station,46.527609,15.673565
2700,G1,46.554016,15.650015,1769016552,80.89,10.00,waiting_at_station,46.527609,15.673565
16800,G1,46.527525,15.673694,1769016552,65.59,20.00,on_bus,46.527558,15.673619
16801,G1,46.527565,15.673505,1769016552,76.83,10.00,on_bus,46.527558,15.673619
16802,G1,46.527465,15.673583,1769016552,91.26,5.00,on_bus,46.527558,15.673619
16803,G1,46.527538,15.673534,1769016552,85.08,10.00,on_bus,46.527558,15.673619
16804,G1,46.527614,15.673650,1769016552,78.36,10.00,on_bus,46.527558,15.673619
2600,G1,46.539903,15.648206,1769016552,80.05,10.00,waiting_at_station,46.527558,15.673619
2700,G1,46.554055,15.650914,1769016552,80.30,10.00,waiting_at_station,46.527558,15.673619
2701,G1,46.553830,15.650549,1769016552,54.68,35.00,waiting_at_station,46.527558,15.673619
16800,G1,46.527451,15.673675,1769016554,95.15,5.00,on_bus,46.527506,15.673673
16801,G1,46.527237,15.673732,1769016554,68.41,20.00,on_bus,46.527506,15.673673
16802,G1,46.527527,15.673599,1769016554,64.51,20.00,on_bus,46.527506,15.673673
16803,G1,46.527577,15.673713,1769016554,96.39,5.00,on_bus,46.527506,15.673673
16804,G1,46.527519,15.673451,1769016554,93.98,5.00,on_bus,46.527506,15.673673
16805,G1,46.527534,15.673685,1769016554,82.33,10.00,on_bus,46.527506,15.673673
2200,G1,46.539999,15.649727,1769016554,69.83,20.00,waiting_at_station,46.527506,15.673673
2300,G1,46.532457,15.667406,1769016554,83.03,10.00,waiting_at_station,46.527506,15.673673
2700,G1,46.554507,15.650259,1769016554,46.72,35.00,waiting_at_station,46.527506,15.673673
2701,G1,46.554389,15.650438,1769016554,97.18,5.00,waiting_at_station,46.527506,15.673673
16800,G1,46.527467,15.673718,1769016554,95.93,5.00,on_bus,46.527454,15.673726
16801,G1,46.527425,15.673690,1769016554,92.28,5.00,on_bus,46.527454,15.673726
16802,G1,46.527491,15.673728,1769016554,73.91,20.00,on_bus,46.527454,15.673726
2000,G1,46.559492,15.655665,1769016554,77.10,10.00,waiting_at_station,46.527454,15.673726
2400,G1,46.527541,15.684238,1769016554,69.97,20.00,waiting_at_station,46.527454,15.673726
2401,G1,46.527476,15.684172,1769016554,83.02,10.00,waiting_at_station,46.527454,15.673726
16900,G1,46.527293,15.673880,1769016554,54.16,35.00,on_bus,46.527403,15.673780
16901,G1,46.527573,15.673901,1769016554,72.42,20.00,on_bus,46.527403,15.673780
16902,G1,46.527304,15.673723,1769016554,72.99,20.00,on_bus,46.527403,15.673780
16903,G1,46.527456,15.673791,1769016554,100.00,5.00,on_bus,46.527403,15.673780
2000,G1,46.559432,15.656294,1769016554,57.63,35.00,waiting_at_station,46.527403,15.673780
2001,G1,46.559432,15.655946,1769016554,100.00,5.00,waiting_at_station,46.527403,15.673780
2100,G1,46.552476,15.649985,1769016554,92.45,5.00,waiting_at_station,46.527403,15.673780
2101,G1,46.552629,15.650547,1769016554,100.00,5.00,waiting_at_station,46.527403,15.673780
2800,G1,46.558508,15.655865,1769016554,47.70,35.00,waiting_at_station,46.527403,15.673780
2801,G1,46.558665,15.655816,1769016554,49.44,35.00,waiting_at_station,46.527403,15.673780
2802,G1,46.558539,15.656075,1769016554,64.54,20.00,waiting_at_station,46.527403,15.673780
16900,G1,46.527498,15.673839,1769016555,93.57,5.00,on_bus,46.527460,15.673915
16901,G1,46.527526,15.674353,1769016555,71.23,20.00,on_bus,46.527460,15.673915
16902,G1,46.527434,15.673990,1769016555,66.05,20.00,on_bus,46.527460,15.673915
2000,G1,46.559471,15.656010,1769016555,80.72,10.00,waiting_at_station,46.527460,15.673915
2001,G1,46.559642,15.655982,1769016555,77.80,10.00,waiting_at_station,46.527460,15.673915
2100,G1,46.552544,15.650104,1769016555,69.50,20.00,waiting_at_station,46.527460,15.673915
2200,G1,46.539947,15.649845,1769016555,71.73,20.00,waiting_at_station,46.527460,15.673915
2201,G1,46.540232,15.650028,1769016555,64.23,20.00,waiting_at_station,46.527460,15.673915
2202,G1,46.540286,15.649716,1769016555,71.47,20.00,waiting_at_station,46.527460,15.673915
2300,G1,46.532709,15.666670,1769016555,61.08,20.00,waiting_at_station,46.527460,15.673915
2400,G1,46.527223,15.684207,1769016555,87.01,10.00,waiting_at_station,46.527460,15.673915
2401,G1,46.527851,15.684755,1769016555,78.38,10.00,waiting_at_station,46.527460,15.673915
2402,G1,46.527246,15.683931,1769016555,49.76,35.00,waiting_at_station,46.527460,15.673915
2800,G1,46.558362,15.655702,1769016555,93.32,5.00,waiting_at_station,46.527460,15.673915
2801,G1,46.558533,15.655803,1769016555,71.81,20.00,waiting_at_station,46.527460,15.673915
16900,G1,46.527540,15.674098,1769016557,89.29,10.00,on_bus,46.527517,15.674050
16901,G1,46.527554,15.674018,1769016557,65.64,20.00,on_bus,46.527517,15.674050
16902,G1,46.527515,15.673875,1769016557,59.97,35.00,on_bus,46.527517,15.674050
16903,G1,46.527496,15.674009,1769016557,93.77,5.00,on_bus,46.527517,15.674050
2600,G1,46.539867,15.648151,1769016557,58.08,35.00,waiting_at_station,46.527517,15.674050
2601,G1,46.539745,15.647939,1769016557,80.43,10.00,waiting_at_station,46.527517,15.674050
2602,G1,46.539889,15.647865,1769016557,81.77,10.00,waiting_at_station,46.527517,15.674050
16900,G1,46.527480,15.674356,1769016559,52.25,35.00,on_bus,46.527575,15.674185
16901,G1,46.527541,15.674391,1769016559,83.61,10.00,on_bus,46.527575,15.674185
16902,G1,46.527599,15.674209,1769016559,65.27,20.00,on_bus,46.527575,15.674185
16903,G1,46.527593,15.674318,1769016559,82.97,10.00,on_bus,46.527575,15.674185
16904,G1,46.527472,15.674040,1769016559,65.50,20.00,on_bus,46.527575,15.674185
2400,G1,46.527642,15.684340,1769016559,62.77,20.00,waiting_at_station,46.527575,15.674185
2401,G1,46.527630,15.684335,1769016559,70.10,20.00,waiting_at_station,46.527575,15.674185
2402,G1,46.527731,15.684349,1769016559,53.99,35.00,waiting_at_station,46.527575,15.674185
2500,G1,46.530614,15.670106,1769016559,66.98,20.00,waiting_at_station,46.527575,15.674185
2501,G1,46.530854,15.670013,1769016559,68.14,20.00,waiting_at_station,46.527575,15.674185
2600,G1,46.539699,15.647793,1769016559,92.89,5.00,waiting_at_station,46.527575,15.674185
2601,G1,46.539741,15.647735,1769016559,100.00,5.00,waiting_at_station,46.527575,15.674185
2602,G1,46.539835,15.648339,1769016559,57.57,35.00,waiting_at_station,46.527575,15.674185
16900,G1,46.527721,15.674324,1769016560,76.61,10.00,on_bus,46.527632,15.674320
16901,G1,46.527656,15.674364,1769016560,80.48,10.00,on_bus,46.527632,15.674320
16902,G1,46.527632,15.674215,1769016560,63.31,20.00,on_bus,46.527632,15.674320
16903,G1,46.527660,15.674306,1769016560,84.78,10.00,on_bus,46.527632,15.674320
2100,G1,46.552705,15.650540,1769016560,54.00,35.00,waiting_at_station,46.527632,15.674320
2300,G1,46.532490,15.666847,1769016560,81.05,10.00,waiting_at_station,46.527632,15.674320
2800,G1,46.558634,15.655481,1769016560,77.77,10.00,waiting_at_station,46.527632,15.674320
2801,G1,46.558583,15.655618,1769016560,68.64,20.00,waiting_at_station,46.527632,15.674320
2802,G1,46.558852,15.656196,1769016560,65.43,20.00,waiting_at_station,46.527632,15.674320
17000,G1,46.527738,15.674358,1769016558,80.75,10.00,on_bus,46.527689,15.674455
17001,G1,46.527709,15.674509,1769016558,83.17,10.00,on_bus,46.527689,15.674455
17002,G1,46.527625,15.674583,1769016558,91.25,5.00,on_bus,46.527689,15.674455
17003,G1,46.527752,15.674396,1769016558,82.04,10.00,on_bus,46.527689,15.674455
17004,G1,46.527648,15.674415,1769016558,100.00,5.00,on_bus,46.527689,15.674455
17005,G1,46.527624,15.674390,1769016558,57.91,35.00,on_bus,46.527689,15.674455
2000,G1,46.559603,15.655317,1769016558,73.13,20.00,waiting_at_station,46.527689,15.674455
2200,G1,46.540266,15.649789,1769016558,56.02,35.00,waiting_at_station,46.527689,15.674455
2201,G1,46.540251,15.649856,1769016558,77.80,10.00,waiting_at_station,46.527689,15.674455
2202,G1,46.539945,15.649604,1769016558,71.69,20.00,waiting_at_station,46.527689,15.674455
2400,G1,46.527465,15.684687,1769016558,75.39,10.00,waiting_at_station,46.527689,15.674455
2800,G1,46.558602,15.655955,1769016558,73.89,20.00,waiting_at_station,46.527689,15.674455
2801,G1,46.558559,15.655732,1769016558,82.52,10.00,waiting_at_station,46.527689,15.674455
17000,G1,46.527778,15.674581,1769016559,85.99,10.00,on_bus,46.527779,15.674570
17001,G1,46.527841,15.674418,1769016559,60.27,20.00,on_bus,46.527779,15.674570
17000,G1,46.527879,15.674707,1769016561,96.58,5.00,on_bus,46.527869,15.674685
17001,G1,46.527897,15.674720,1769016561,59.48,35.00,on_bus,46.527869,15.674685
17002,G1,46.527790,15.674712,1769016561,73.49,20.00,on_bus,46.527869,15.674685
17003,G1,46.528025,15.674764,1769016561,50.23,35.00,on_bus,46.527869,15.674685
17004,G1,46.527717,15.674637,1769016561,88.34,10.00,on_bus,46.527869,15.674685
2000,G1,46.559557,15.656260,1769016561,69.75,20.00,waiting_at_station,46.527869,15.674685
2001,G1,46.559669,15.656459,1769016561,87.48,10.00,waiting_at_station,46.527869,15.674685
2002,G1,46.559698,15.655895,1769016561,69.36,20.00,waiting_at_station,46.527869,15.674685
2500,G1,46.530862,15.669934,1769016561,81.25,10.00,waiting_at_station,46.527869,15.674685
2501,G1,46.530650,15.670065,1769016561,90.56,5.00,waiting_at_station,46.527869,15.674685
17100,G1,46.527990,15.674731,1769016560,73.24,20.00,on_bus,46.527959,15.674800
17101,G1,46.527987,15.674648,1769016560,81.83,10.00,on_bus,46.527959,15.674800
17102,G1,46.527961,15.674794,1769016560,51.67,35.00,on_bus,46.527959,15.674800
17103,G1,46.528284,15.674534,1769016560,78.95,10.00,on_bus,46.527959,15.674800
2700,G1,46.554434,15.650564,1769016560,98.28,5.00,waiting_at_station,46.527959,15.674800
2701,G1,46.554066,15.650377,1769016560,72.78,20.00,waiting_at_station,46.527959,15.674800
2702,G1,46.554423,15.650515,1769016560,77.07,10.00,waiting_at_station,46.527959,15.674800
17100,G1,46.527922,15.674945,1769016562,76.58,10.00,on_bus,46.528049,15.674920
17101,G1,46.528091,15.674884,1769016562,69.83,20.00,on_bus,46.528049,15.674920
2600,G1,46.540146,15.647989,1769016562,73.50,20.00,waiting_at_station,46.528049,15.674920
2601,G1,46.539852,15.648181,1769016562,78.41,10.00,waiting_at_station,46.528049,15.674920
2602,G1,46.539708,15.648053,1769016562,78.70,10.00,waiting_at_station,46.528049,15.674920
17100,G1,46.528221,15.675167,1769016564,61.00,20.00,on_bus,46.528138,15.675039
17101,G1,46.528110,15.675061,1769016564,55.57,35.00,on_bus,46.528138,15.675039
17102,G1,46.528060,15.675046,1769016564,77.87,10.00,on_bus,46.528138,15.675039
17103,G1,46.528222,15.674898,1769016564,79.09,10.00,on_bus,46.528138,15.675039
2000,G1,46.559454,15.656531,1769016564,72.03,20.00,waiting_at_station,46.528138,15.675039
2400,G1,46.527093,15.684366,1769016564,74.88,20.00,waiting_at_station,46.528138,15.675039
2401,G1,46.527418,15.684641,1769016564,66.36,20.00,waiting_at_station,46.528138,15.675039
2600,G1,46.539796,15.648052,1769016564,82.98,10.00,waiting_at_station,46.528138,15.675039
2601,G1,46.539660,15.648018,1769016564,72.36,20.00,waiting_at_station,46.528138,15.675039
17200,G1,46.528239,15.675192,1769016563,80.46,10.00,on_bus,46.528228,15.675159
17201,G1,46.528277,15.675175,1769016563,84.63,10.00,on_bus,46.528228,15.675159
17202,G1,46.528207,15.675225,1769016563,100.00,5.00,on_bus,46.528228,15.675159
17203,G1,46.528384,15.674860,1769016563,72.12,20.00,on_bus,46.528228,15.675159
17204,G1,46.528178,15.675286,1769016563,100.00,5.00,on_bus,46.528228,15.675159
17205,G1,46.528199,15.675151,1769016563,85.36,10.00,on_bus,46.528228,15.675159
2000,G1,46.559461,15.656014,1769016563,55.10,35.00,waiting_at_station,46.528228,15.675159
2001,G1,46.559066,15.654847,1769016563,69.75,20.00,waiting_at_station,46.528228,15.675159
2002,G1,46.559520,15.656163,1769016563,74.04,20.00,waiting_at_station,46.528228,15.675159
17200,G1,46.528249,15.675060,1769016563,97.16,5.00,on_bus,46.528242,15.675255
17201,G1,46.528378,15.675329,1769016563,76.68,10.00,on_bus,46.528242,15.675255
17202,G1,46.528367,15.675082,1769016563,70.28,20.00,on_bus,46.528242,15.675255
17203,G1,46.528153,15.675116,1769016563,65.56,20.00,on_bus,46.528242,15.675255
17204,G1,46.528283,15.675311,1769016563,76.39,10.00,on_bus,46.528242,15.675255
17205,G1,46.528232,15.675168,1769016563,68.55,20.00,on_bus,46.528242,15.675255
2000,G1,46.559527,15.656264,1769016563,82.57,10.00,waiting_at_station,46.528242,15.675255
2200,G1,46.540129,15.649628,1769016563,64.18,20.00,waiting_at_station,46.528242,15.675255
2201,G1,46.540205,15.649812,1769016563,74.12,20.00,waiting_at_station,46.528242,15.675255
2400,G1,46.527572,15.683668,1769016563,86.19,10.00,waiting_at_station,46.528242,15.675255
2600,G1,46.539722,15.648348,1769016563,68.68,20.00,waiting_at_station,46.528242,15.675255
2601,G1,46.539770,15.647800,1769016563,62.54,20.00,waiting_at_station,46.528242,15.675255
17200,G1,46.528220,15.675288,1769016565,96.17,5.00,on_bus,46.528257,15.675352
17201,G1,46.528337,15.675301,1769016565,74.06,20.00,on_bus,46.528257,15.675352
17202,G1,46.528035,15.675467,1769016565,66.16,20.00,on_bus,46.528257,15.675352
2100,G1,46.552612,15.650139,1769016565,45.22,35.00,waiting_at_station,46.528257,15.675352
17200,G1,46.528296,15.675464,1769016566,87.28,10.00,on_bus,46.528271,15.675448
17201,G1,46.528221,15.675460,1769016566,63.80,20.00,on_bus,46.528271,15.675448
17202,G1,46.528288,15.675476,1769016566,100.00,5.00,on_bus,46.528271,15.675448
17203,G1,46.528220,15.675408,1769016566,73.50,20.00,on_bus,46.528271,15.675448
17204,G1,46.528310,15.675469,1769016566,78.86,10.00,on_bus,46.528271,15.675448
17205,G1,46.528309,15.675525,1769016566,58.48,35.00,on_bus,46.528271,15.675448
2300,G1,46.532437,15.666532,1769016566,78.54,10.00,waiting_at_station,46.528271,15.675448
2301,G1,46.532500,15.666931,1769016566,82.94,10.00,waiting_at_station,46.528271,15.675448
2302,G1,46.532608,15.666743,1769016566,79.36,10.00,waiting_at_station,46.528271,15.675448
17200,G1,46.528307,15.675606,1769016566,66.44,20.00,on_bus,46.528285,15.675544
17201,G1,46.528349,15.675416,1769016566,39.99,50.00,on_bus,46.528285,15.675544
2000,G1,46.559314,15.656019,1769016566,78.61,10.00,waiting_at_station,46.528285,15.675544
2001,G1,46.559539,15.655844,1769016566,82.44,10.00,waiting_at_station,46.528285,15.675544
2200,G1,46.540215,15.649749,1769016566,96.76,5.00,waiting_at_station,46.528285,15.675544
2300,G1,46.532497,15.666798,1769016566,96.46,5.00,waiting_at_station,46.528285,15.675544
2301,G1,46.532423,15.667340,1769016566,100.00,5.00,waiting_at_station,46.528285,15.675544
2600,G1,46.539721,15.648290,1769016566,100.00,5.00,waiting_at_station,46.528285,15.675544
17200,G1,46.528266,15.675675,1769016568,58.01,35.00,on_bus,46.528300,15.675641
17201,G1,46.528277,15.675739,1769016568,100.00,5.00,on_bus,46.528300,15.675641
17202,G1,46.528265,15.675693,1769016568,91.66,5.00,on_bus,46.528300,15.675641
17203,G1,46.528276,15.675639,1769016568,86.15,10.00,on_bus,46.528300,15.675641
2000,G1,46.559388,15.656262,1769016568,61.24,20.00,waiting_at_station,46.528300,15.675641
2001,G1,46.559278,15.655841,1769016568,99.47,5.00,waiting_at_station,46.528300,15.675641
2002,G1,46.559718,15.656151,1769016568,61.00,20.00,waiting_at_station,46.528300,15.675641
2100,G1,46.552713,15.650396,1769016568,97.61,5.00,waiting_at_station,46.528300,15.675641
2101,G1,46.552843,15.649824,1769016568,64.09,20.00,waiting_at_station,46.528300,15.675641
2102,G1,46.552640,15.650034,1769016568,86.54,10.00,waiting_at_station,46.528300,15.675641
2400,G1,46.527218,15.683851,1769016568,50.04,35.00,waiting_at_station,46.528300,15.675641
2401,G1,46.527099,15.683968,1769016568,79.39,10.00,waiting_at_station,46.528300,15.675641
2500,G1,46.530869,15.669897,1769016568,66.26,20.00,waiting_at_station,46.528300,15.675641
2501,G1,46.530740,15.669974,1769016568,75.36,10.00,waiting_at_station,46.528300,15.675641
2502,G1,46.531126,15.669992,1769016568,86.48,10.00,waiting_at_station,46.528300,15.675641
17300,G1,46.528331,15.675772,1769016566,100.00,5.00,on_bus,46.528314,15.675737
17301,G1,46.528325,15.675707,1769016566,94.51,5.00,on_bus,46.528314,15.675737
17302,G1,46.528358,15.675708,1769016566,73.01,20.00,on_bus,46.528314,15.675737
17303,G1,46.528442,15.675751,1769016566,86.18,10.00,on_bus,46.528314,15.675737
2200,G1,46.539960,15.650141,1769016566,72.69,20.00,waiting_at_station,46.528314,15.675737
2201,G1,46.540048,15.649723,1769016566,69.05,20.00,waiting_at_station,46.528314,15.675737
2400,G1,46.527477,15.683923,1769016566,79.65,10.00,waiting_at_station,46.528314,15.675737
2401,G1,46.527459,15.684129,1769016566,71.08,20.00,waiting_at_station,46.528314,15.675737
2600,G1,46.539765,15.647325,1769016566,70.57,20.00,waiting_at_station,46.528314,15.675737
2601,G1,46.539609,15.648449,1769016566,100.00,5.00,waiting_at_station,46.528314,15.675737
2602,G1,46.540030,15.648481,1769016566,76.14,10.00,waiting_at_station,46.528314,15.675737
2700,G1,46.554319,15.651040,1769016566,93.21,5.00,waiting_at_station,46.528314,15.675737
17300,G1,46.528231,15.675601,1769016566,71.64,20.00,on_bus,46.528340,15.675861
17301,G1,46.528332,15.675851,1769016566,76.36,10.00,on_bus,46.528340,15.675861
2000,G1,46.559355,15.656497,1769016566,71.62,20.00,waiting_at_station,46.528340,15.675861
2001,G1,46.559248,15.655619,1769016566,87.31,10.00,waiting_at_station,46.528340,15.675861
2600,G1,46.538808,15.647648,1769016566,73.99,20.00,waiting_at_station,46.528340,15.675861
2601,G1,46.540025,15.648064,1769016566,84.30,10.00,waiting_at_station,46.528340,15.675861
2602,G1,46.539903,15.648455,1769016566,80.15,10.00,waiting_at_station,46.528340,15.675861
2800,G1,46.558674,15.655676,1769016566,60.64,20.00,waiting_at_station,46.528340,15.675861
2801,G1,46.558593,15.656062,1769016566,59.29,35.00,waiting_at_station,46.528340,15.675861
2802,G1,46.558944,15.655616,1769016566,84.65,10.00,waiting_at_station,46.528340,15.675861
17300,G1,46.528307,15.675755,1769016568,87.44,10.00,on_bus,46.528367,15.675985
17301,G1,46.528334,15.675930,1769016568,56.18,35.00,on_bus,46.528367,15.675985
2200,G1,46.540249,15.649741,1769016568,60.31,20.00,waiting_at_station,46.528367,15.675985
2201,G1,46.540159,15.649994,1769016568,78.68,10.00,waiting_at_station,46.528367,15.675985
17300,G1,46.528419,15.676066,1769016569,63.42,20.00,on_bus,46.528393,15.676108
17301,G1,46.528322,15.676076,1769016569,88.73,10.00,on_bus,46.528393,15.676108
17302,G1,46.528446,15.676195,1769016569,82.49,10.00,on_bus,46.528393,15.676108
17303,G1,46.528493,15.676011,1769016569,54.93,35.00,on_bus,46.528393,15.676108
2100,G1,46.552725,15.650247,1769016569,56.77,35.00,waiting_at_station,46.528393,15.676108
2700,G1,46.554426,15.650647,1769016569,87.60,10.00,waiting_at_station,46.528393,15.676108
2701,G1,46.554613,15.650198,1769016569,70.06,20.00,waiting_at_station,46.528393,15.676108
17400,G1,46.528402,15.676090,1769016568,74.63,20.00,on_bus,46.528420,15.676232
17401,G1,46.528305,15.675935,1769016568,72.64,20.00,on_bus,46.528420,15.676232
17402,G1,46.528457,15.676195,1769016568,100.00,5.00,on_bus,46.528420,15.676232
2100,G1,46.552760,15.650344,1769016568,81.10,10.00,waiting_at_station,46.528420,15.676232
2400,G1,46.527420,15.684263,1769016568,65.50,20.00,waiting_at_station,46.528420,15.676232
2401,G1,46.527619,15.684201,1769016568,54.39,35.00,waiting_at_station,46.528420,15.676232
2402,G1,46.527275,15.683923,1769016568,86.89,10.00,waiting_at_station,46.528420,15.676232
2700,G1,46.554626,15.650432,1769016568,50.82,35.00,waiting_at_station,46.528420,15.676232
17400,G1,46.528516,15.676077,1769016569,76.67,10.00,on_bus,46.528429,15.676339
17401,G1,46.528490,15.676382,1769016569,86.18,10.00,on_bus,46.528429,15.676339
17402,G1,46.528382,15.676383,1769016569,74.89,20.00,on_bus,46.528429,15.676339
17403,G1,46.528522,15.676578,1769016569,75.56,10.00,on_bus,46.528429,15.676339
17404,G1,46.528376,15.676375,1769016569,79.90,10.00,on_bus,46.528429,15.676339
17405,G1,46.528374,15.676176,1769016569,79.49,10.00,on_bus,46.528429,15.676339
2000,G1,46.559847,15.655979,1769016569,93.82,5.00,waiting_at_station,46.528429,15.676339
17400,G1,46.528342,15.676205,1769016570,73.12,20.00,on_bus,46.528437,15.676446
17401,G1,46.528489,15.676808,1769016570,100.00,5.00,on_bus,46.528437,15.676446
2100,G1,46.552653,15.650274