user_id,route,lat,lon,timestamp,signal_strength,accuracy_meters,user_type,bus_lat,bus_lon
1100,G1,46.559548,15.656067,1768973065,96.84,5.00,on_bus,46.559548,15.656007
1101,G1,46.559510,15.656067,1768973065,80.45,10.00,on_bus,46.559548,15.656007
2000,G1,46.560070,15.655736,1768973065,79.24,10.00,waiting_at_station,46.559548,15.656007
2001,G1,46.559683,15.655767,1768973065,61.00,20.00,waiting_at_station,46.559548,15.656007
2002,G1,46.559726,15.656273,1768973065,75.44,10.00,waiting_at_station,46.559548,15.656007
2200,G1,46.540407,15.649539,1768973065,82.48,10.00,waiting_at_station,46.559548,15.656007
2300,G1,46.532654,15.666895,1768973065,84.20,10.00,waiting_at_station,46.559548,15.656007
2301,G1,46.532544,15.667018,1768973065,90.18,5.00,waiting_at_station,46.559548,15.656007
2600,G1,46.540061,15.647785,1768973065,70.87,20.00,waiting_at_station,46.559548,15.656007
2700,G1,46.554515,15.650295,1768973065,44.71,50.00,waiting_at_station,46.559548,15.656007
1100,G1,46.559483,15.655986,1768973065,74.97,20.00,on_bus,46.559501,15.656003
1101,G1,46.559442,15.655967,1768973065,68.29,20.00,on_bus,46.559501,15.656003
1102,G1,46.559495,15.655994,1768973065,84.90,10.00,on_bus,46.559501,15.656003
1103,G1,46.559627,15.655886,1768973065,100.00,5.00,on_bus,46.559501,15.656003
2200,G1,46.539902,15.649912,1768973065,71.26,20.00,waiting_at_station,46.559501,15.656003
2201,G1,46.539990,15.649948,1768973065,67.74,20.00,waiting_at_station,46.559501,15.656003
2202,G1,46.540118,15.649737,1768973065,97.00,5.00,waiting_at_station,46.559501,15.656003
2300,G1,46.532479,15.666897,1768973065,49.66,35.00,waiting_at_station,46.559501,15.656003
1100,G1,46.559340,15.656232,1768973065,100.00,5.00,on_bus,46.559454,15.655999
1101,G1,46.559410,15.656170,1768973065,91.38,5.00,on_bus,46.559454,15.655999
1102,G1,46.559445,15.656026,1768973065,88.40,10.00,on_bus,46.559454,15.655999
1103,G1,46.559431,15.655974,1768973065,71.28,20.00,on_bus,46.559454,15.655999
1104,G1,46.559443,15.655980,1768973065,63.05,20.00,on_bus,46.559454,15.655999
1105,G1,46.559579,15.655912,1768973065,72.96,20.00,on_bus,46.559454,15.655999
2200,G1,46.540382,15.650049,1768973065,81.00,10.00,waiting_at_station,46.559454,15.655999
2300,G1,46.532609,15.666548,1768973065,87.64,10.00,waiting_at_station,46.559454,15.655999
2301,G1,46.532662,15.667443,1768973065,78.89,10.00,waiting_at_station,46.559454,15.655999
2302,G1,46.532623,15.666849,1768973065,20.00,50.00,waiting_at_station,46.559454,15.655999
2600,G1,46.539442,15.648293,1768973065,78.18,10.00,waiting_at_station,46.559454,15.655999
2601,G1,46.539797,15.648159,1768973065,83.01,10.00,waiting_at_station,46.559454,15.655999
2700,G1,46.554325,15.651055,1768973065,71.03,20.00,waiting_at_station,46.559454,15.655999
1100,G1,46.559416,15.656103,1768973066,68.31,20.00,on_bus,46.559407,15.655995
1101,G1,46.559389,15.655979,1768973066,93.12,5.00,on_bus,46.559407,15.655995
2500,G1,46.530869,15.670148,1768973066,54.87,35.00,waiting_at_station,46.559407,15.655995
2501,G1,46.530700,15.669810,1768973066,40.51,50.00,waiting_at_station,46.559407,15.655995
2700,G1,46.554331,15.650668,1768973066,100.00,5.00,waiting_at_station,46.559407,15.655995
1200,G1,46.559384,15.655974,1768973066,72.45,20.00,on_bus,46.559360,15.655991
1201,G1,46.559395,15.655986,1768973066,63.92,20.00,on_bus,46.559360,15.655991
1202,G1,46.559314,15.656021,1768973066,86.76,10.00,on_bus,46.559360,15.655991
2400,G1,46.527369,15.684369,1768973066,74.88,20.00,waiting_at_station,46.559360,15.655991
2401,G1,46.527480,15.684439,1768973066,86.22,10.00,waiting_at_station,46.559360,15.655991
2402,G1,46.527499,15.684954,1768973066,69.69,20.00,waiting_at_station,46.559360,15.655991
2600,G1,46.539863,15.647830,1768973066,83.15,10.00,waiting_at_station,46.559360,15.655991
2700,G1,46.554468,15.650905,1768973066,58.27,35.00,waiting_at_station,46.559360,15.655991
2701,G1,46.554278,15.650506,1768973066,77.85,10.00,waiting_at_station,46.559360,15.655991
1200,G1,46.559192,15.655836,1768973068,92.04,5.00,on_bus,46.559239,15.655946
1201,G1,46.559463,15.656015,1768973068,79.70,10.00,on_bus,46.559239,15.655946
2000,G1,46.559540,15.655934,1768973068,100.00,5.00,waiting_at_station,46.559239,15.655946
2100,G1,46.552507,15.650183,1768973068,51.06,35.00,waiting_at_station,46.559239,15.655946
2101,G1,46.552665,15.650238,1768973068,84.72,10.00,waiting_at_station,46.559239,15.655946
2200,G1,46.540108,15.649588,1768973068,87.90,10.00,waiting_at_station,46.559239,15.655946
2201,G1,46.539857,15.649457,1768973068,90.85,5.00,waiting_at_station,46.559239,15.655946
2500,G1,46.531158,15.670716,1768973068,67.61,20.00,waiting_at_station,46.559239,15.655946
2501,G1,46.531022,15.669570,1768973068,59.22,35.00,waiting_at_station,46.559239,15.655946
2800,G1,46.558696,15.655561,1768973068,65.01,20.00,waiting_at_station,46.559239,15.655946
2801,G1,46.558886,15.655908,1768973068,69.73,20.00,waiting_at_station,46.559239,15.655946
1200,G1,46.559131,15.655836,1768973069,84.30,10.00,on_bus,46.559118,15.655900
1201,G1,46.558942,15.655903,1768973069,93.01,5.00,on_bus,46.559118,15.655900
2300,G1,46.532593,15.667054,1768973069,84.65,10.00,waiting_at_station,46.559118,15.655900
2301,G1,46.532728,15.666704,1768973069,83.12,10.00,waiting_at_station,46.559118,15.655900
2302,G1,46.532631,15.667246,1768973069,58.82,35.00,waiting_at_station,46.559118,15.655900
2700,G1,46.554316,15.650374,1768973069,73.27,20.00,waiting_at_station,46.559118,15.655900
2701,G1,46.554214,15.650237,1768973069,74.50,20.00,waiting_at_station,46.559118,15.655900
2800,G1,46.558734,15.655778,1768973069,59.24,35.00,waiting_at_station,46.559118,15.655900
2801,G1,46.558832,15.655531,1768973069,86.09,10.00,waiting_at_station,46.559118,15.655900
1300,G1,46.558899,15.656015,1768973069,100.00,5.00,on_bus,46.558997,15.655855
1301,G1,46.559045,15.655825,1768973069,83.02,10.00,on_bus,46.558997,15.655855
1302,G1,46.559030,15.655860,1768973069,68.14,20.00,on_bus,46.558997,15.655855
2000,G1,46.559555,15.655966,1768973069,42.29,50.00,waiting_at_station,46.558997,15.655855
2001,G1,46.559683,15.656367,1768973069,91.34,5.00,waiting_at_station,46.558997,15.655855
2002,G1,46.559666,15.655830,1768973069,100.00,5.00,waiting_at_station,46.558997,15.655855
2100,G1,46.552696,15.650980,1768973069,58.18,35.00,waiting_at_station,46.558997,15.655855
2300,G1,46.532507,15.666778,1768973069,87.00,10.00,waiting_at_station,46.558997,15.655855
2800,G1,46.558447,15.655940,1768973069,85.87,10.00,waiting_at_station,46.558997,15.655855
2801,G1,46.558406,15.655711,1768973069,65.14,20.00,waiting_at_station,46.558997,15.655855
2802,G1,46.558261,15.656068,1768973069,91.74,5.00,waiting_at_station,46.558997,15.655855
1300,G1,46.558852,15.655816,1768973069,50.23,35.00,on_bus,46.558937,15.655834
1301,G1,46.558925,15.655813,1768973069,60.74,20.00,on_bus,46.558937,15.655834
1302,G1,46.558937,15.655749,1768973069,87.53,10.00,on_bus,46.558937,15.655834
1303,G1,46.558943,15.655918,1768973069,83.37,10.00,on_bus,46.558937,15.655834
1304,G1,46.558917,15.655840,1768973069,91.65,5.00,on_bus,46.558937,15.655834
1305,G1,46.558967,15.655828,1768973069,88.56,10.00,on_bus,46.558937,15.655834
2200,G1,46.540379,15.649590,1768973069,77.17,10.00,waiting_at_station,46.558937,15.655834
2201,G1,46.540184,15.650071,1768973069,58.25,35.00,waiting_at_station,46.558937,15.655834
2300,G1,46.532509,15.666365,1768973069,51.45,35.00,waiting_at_station,46.558937,15.655834
2600,G1,46.539891,15.648098,1768973069,65.79,20.00,waiting_at_station,46.558937,15.655834
1300,G1,46.558936,15.655759,1768973070,76.28,10.00,on_bus,46.558878,15.655812
1301,G1,46.558849,15.656132,1768973070,61.26,20.00,on_bus,46.558878,15.655812
1302,G1,46.558905,15.655817,1768973070,60.42,20.00,on_bus,46.558878,15.655812
2000,G1,46.559531,15.656239,1768973070,87.38,10.00,waiting_at_station,46.558878,15.655812
2100,G1,46.552287,15.649520,1768973070,74.25,20.00,waiting_at_station,46.558878,15.655812
2101,G1,46.552948,15.649338,1768973070,93.17,5.00,waiting_at_station,46.558878,15.655812
2102,G1,46.553098,15.649972,1768973070,49.88,35.00,waiting_at_station,46.558878,15.655812
2200,G1,46.540011,15.649985,1768973070,76.88,10.00,waiting_at_station,46.558878,15.655812
2201,G1,46.539916,15.649499,1768973070,50.93,35.00,waiting_at_station,46.558878,15.655812
2202,G1,46.540194,15.649854,1768973070,77.21,10.00,waiting_at_station,46.558878,15.655812
1300,G1,46.558724,15.655722,1768973071,77.30,10.00,on_bus,46.558818,15.655791
1301,G1,46.558757,15.655749,1768973071,100.00,5.00,on_bus,46.558818,15.655791
1302,G1,46.558724,15.655724,1768973071,50.65,35.00,on_bus,46.558818,15.655791
2200,G1,46.540280,15.649781,1768973071,71.51,20.00,waiting_at_station,46.558818,15.655791
2400,G1,46.527232,15.684173,1768973071,73.43,20.00,waiting_at_station,46.558818,15.655791
2401,G1,46.527442,15.684413,1768973071,62.92,20.00,waiting_at_station,46.558818,15.655791
1300,G1,46.558618,15.655890,1768973072,81.22,10.00,on_bus,46.558759,15.655769
1301,G1,46.558889,15.655698,1768973072,80.20,10.00,on_bus,46.558759,15.655769
1302,G1,46.558767,15.655515,1768973072,95.92,5.00,on_bus,46.558759,15.655769
1400,G1,46.558630,15.655714,1768973071,98.67,5.00,on_bus,46.558699,15.655748
1401,G1,46.558701,15.655762,1768973071,46.70,35.00,on_bus,46.558699,15.655748
1402,G1,46.558702,15.655655,1768973071,69.13,20.00,on_bus,46.558699,15.655748
1403,G1,46.558684,15.655742,1768973071,73.86,20.00,on_bus,46.558699,15.655748
1404,G1,46.558753,15.655941,1768973071,70.05,20.00,on_bus,46.558699,15.655748
2100,G1,46.552686,15.650654,1768973071,93.96,5.00,waiting_at_station,46.558699,15.655748
2300,G1,46.532528,15.667087,1768973071,83.38,10.00,waiting_at_station,46.558699,15.655748
2301,G1,46.532377,15.667041,1768973071,73.93,20.00,waiting_at_station,46.558699,15.655748
2600,G1,46.540342,15.647875,1768973071,97.91,5.00,waiting_at_station,46.558699,15.655748
2601,G1,46.540330,15.648242,1768973071,89.55,10.00,waiting_at_station,46.558699,15.655748
2602,G1,46.539859,15.647903,1768973071,93.55,5.00,waiting_at_station,46.558699,15.655748
1400,G1,46.558580,15.655775,1768973071,76.30,10.00,on_bus,46.558648,15.655727
1401,G1,46.558522,15.655786,1768973071,82.60,10.00,on_bus,46.558648,15.655727
2000,G1,46.559382,15.656085,1768973071,84.55,10.00,waiting_at_station,46.558648,15.655727
2100,G1,46.552605,15.650187,1768973071,53.05,35.00,waiting_at_station,46.558648,15.655727
2101,G1,46.552727,15.650666,1768973071,73.19,20.00,waiting_at_station,46.558648,15.655727
2500,G1,46.530635,15.669614,1768973071,65.19,20.00,waiting_at_station,46.558648,15.655727
2501,G1,46.530798,15.669211,1768973071,63.99,20.00,waiting_at_station,46.558648,15.655727
1400,G1,46.558542,15.655641,1768973072,99.40,5.00,on_bus,46.558597,15.655707
1401,G1,46.558683,15.655818,1768973072,94.27,5.00,on_bus,46.558597,15.655707
1402,G1,46.558567,15.655682,1768973072,98.93,5.00,on_bus,46.558597,15.655707
1403,G1,46.558437,15.655481,1768973072,100.00,5.00,on_bus,46.558597,15.655707
2000,G1,46.559419,15.655997,1768973072,94.78,5.00,waiting_at_station,46.558597,15.655707
2001,G1,46.559285,15.656273,1768973072,81.84,10.00,waiting_at_station,46.558597,15.655707
2002,G1,46.559827,15.656204,1768973072,84.68,10.00,waiting_at_station,46.558597,15.655707
2100,G1,46.552716,15.650145,1768973072,91.86,5.00,waiting_at_station,46.558597,15.655707
2300,G1,46.532561,15.667187,1768973072,66.57,20.00,waiting_at_station,46.558597,15.655707
2301,G1,46.532508,15.667004,1768973072,76.94,10.00,waiting_at_station,46.558597,15.655707
2302,G1,46.532275,15.666828,1768973072,41.06,50.00,waiting_at_station,46.558597,15.655707
2400,G1,46.527563,15.684079,1768973072,82.19,10.00,waiting_at_station,46.558597,15.655707
2401,G1,46.527474,15.684047,1768973072,80.33,10.00,waiting_at_station,46.558597,15.655707
2402,G1,46.527480,15.684159,1768973072,77.99,10.00,waiting_at_station,46.558597,15.655707
2600,G1,46.539895,15.647909,1768973072,84.62,10.00,waiting_at_station,46.558597,15.655707
2700,G1,46.554384,15.650264,1768973072,53.72,35.00,waiting_at_station,46.558597,15.655707
2701,G1,46.554283,15.650880,1768973072,74.67,20.00,waiting_at_station,46.558597,15.655707
2702,G1,46.554289,15.651084,1768973072,77.19,10.00,waiting_at_station,46.558597,15.655707
1400,G1,46.558544,15.655898,1768973073,87.21,10.00,on_bus,46.558546,15.655686
1401,G1,46.558496,15.655783,1768973073,86.89,10.00,on_bus,46.558546,15.655686
1402,G1,46.558590,15.655674,1768973073,100.00,5.00,on_bus,46.558546,15.655686
1403,G1,46.558489,15.655739,1768973073,65.49,20.00,on_bus,46.558546,15.655686
1404,G1,46.558623,15.655815,1768973073,90.47,5.00,on_bus,46.558546,15.655686
1400,G1,46.558608,15.655610,1768973074,90.17,5.00,on_bus,46.558495,15.655666
1401,G1,46.558436,15.655695,1768973074,74.14,20.00,on_bus,46.558495,15.655666
1402,G1,46.558489,15.655507,1768973074,96.30,5.00,on_bus,46.558495,15.655666
1403,G1,46.558389,15.655715,1768973074,93.23,5.00,on_bus,46.558495,15.655666
2000,G1,46.559596,15.655962,1768973074,45.29,35.00,waiting_at_station,46.558495,15.655666
2001,G1,46.559388,15.655692,1768973074,79.99,10.00,waiting_at_station,46.558495,15.655666
2002,G1,46.559446,15.655764,1768973074,66.42,20.00,waiting_at_station,46.558495,15.655666
2600,G1,46.539897,15.647888,1768973074,79.22,10.00,waiting_at_station,46.558495,15.655666
1500,G1,46.558495,15.655818,1768973073,98.61,5.00,on_bus,46.558444,15.655645
1501,G1,46.558390,15.655568,1768973073,100.00,5.00,on_bus,46.558444,15.655645
1502,G1,46.558485,15.655612,1768973073,76.61,10.00,on_bus,46.558444,15.655645
2200,G1,46.540097,15.649531,1768973073,88.44,10.00,waiting_at_station,46.558444,15.655645
2201,G1,46.540037,15.649906,1768973073,53.15,35.00,waiting_at_station,46.558444,15.655645
2300,G1,46.532505,15.666765,1768973073,70.10,20.00,waiting_at_station,46.558444,15.655645
2301,G1,46.532404,15.666927,1768973073,81.19,10.00,waiting_at_station,46.558444,15.655645
2302,G1,46.532497,15.666797,1768973073,62.77,20.00,waiting_at_station,46.558444,15.655645
2400,G1,46.527308,15.684261,1768973073,73.51,20.00,waiting_at_station,46.558444,15.655645
2800,G1,46.558679,15.655335,1768973073,94.29,5.00,waiting_at_station,46.558444,15.655645
2801,G1,46.558731,15.655608,1768973073,100.00,5.00,waiting_at_station,46.558444,15.655645
1500,G1,46.558516,15.655435,1768973073,100.00,5.00,on_bus,46.558440,15.655533
1501,G1,46.558520,15.655466,1768973073,78.51,10.00,on_bus,46.558440,15.655533
1502,G1,46.558449,15.655667,1768973073,73.03,20.00,on_bus,46.558440,15.655533
1503,G1,46.558416,15.655500,1768973073,98.81,5.00,on_bus,46.558440,15.655533
1504,G1,46.558366,15.655508,1768973073,43.96,50.00,on_bus,46.558440,15.655533
1505,G1,46.558378,15.655617,1768973073,75.37,10.00,on_bus,46.558440,15.655533
2000,G1,46.559304,15.656157,1768973073,96.51,5.00,waiting_at_station,46.558440,15.655533
2001,G1,46.559457,15.656119,1768973073,46.02,35.00,waiting_at_station,46.558440,15.655533
2002,G1,46.559445,15.655409,1768973073,49.57,35.00,waiting_at_station,46.558440,15.655533
2200,G1,46.540181,15.649842,1768973073,100.00,5.00,waiting_at_station,46.558440,15.655533
2201,G1,46.539817,15.649592,1768973073,57.48,35.00,waiting_at_station,46.558440,15.655533
2202,G1,46.540023,15.649006,1768973073,85.71,10.00,waiting_at_station,46.558440,15.655533
1500,G1,46.558430,15.655431,1768973074,80.70,10.00,on_bus,46.558435,15.655421
1501,G1,46.558502,15.655286,1768973074,83.72,10.00,on_bus,46.558435,15.655421
1502,G1,46.558515,15.655504,1768973074,98.66,5.00,on_bus,46.558435,15.655421
1503,G1,46.558462,15.655441,1768973074,81.77,10.00,on_bus,46.558435,15.655421
2100,G1,46.552724,15.650178,1768973074,98.36,5.00,waiting_at_station,46.558435,15.655421
2101,G1,46.552707,15.650065,1768973074,78.49,10.00,waiting_at_station,46.558435,15.655421
2102,G1,46.552788,15.650246,1768973074,61.79,20.00,waiting_at_station,46.558435,15.655421
2500,G1,46.530623,15.670034,1768973074,70.53,20.00,waiting_at_station,46.558435,15.655421
2501,G1,46.530883,15.669748,1768973074,81.03,10.00,waiting_at_station,46.558435,15.655421
2502,G1,46.530442,15.670656,1768973074,54.84,35.00,waiting_at_station,46.558435,15.655421
2700,G1,46.554441,15.650120,1768973074,68.18,20.00,waiting_at_station,46.558435,15.655421
1500,G1,46.558399,15.655364,1768973076,95.99,5.00,on_bus,46.558431,15.655309
1501,G1,46.558355,15.655260,1768973076,97.59,5.00,on_bus,46.558431,15.655309
2300,G1,46.532462,15.666717,1768973076,64.43,20.00,waiting_at_station,46.558431,15.655309
1500,G1,46.558434,15.655227,1768973077,59.84,35.00,on_bus,46.558427,15.655198
1501,G1,46.558515,15.655394,1768973077,87.97,10.00,on_bus,46.558427,15.655198
1502,G1,46.558421,15.655318,1768973077,60.85,20.00,on_bus,46.558427,15.655198
1503,G1,46.558303,15.655256,1768973077,87.70,10.00,on_bus,46.558427,15.655198
1504,G1,46.558356,15.655199,1768973077,91.43,5.00,on_bus,46.558427,15.655198
2200,G1,46.540271,15.649511,1768973077,73.00,20.00,waiting_at_station,46.558427,15.655198
2201,G1,46.539953,15.649530,1768973077,76.89,10.00,waiting_at_station,46.558427,15.655198
2202,G1,46.539890,15.649956,1768973077,57.88,35.00,waiting_at_station,46.558427,15.655198
1500,G1,46.558409,15.655070,1768973078,63.04,20.00,on_bus,46.558422,15.655086
1501,G1,46.558369,15.655152,1768973078,74.46,20.00,on_bus,46.558422,15.655086
1502,G1,46.558440,15.655300,1768973078,57.44,35.00,on_bus,46.558422,15.655086
2300,G1,46.532593,15.666513,1768973078,73.19,20.00,waiting_at_station,46.558422,15.655086
2301,G1,46.532440,15.666501,1768973078,97.90,5.00,waiting_at_station,46.558422,15.655086
2700,G1,46.554156,15.650804,1768973078,49.96,35.00,waiting_at_station,46.558422,15.655086
1600,G1,46.558450,15.654903,1768973076,83.63,10.00,on_bus,46.558418,15.654974
1601,G1,46.558429,15.654938,1768973076,46.49,35.00,on_bus,46.558418,15.654974
2200,G1,46.540113,15.649791,1768973076,58.93,35.00,waiting_at_station,46.558418,15.654974
2600,G1,46.540068,15.648361,1768973076,55.84,35.00,waiting_at_station,46.558418,15.654974
2601,G1,46.540074,15.648196,1768973076,83.24,10.00,waiting_at_station,46.558418,15.654974
2602,G1,46.539891,15.647894,1768973076,79.27,10.00,waiting_at_station,46.558418,15.654974
1600,G1,46.558697,15.655015,1768973078,100.00,5.00,on_bus,46.558580,15.654973
1601,G1,46.558577,15.654873,1768973078,53.91,35.00,on_bus,46.558580,15.654973
1602,G1,46.558557,15.654935,1768973078,100.00,5.00,on_bus,46.558580,15.654973
2000,G1,46.559382,15.656042,1768973078,68.74,20.00,waiting_at_station,46.558580,15.654973
2600,G1,46.539987,15.648089,1768973078,100.00,5.00,waiting_at_station,46.558580,15.654973
2601,G1,46.539948,15.648357,1768973078,81.09,10.00,waiting_at_station,46.558580,15.654973
2602,G1,46.539938,15.648015,1768973078,73.58,20.00,waiting_at_station,46.558580,15.654973
1600,G1,46.558737,15.654999,1768973081,69.78,20.00,on_bus,46.558741,15.654973
1601,G1,46.558749,15.655043,1768973081,100.00,5.00,on_bus,46.558741,15.654973
1602,G1,46.558754,15.655153,1768973081,73.03,20.00,on_bus,46.558741,15.654973
1603,G1,46.558711,15.654730,1768973081,78.59,10.00,on_bus,46.558741,15.654973
2300,G1,46.532732,15.666554,1768973081,89.39,10.00,waiting_at_station,46.558741,15.654973
2301,G1,46.532634,15.666705,1768973081,86.71,10.00,waiting_at_station,46.558741,15.654973
2600,G1,46.539975,15.648453,1768973081,100.00,5.00,waiting_at_station,46.558741,15.654973
2601,G1,46.540165,15.648061,1768973081,78.94,10.00,waiting_at_station,46.558741,15.654973
2602,G1,46.540009,15.648172,1768973081,36.50,50.00,waiting_at_station,46.558741,15.654973
1700,G1,46.558930,15.654972,1768973079,100.00,5.00,on_bus,46.558903,15.654972
1701,G1,46.558993,15.654982,1768973079,94.86,5.00,on_bus,46.558903,15.654972
1702,G1,46.558855,15.655105,1768973079,60.75,20.00,on_bus,46.558903,15.654972
1703,G1,46.558945,15.654899,1768973079,57.08,35.00,on_bus,46.558903,15.654972
1704,G1,46.558897,15.655061,1768973079,57.42,35.00,on_bus,46.558903,15.654972
2100,G1,46.552657,15.650200,1768973079,66.56,20.00,waiting_at_station,46.558903,15.654972
2101,G1,46.552468,15.649660,1768973079,53.49,35.00,waiting_at_station,46.558903,15.654972
2102,G1,46.552556,15.649453,1768973079,83.23,10.00,waiting_at_station,46.558903,15.654972
2200,G1,46.540483,15.648903,1768973079,74.53,20.00,waiting_at_station,46.558903,15.654972
2201,G1,46.540040,15.649573,1768973079,77.30,10.00,waiting_at_station,46.558903,15.654972
2202,G1,46.539963,15.649188,1768973079,71.79,20.00,waiting_at_station,46.558903,15.654972
2300,G1,46.532564,15.666664,1768973079,70.52,20.00,waiting_at_station,46.558903,15.654972
2301,G1,46.532509,15.666819,1768973079,68.67,20.00,waiting_at_station,46.558903,15.654972
2600,G1,46.539820,15.648135,1768973079,57.61,35.00,waiting_at_station,46.558903,15.654972
2700,G1,46.554343,15.650347,1768973079,89.94,10.00,waiting_at_station,46.558903,15.654972
2701,G1,46.554256,15.650339,1768973079,51.57,35.00,waiting_at_station,46.558903,15.654972
2702,G1,46.554197,15.650515,1768973079,56.38,35.00,waiting_at_station,46.558903,15.654972
1700,G1,46.558907,15.654963,1768973080,100.00,5.00,on_bus,46.558966,15.654997
1701,G1,46.559033,15.654922,1768973080,100.00,5.00,on_bus,46.558966,15.654997
2000,G1,46.559152,15.656027,1768973080,55.57,35.00,waiting_at_station,46.558966,15.654997
2600,G1,46.539782,15.648225,1768973080,72.46,20.00,waiting_at_station,46.558966,15.654997
2601,G1,46.539768,15.648472,1768973080,73.97,20.00,waiting_at_station,46.558966,15.654997
2602,G1,46.539718,15.648409,1768973080,80.49,10.00,waiting_at_station,46.558966,15.654997
2700,G1,46.554362,15.650343,1768973080,73.22,20.00,waiting_at_station,46.558966,15.654997
2701,G1,46.554213,15.650856,1768973080,86.61,10.00,waiting_at_station,46.558966,15.654997
2702,G1,46.553905,15.650819,1768973080,89.77,10.00,waiting_at_station,46.558966,15.654997
2800,G1,46.558591,15.655751,1768973080,91.36,5.00,waiting_at_station,46.558966,15.654997
1700,G1,46.559032,15.655089,1768973081,89.82,10.00,on_bus,46.559029,15.655022
1701,G1,46.559117,15.655045,1768973081,85.11,10.00,on_bus,46.559029,15.655022
1702,G1,46.559071,15.654991,1768973081,82.05,10.00,on_bus,46.559029,15.655022
1703,G1,46.558927,15.654964,1768973081,100.00,5.00,on_bus,46.559029,15.655022
2200,G1,46.540122,15.649634,1768973081,74.25,20.00,waiting_at_station,46.559029,15.655022
2300,G1,46.532817,15.666552,1768973081,93.51,5.00,waiting_at_station,46.559029,15.655022
2301,G1,46.532686,15.666603,1768973081,69.66,20.00,waiting_at_station,46.559029,15.655022
2600,G1,46.539843,15.648499,1768973081,71.70,20.00,waiting_at_station,46.559029,15.655022
2601,G1,46.540003,15.648254,1768973081,74.85,20.00,waiting_at_station,46.559029,15.655022
2602,G1,46.539721,15.648084,1768973081,86.56,10.00,waiting_at_station,46.559029,15.655022
1700,G1,46.558955,15.655113,1768973081,80.73,10.00,on_bus,46.559093,15.655047
1701,G1,46.558941,15.655011,1768973081,77.51,10.00,on_bus,46.559093,15.655047
2600,G1,46.539363,15.647599,1768973081,58.85,35.00,waiting_at_station,46.559093,15.655047
2700,G1,46.554293,15.650719,1768973081,77.79,10.00,waiting_at_station,46.559093,15.655047
2701,G1,46.554226,15.650193,1768973081,78.87,10.00,waiting_at_station,46.559093,15.655047
1700,G1,46.559176,15.655025,1768973083,60.74,20.00,on_bus,46.559156,15.655072
1701,G1,46.559173,15.655436,1768973083,75.61,10.00,on_bus,46.559156,15.655072
2000,G1,46.559461,15.656190,1768973083,100.00,5.00,waiting_at_station,46.559156,15.655072
2001,G1,46.559676,15.655977,1768973083,96.55,5.00,waiting_at_station,46.559156,15.655072
2002,G1,46.559467,15.656555,1768973083,84.61,10.00,waiting_at_station,46.559156,15.655072
2300,G1,46.532531,15.666888,1768973083,59.24,35.00,waiting_at_station,46.559156,15.655072
2301,G1,46.532697,15.666993,1768973083,37.57,50.00,waiting_at_station,46.559156,15.655072
2302,G1,46.532336,15.666664,1768973083,74.71,20.00,waiting_at_station,46.559156,15.655072
2500,G1,46.530579,15.670459,1768973083,63.31,20.00,waiting_at_station,46.559156,15.655072
2501,G1,46.530647,15.670244,1768973083,67.59,20.00,waiting_at_station,46.559156,15.655072
2502,G1,46.530713,15.669766,1768973083,89.60,10.00,waiting_at_station,46.559156,15.655072
2700,G1,46.554275,15.650794,1768973083,97.82,5.00,waiting_at_station,46.559156,15.655072
2701,G1,46.554229,15.651164,1768973083,88.00,10.00,waiting_at_station,46.559156,15.655072
1700,G1,46.559327,15.655029,1768973084,95.92,5.00,on_bus,46.559219,15.655097
1701,G1,46.559168,15.655364,1768973084,99.36,5.00,on_bus,46.559219,15.655097
2100,G1,46.552678,15.650387,1768973084,92.40,5.00,waiting_at_station,46.559219,15.655097
2101,G1,46.552388,15.649573,1768973084,67.00,20.00,waiting_at_station,46.559219,15.655097
2102,G1,46.552510,15.650794,1768973084,92.89,5.00,waiting_at_station,46.559219,15.655097
2200,G1,46.540067,15.649647,1768973084,88.71,10.00,waiting_at_station,46.559219,15.655097
2201,G1,46.540264,15.649855,1768973084,60.30,20.00,waiting_at_station,46.559219,15.655097
2202,G1,46.540079,15.649606,1768973084,65.53,20.00,waiting_at_station,46.559219,15.655097
2400,G1,46.527393,15.684358,1768973084,63.36,20.00,waiting_at_station,46.559219,15.655097
2401,G1,46.527453,15.684412,1768973084,100.00,5.00,waiting_at_station,46.559219,15.655097
2500,G1,46.530804,15.670121,1768973084,81.47,10.00,waiting_at_station,46.559219,15.655097
2501,G1,46.530866,15.669738,1768973084,79.62,10.00,waiting_at_station,46.559219,15.655097
2600,G1,46.539834,15.647916,1768973084,100.00,5.00,waiting_at_station,46.559219,15.655097
1800,G1,46.559219,15.655068,1768973082,81.59,10.00,on_bus,46.559282,15.655122
1801,G1,46.559368,15.655050,1768973082,84.23,10.00,on_bus,46.559282,15.655122
1802,G1,46.559339,15.655127,1768973082,84.14,10.00,on_bus,46.559282,15.655122
1803,G1,46.559215,15.655009,1768973082,82.10,10.00,on_bus,46.559282,15.655122
1804,G1,46.559322,15.655114,1768973082,71.09,20.00,on_bus,46.559282,15.655122
1805,G1,46.559200,15.655024,1768973082,85.40,10.00,on_bus,46.559282,15.655122
2200,G1,46.540124,15.649759,1768973082,81.52,10.00,waiting_at_station,46.559282,15.655122
2201,G1,46.540230,15.650162,1768973082,56.37,35.00,waiting_at_station,46.559282,15.655122
2202,G1,46.540040,15.649713,1768973082,71.65,20.00,waiting_at_station,46.559282,15.655122
2700,G1,46.554305,15.650272,1768973082,80.93,10.00,waiting_at_station,46.559282,15.655122
2800,G1,46.558617,15.655521,1768973082,81.48,10.00,waiting_at_station,46.559282,15.655122
2801,G1,46.558870,15.655488,1768973082,97.67,5.00,waiting_at_station,46.559282,15.655122
1800,G1,46.559373,15.655151,1768973083,69.14,20.00,on_bus,46.559364,15.655161
1801,G1,46.559311,15.655185,1768973083,80.60,10.00,on_bus,46.559364,15.655161
2000,G1,46.559606,15.655931,1768973083,77.70,10.00,waiting_at_station,46.559364,15.655161
2001,G1,46.559632,15.655493,1768973083,98.31,5.00,waiting_at_station,46.559364,15.655161
2002,G1,46.559556,15.656181,1768973083,84.87,10.00,waiting_at_station,46.559364,15.655161
2100,G1,46.552695,15.650135,1768973083,96.08,5.00,waiting_at_station,46.559364,15.655161
2101,G1,46.552270,15.650314,1768973083,76.54,10.00,waiting_at_station,46.559364,15.655161
2400,G1,46.527573,15.684750,1768973083,82.55,10.00,waiting_at_station,46.559364,15.655161
2401,G1,46.527209,15.684693,1768973083,64.95,20.00,waiting_at_station,46.559364,15.655161
2402,G1,46.527302,15.683593,1768973083,81.22,10.00,waiting_at_station,46.559364,15.655161
2500,G1,46.530769,15.670790,1768973083,78.31,10.00,waiting_at_station,46.559364,15.655161
2501,G1,46.530664,15.670258,1768973083,86.01,10.00,waiting_at_station,46.559364,15.655161
2700,G1,46.554725,15.650235,1768973083,82.86,10.00,waiting_at_station,46.559364,15.655161
2800,G1,46.559215,15.655426,1768973083,91.94,5.00,waiting_at_station,46.559364,15.655161
2801,G1,46.559374,15.656175,1768973083,64.34,20.00,waiting_at_station,46.559364,15.655161
1800,G1,46.559415,15.655217,1768973084,92.07,5.00,on_bus,46.559447,15.655200
1801,G1,46.559498,15.655263,1768973084,83.40,10.00,on_bus,46.559447,15.655200
1802,G1,46.559464,15.655133,1768973084,52.92,35.00,on_bus,46.559447,15.655200
1803,G1,46.559443,15.655241,1768973084,100.00,5.00,on_bus,46.559447,15.655200
1804,G1,46.559467,15.655134,1768973084,100.00,5.00,on_bus,46.559447,15.655200
2300,G1,46.532457,15.666296,1768973084,56.62,35.00,waiting_at_station,46.559447,15.655200
2301,G1,46.532327,15.667125,1768973084,62.38,20.00,waiting_at_station,46.559447,15.655200
2302,G1,46.532504,15.666771,1768973084,67.89,20.00,waiting_at_station,46.559447,15.655200
2500,G1,46.530973,15.669652,1768973084,57.01,35.00,waiting_at_station,46.559447,15.655200
2501,G1,46.530989,15.669485,1768973084,90.81,5.00,waiting_at_station,46.559447,15.655200
2502,G1,46.530989,15.669912,1768973084,75.92,10.00,waiting_at_station,46.559447,15.655200
2700,G1,46.554120,15.651105,1768973084,72.46,20.00,waiting_at_station,46.559447,15.655200
2701,G1,46.554455,15.650087,1768973084,81.72,10.00,waiting_at_station,46.559447,15.655200
2702,G1,46.554449,15.650390,1768973084,70.74,20.00,waiting_at_station,46.559447,15.655200
1800,G1,46.559492,15.655355,1768973085,54.87,35.00,on_bus,46.559529,15.655238
1801,G1,46.559415,15.655205,1768973085,46.16,35.00,on_bus,46.559529,15.655238
2000,G1,46.559188,15.656616,1768973085,85.67,10.00,waiting_at_station,46.559529,15.655238
2001,G1,46.559425,15.655894,1768973085,74.89,20.00,waiting_at_station,46.559529,15.655238
2002,G1,46.559567,15.656036,1768973085,68.09,20.00,waiting_at_station,46.559529,15.655238
2200,G1,46.539655,15.649313,1768973085,86.70,10.00,waiting_at_station,46.559529,15.655238
2201,G1,46.539985,15.650091,1768973085,84.99,10.00,waiting_at_station,46.559529,15.655238
1800,G1,46.559667,15.655192,1768973087,74.44,20.00,on_bus,46.559612,15.655277
1801,G1,46.559595,15.655367,1768973087,100.00,5.00,on_bus,46.559612,15.655277
1802,G1,46.559534,15.655155,1768973087,56.48,35.00,on_bus,46.559612,15.655277
1803,G1,46.559548,15.655409,1768973087,97.79,5.00,on_bus,46.559612,15.655277
2400,G1,46.527461,15.684658,1768973087,94.20,5.00,waiting_at_station,46.559612,15.655277
2401,G1,46.527293,15.684040,1768973087,74.90,20.00,waiting_at_station,46.559612,15.655277
2402,G1,46.527560,15.684681,1768973087,52.11,35.00,waiting_at_station,46.559612,15.655277
2500,G1,46.530632,15.670362,1768973087,64.43,20.00,waiting_at_station,46.559612,15.655277
2600,G1,46.540153,15.647648,1768973087,60.84,20.00,waiting_at_station,46.559612,15.655277
2601,G1,46.539809,15.648040,1768973087,49.40,35.00,waiting_at_station,46.559612,15.655277
1900,G1,46.559630,15.655301,1768973085,58.49,35.00,on_bus,46.559694,15.655316
1901,G1,46.559756,15.655357,1768973085,81.45,10.00,on_bus,46.559694,15.655316
1902,G1,46.559613,15.655297,1768973085,97.81,5.00,on_bus,46.559694,15.655316
1903,G1,46.559835,15.655556,1768973085,79.73,10.00,on_bus,46.559694,15.655316
1904,G1,46.559756,15.655368,1768973085,82.35,10.00,on_bus,46.559694,15.655316
2100,G1,46.552762,15.650038,1768973085,80.78,10.00,waiting_at_station,46.559694,15.655316
1900,G1,46.559688,15.655307,1768973085,100.00,5.00,on_bus,46.559740,15.655338
1901,G1,46.559691,15.655400,1768973085,83.98,10.00,on_bus,46.559740,15.655338
1902,G1,46.559748,15.655299,1768973085,55.00,35.00,on_bus,46.559740,15.655338
1903,G1,46.559763,15.655364,1768973085,100.00,5.00,on_bus,46.559740,15.655338
2400,G1,46.527530,15.685050,1768973085,79.75,10.00,waiting_at_station,46.559740,15.655338
2700,G1,46.554185,15.650698,1768973085,82.11,10.00,waiting_at_station,46.559740,15.655338
2701,G1,46.554612,15.650200,1768973085,68.55,20.00,waiting_at_station,46.559740,15.655338
1900,G1,46.559761,15.655298,1768973086,94.63,5.00,on_bus,46.559786,15.655359
1901,G1,46.559890,15.655280,1768973086,67.53,20.00,on_bus,46.559786,15.655359
1902,G1,46.559755,15.655382,1768973086,97.26,5.00,on_bus,46.559786,15.655359
1903,G1,46.559762,15.655421,1768973086,92.42,5.00,on_bus,46.559786,15.655359
2200,G1,46.540225,15.649684,1768973086,92.50,5.00,waiting_at_station,46.559786,15.655359
2201,G1,46.540083,15.649886,1768973086,58.72,35.00,waiting_at_station,46.559786,15.655359
2202,G1,46.540060,15.649523,1768973086,73.94,20.00,waiting_at_station,46.559786,15.655359
2500,G1,46.530751,15.669960,1768973086,72.73,20.00,waiting_at_station,46.559786,15.655359
2501,G1,46.530710,15.670133,1768973086,85.26,10.00,waiting_at_station,46.559786,15.655359
2502,G1,46.531082,15.670222,1768973086,36.93,50.00,waiting_at_station,46.559786,15.655359
2700,G1,46.554420,15.650882,1768973086,84.29,10.00,waiting_at_station,46.559786,15.655359
2701,G1,46.554433,15.650646,1768973086,60.76,20.00,waiting_at_station,46.559786,15.655359
2702,G1,46.554901,15.650879,1768973086,64.66,20.00,waiting_at_station,46.559786,15.655359
1900,G1,46.559860,15.655373,1768973087,53.17,35.00,on_bus,46.559832,15.655381
1901,G1,46.559914,15.655255,1768973087,68.80,20.00,on_bus,46.559832,15.655381
2600,G1,46.539773,15.648007,1768973087,61.77,20.00,waiting_at_station,46.559832,15.655381
2601,G1,46.539601,15.648421,1768973087,83.22,10.00,waiting_at_station,46.559832,15.655381
2602,G1,46.539748,15.648391,1768973087,90.23,5.00,waiting_at_station,46.559832,15.655381
2700,G1,46.554496,15.650934,1768973087,78.16,10.00,waiting_at_station,46.559832,15.655381
2701,G1,46.554183,15.650546,1768973087,69.44,20.00,waiting_at_station,46.559832,15.655381
2702,G1,46.554447,15.650546,1768973087,64.88,20.00,waiting_at_station,46.559832,15.655381
2800,G1,46.558826,15.655680,1768973087,95.17,5.00,waiting_at_station,46.559832,15.655381
2801,G1,46.558470,15.655818,1768973087,88.07,10.00,waiting_at_station,46.559832,15.655381
2802,G1,46.558256,15.655720,1768973087,93.48,5.00,waiting_at_station,46.559832,15.655381
1900,G1,46.559964,15.655347,1768973087,94.16,5.00,on_bus,46.559879,15.655403
1901,G1,46.559870,15.655345,1768973087,69.02,20.00,on_bus,46.559879,15.655403
2500,G1,46.530902,15.670285,1768973087,60.76,20.00,waiting_at_station,46.559879,15.655403
2800,G1,46.558619,15.655508,1768973087,76.83,10.00,waiting_at_station,46.559879,15.655403
1900,G1,46.559855,15.655314,1768973088,67.42,20.00,on_bus,46.559925,15.655424
1901,G1,46.560067,15.655610,1768973088,93.48,5.00,on_bus,46.559925,15.655424
1902,G1,46.559926,15.655460,1768973088,83.24,10.00,on_bus,46.559925,15.655424
2300,G1,46.532347,15.666941,1768973088,77.13,10.00,waiting_at_station,46.559925,15.655424
2301,G1,46.532606,15.667370,1768973088,82.07,10.00,waiting_at_station,46.559925,15.655424
2302,G1,46.532869,15.667065,1768973088,58.47,35.00,waiting_at_station,46.559925,15.655424
2600,G1,46.539838,15.647962,1768973088,78.74,10.00,waiting_at_station,46.559925,15.655424
2601,G1,46.539969,15.648103,1768973088,53.78,35.00,waiting_at_station,46.559925,15.655424
2602,G1,46.539503,15.648028,1768973088,77.57,10.00,waiting_at_station,46.559925,15.655424
2700,G1,46.554735,15.650506,1768973088,78.29,10.00,waiting_at_station,46.559925,15.655424
2701,G1,46.554457,15.650309,1768973088,92.03,5.00,waiting_at_station,46.559925,15.655424
2702,G1,46.554431,15.650484,1768973088,65.23,20.00,waiting_at_station,46.559925,15.655424
2000,G1,46.559963,15.655664,1768973087,86.19,10.00,on_bus,46.559971,15.655446
2001,G1,46.560038,15.655522,1768973087,68.55,20.00,on_bus,46.559971,15.655446
2000,G1,46.559504,15.655941,1768973087,69.73,20.00,waiting_at_station,46.559971,15.655446
2001,G1,46.559604,15.655993,1768973087,58.93,35.00,waiting_at_station,46.559971,15.655446
2002,G1,46.559696,15.655721,1768973087,92.25,5.00,waiting_at_station,46.559971,15.655446
2100,G1,46.552676,15.650291,1768973087,92.08,5.00,waiting_at_station,46.559971,15.655446
2101,G1,46.552911,15.650662,1768973087,71.90,20.00,waiting_at_station,46.559971,15.655446
2300,G1,46.532515,15.666973,1768973087,94.27,5.00,waiting_at_station,46.559971,15.655446
2400,G1,46.527186,15.684002,1768973087,70.91,20.00,waiting_at_station,46.559971,15.655446
2600,G1,46.539965,15.647830,1768973087,59.79,35.00,waiting_at_station,46.559971,15.655446
2700,G1,46.554542,15.650449,1768973087,76.77,10.00,waiting_at_station,46.559971,15.655446
2701,G1,46.554466,15.650599,1768973087,83.97,10.00,waiting_at_station,46.559971,15.655446
2800,G1,46.558641,15.655761,1768973087,73.02,20.00,waiting_at_station,46.559971,15.655446
2801,G1,46.558598,15.655899,1768973087,57.52,35.00,waiting_at_station,46.559971,15.655446
2000,G1,46.560124,15.655488,1768973089,89.09,10.00,on_bus,46.560116,15.655514
2001,G1,46.560016,15.655534,1768973089,65.70,20.00,on_bus,46.560116,15.655514
2002,G1,46.560086,15.655541,1768973089,66.65,20.00,on_bus,46.560116,15.655514
2003,G1,46.560112,15.655425,1768973089,81.92,10.00,on_bus,46.560116,15.655514
2600,G1,46.539884,15.647523,1768973089,81.96,10.00,waiting_at_station,46.560116,15.655514
2601,G1,46.539965,15.647864,1768973089,61.77,20.00,waiting_at_station,46.560116,15.655514
2000,G1,46.560293,15.655601,1768973092,84.88,10.00,on_bus,46.560262,15.655583
2001,G1,46.560339,15.655591,1768973092,68.49,20.00,on_bus,46.560262,15.655583
2100,G1,46.552909,15.649702,1768973092,73.26,20.00,waiting_at_station,46.560262,15.655583
2101,G1,46.552593,15.650220,1768973092,100.00,5.00,waiting_at_station,46.560262,15.655583
2300,G1,46.532741,15.666639,1768973092,82.14,10.00,waiting_at_station,46.560262,15.655583
2400,G1,46.527267,15.684616,1768973092,68.05,20.00,waiting_at_station,46.560262,15.655583
2100,G1,46.560393,15.655519,1768973091,78.18,10.00,on_bus,46.560407,15.655651
2101,G1,46.560153,15.655742,1768973091,71.51,20.00,on_bus,46.560407,15.655651
2102,G1,46.560457,15.655635,1768973091,69.28,20.00,on_bus,46.560407,15.655651
2103,G1,46.560409,15.655765,1768973091,79.60,10.00,on_bus,46.560407,15.655651
2200,G1,46.540492,15.649581,1768973091,96.51,5.00,waiting_at_station,46.560407,15.655651
2300,G1,46.531912,15.666672,1768973091,83.72,10.00,waiting_at_station,46.560407,15.655651
2301,G1,46.532264,15.667105,1768973091,67.43,20.00,waiting_at_station,46.560407,15.655651
2302,G1,46.532421,15.666773,1768973091,41.34,50.00,waiting_at_station,46.560407,15.655651
2500,G1,46.530890,15.670150,1768973091,87.40,10.00,waiting_at_station,46.560407,15.655651
2501,G1,46.530855,15.670028,1768973091,74.28,20.00,waiting_at_station,46.560407,15.655651
2100,G1,46.560480,15.655692,1768973091,67.15,20.00,on_bus,46.560470,15.655681
2101,G1,46.560518,15.655611,1768973091,50.62,35.00,on_bus,46.560470,15.655681
2102,G1,46.560465,15.655740,1768973091,76.59,10.00,on_bus,46.560470,15.655681
2103,G1,46.560288,15.655497,1768973091,96.37,5.00,on_bus,46.560470,15.655681
2104,G1,46.560471,15.655645,1768973091,87.17,10.00,on_bus,46.560470,15.655681
2105,G1,46.560489,15.655632,1768973091,84.25,10.00,on_bus,46.560470,15.655681
2500,G1,46.530783,15.670177,1768973091,49.48,35.00,waiting_at_station,46.560470,15.655681
2501,G1,46.530476,15.670053,1768973091,85.79,10.00,waiting_at_station,46.560470,15.655681
2502,G1,46.530725,15.670269,1768973091,85.83,10.00,waiting_at_station,46.560470,15.655681
2600,G1,46.539874,15.647928,1768973091,83.73,10.00,waiting_at_station,46.560470,15.655681
2601,G1,46.539964,15.648178,1768973091,73.82,20.00,waiting_at_station,46.560470,15.655681
2602,G1,46.539862,15.648182,1768973091,93.94,5.00,waiting_at_station,46.560470,15.655681
2700,G1,46.554520,15.650360,1768973091,84.55,10.00,waiting_at_station,46.560470,15.655681
2701,G1,46.554137,15.650763,1768973091,51.14,35.00,waiting_at_station,46.560470,15.655681
2702,G1,46.554371,15.650871,1768973091,75.02,10.00,waiting_at_station,46.560470,15.655681
2100,G1,46.560557,15.655737,1768973092,90.76,5.00,on_bus,46.560533,15.655710
2101,G1,46.560562,15.655738,1768973092,71.58,20.00,on_bus,46.560533,15.655710
2102,G1,46.560640,15.655770,1768973092,100.00,5.00,on_bus,46.560533,15.655710
2103,G1,46.560584,15.655610,1768973092,79.35,10.00,on_bus,46.560533,15.655710
2104,G1,46.560512,15.655576,1768973092,79.56,10.00,on_bus,46.560533,15.655710
2400,G1,46.527517,15.684257,1768973092,100.00,5.00,waiting_at_station,46.560533,15.655710
2401,G1,46.527248,15.684530,1768973092,91.77,5.00,waiting_at_station,46.560533,15.655710
2700,G1,46.554275,15.650413,1768973092,86.29,10.00,waiting_at_station,46.560533,15.655710
2701,G1,46.554509,15.650307,1768973092,61.32,20.00,waiting_at_station,46.560533,15.655710
2702,G1,46.554540,15.650816,1768973092,58.86,35.00,waiting_at_station,46.560533,15.655710
2800,G1,46.558690,15.655749,1768973092,56.44,35.00,waiting_at_station,46.560533,15.655710
2100,G1,46.560608,15.655770,1768973094,79.40,10.00,on_bus,46.560595,15.655740
2101,G1,46.560556,15.655659,1768973094,96.85,5.00,on_bus,46.560595,15.655740
2102,G1,46.560630,15.655535,1768973094,78.05,10.00,on_bus,46.560595,15.655740
2103,G1,46.560609,15.655772,1768973094,74.25,20.00,on_bus,46.560595,15.655740
2100,G1,46.552713,15.650173,1768973094,100.00,5.00,waiting_at_station,46.560595,15.655740
2101,G1,46.552346,15.649390,1768973094,89.40,10.00,waiting_at_station,46.560595,15.655740
2400,G1,46.527468,15.683650,1768973094,64.21,20.00,waiting_at_station,46.560595,15.655740
2401,G1,46.527551,15.684347,1768973094,96.52,5.00,waiting_at_station,46.560595,15.655740
2402,G1,46.527559,15.684315,1768973094,59.33,35.00,waiting_at_station,46.560595,15.655740
2100,G1,46.560703,15.655747,1768973094,78.08,10.00,on_bus,46.560658,15.655770
2101,G1,46.560755,15.655963,1768973094,67.73,20.00,on_bus,46.560658,15.655770
2102,G1,46.560645,15.655745,1768973094,81.30,10.00,on_bus,46.560658,15.655770
2103,G1,46.560578,15.655651,1768973094,54.64,35.00,on_bus,46.560658,15.655770
2100,G1,46.552697,15.650420,1768973094,66.73,20.00,waiting_at_station,46.560658,15.655770
2101,G1,46.552719,15.649909,1768973094,100.00,5.00,waiting_at_station,46.560658,15.655770
2102,G1,46.552690,15.649869,1768973094,44.92,50.00,waiting_at_station,46.560658,15.655770
2400,G1,46.527448,15.684283,1768973094,66.03,20.00,waiting_at_station,46.560658,15.655770
2600,G1,46.539836,15.648225,1768973094,71.68,20.00,waiting_at_station,46.560658,15.655770
2601,G1,46.539723,15.648192,1768973094,39.05,50.00,waiting_at_station,46.560658,15.655770
2700,G1,46.554474,15.650811,1768973094,53.46,35.00,waiting_at_station,46.560658,15.655770
2701,G1,46.554346,15.650586,1768973094,63.59,20.00,waiting_at_station,46.560658,15.655770
2702,G1,46.554056,15.650543,1768973094,75.74,10.00,waiting_at_station,46.560658,15.655770
2800,G1,46.558610,15.656033,1768973094,65.70,20.00,waiting_at_station,46.560658,15.655770
2801,G1,46.558550,15.655468,1768973094,45.81,35.00,waiting_at_station,46.560658,15.655770
2100,G1,46.560785,15.655933,1768973095,82.28,10.00,on_bus,46.560721,15.655799
2101,G1,46.560691,15.655773,1768973095,56.16,35.00,on_bus,46.560721,15.655799
2102,G1,46.560605,15.655810,1768973095,66.64,20.00,on_bus,46.560721,15.655799
2103,G1,46.560817,15.655806,1768973095,45.02,35.00,on_bus,46.560721,15.655799
2100,G1,46.552780,15.650519,1768973095,74.12,20.00,waiting_at_station,46.560721,15.655799
2101,G1,46.552893,15.650325,1768973095,58.84,35.00,waiting_at_station,46.560721,15.655799
2200,G1,46.540129,15.649210,1768973095,60.42,20.00,waiting_at_station,46.560721,15.655799
2201,G1,46.540188,15.649604,1768973095,68.55,20.00,waiting_at_station,46.560721,15.655799
2202,G1,46.540327,15.649510,1768973095,82.68,10.00,waiting_at_station,46.560721,15.655799
2400,G1,46.527524,15.684550,1768973095,61.90,20.00,waiting_at_station,46.560721,15.655799
2401,G1,46.527536,15.684416,1768973095,78.08,10.00,waiting_at_station,46.560721,15.655799
2200,G1,46.560965,15.655930,1768973093,87.91,10.00,on_bus,46.560784,15.655829
2201,G1,46.560720,15.655890,1768973093,87.89,10.00,on_bus,46.560784,15.655829
2202,G1,46.560712,15.655866,1768973093,83.62,10.00,on_bus,46.560784,15.655829
2203,G1,46.560791,15.655762,1768973093,59.97,35.00,on_bus,46.560784,15.655829
2204,G1,46.560697,15.656013,1768973093,70.07,20.00,on_bus,46.560784,15.655829
2200,G1,46.540091,15.649922,1768973093,74.56,20.00,waiting_at_station,46.560784,15.655829
2201,G1,46.539968,15.649698,1768973093,74.99,20.00,waiting_at_station,46.560784,15.655829
2202,G1,46.540048,15.649551,1768973093,47.38,35.00,waiting_at_station,46.560784,15.655829
2400,G1,46.527466,15.683501,1768973093,73.22,20.00,waiting_at_station,46.560784,15.655829
2401,G1,46.527400,15.684304,1768973093,47.75,35.00,waiting_at_station,46.560784,15.655829
2500,G1,46.530993,15.670347,1768973093,57.29,35.00,waiting_at_station,46.560784,15.655829
2501,G1,46.530576,15.669982,1768973093,68.12,20.00,waiting_at_station,46.560784,15.655829
2200,G1,46.560733,15.655610,1768973095,42.72,50.00,on_bus,46.560759,15.655681
2201,G1,46.560773,15.655682,1768973095,86.97,10.00,on_bus,46.560759,15.655681
2202,G1,46.560855,15.655544,1768973095,62.38,20.00,on_bus,46.560759,15.655681
2203,G1,46.560823,15.655696,1768973095,56.12,35.00,on_bus,46.560759,15.655681
2204,G1,46.560702,15.655577,1768973095,100.00,5.00,on_bus,46.560759,15.655681
2300,G1,46.532782,15.666836,1768973095,73.49,20.00,waiting_at_station,46.560759,15.655681
2301,G1,46.532947,15.666244,1768973095,86.89,10.00,waiting_at_station,46.560759,15.655681
2302,G1,46.532533,15.666714,1768973095,70.05,20.00,waiting_at_station,46.560759,15.655681
2600,G1,46.540062,15.647705,1768973095,83.28,10.00,waiting_at_station,46.560759,15.655681
2601,G1,46.539508,15.647361,1768973095,64.05,20.00,waiting_at_station,46.560759,15.655681
2602,G1,46.539924,15.648268,1768973095,61.96,20.00,waiting_at_station,46.560759,15.655681
2700,G1,46.554504,15.650749,1768973095,70.21,20.00,waiting_at_station,46.560759,15.655681
2701,G1,46.554355,15.650634,1768973095,91.28,5.00,waiting_at_station,46.560759,15.655681
2200,G1,46.560740,15.655748,1768973096,70.56,20.00,on_bus,46.560734,15.655533
2201,G1,46.560808,15.655388,1768973096,74.34,20.00,on_bus,46.560734,15.655533
2400,G1,46.527549,15.682996,1768973096,96.60,5.00,waiting_at_station,46.560734,15.655533
2500,G1,46.530936,15.669911,1768973096,88.36,10.00,waiting_at_station,46.560734,15.655533
2700,G1,46.554538,15.650558,1768973096,71.99,20.00,waiting_at_station,46.560734,15.655533
2701,G1,46.554603,15.650374,1768973096,100.00,5.00,waiting_at_station,46.560734,15.655533
2702,G1,46.554399,15.650706,1768973096,78.66,10.00,waiting_at_station,46.560734,15.655533
2800,G1,46.558266,15.655863,1768973096,76.91,10.00,waiting_at_station,46.560734,15.655533
2200,G1,46.560646,15.655339,1768973098,81.36,10.00,on_bus,46.560710,15.655384
2201,G1,46.560799,15.655316,1768973098,86.77,10.00,on_bus,46.560710,15.655384
2202,G1,46.560684,15.655162,1768973098,63.53,20.00,on_bus,46.560710,15.655384
2203,G1,46.560678,15.655431,1768973098,60.71,20.00,on_bus,46.560710,15.655384
2204,G1,46.560735,15.655401,1768973098,63.16,20.00,on_bus,46.560710,15.655384
2000,G1,46.559699,15.655889,1768973098,95.34,5.00,waiting_at_station,46.560710,15.655384
2001,G1,46.559513,15.656431,1768973098,80.96,10.00,waiting_at_station,46.560710,15.655384
2500,G1,46.530787,15.669965,1768973098,83.11,10.00,waiting_at_station,46.560710,15.655384
2501,G1,46.530573,15.669787,1768973098,54.26,35.00,waiting_at_station,46.560710,15.655384
2200,G1,46.560880,15.655583,1768973099,95.16,5.00,on_bus,46.560685,15.655236
2201,G1,46.560701,15.655064,1768973099,62.43,20.00,on_bus,46.560685,15.655236
2202,G1,46.560610,15.655207,1768973099,80.29,10.00,on_bus,46.560685,15.655236
2203,G1,46.560528,15.655279,1768973099,76.86,10.00,on_bus,46.560685,15.655236
2204,G1,46.560670,15.655131,1768973099,78.67,10.00,on_bus,46.560685,15.655236
2100,G1,46.552556,15.650696,1768973099,27.97,50.00,waiting_at_station,46.560685,15.655236
2600,G1,46.539882,15.648287,1768973099,85.04,10.00,waiting_at_station,46.560685,15.655236
2800,G1,46.558677,15.656114,1768973099,75.33,10.00,waiting_at_station,46.560685,15.655236
2801,G1,46.558393,15.655583,1768973099,76.88,10.00,waiting_at_station,46.560685,15.655236
2300,G1,46.560524,15.654964,1768973097,89.18,10.00,on_bus,46.560660,15.655088
2301,G1,46.560620,15.655099,1768973097,100.00,5.00,on_bus,46.560660,15.655088
2302,G1,46.560698,15.655087,1768973097,100.00,5.00,on_bus,46.560660,15.655088
2303,G1,46.560662,15.655043,1768973097,92.69,5.00,on_bus,46.560660,15.655088
2000,G1,46.559368,15.655915,1768973097,71.25,20.00,waiting_at_station,46.560660,15.655088
2001,G1,46.560113,15.655858,1768973097,93.44,5.00,waiting_at_station,46.560660,15.655088
2100,G1,46.552626,15.650528,1768973097,92.04,5.00,waiting_at_station,46.560660,15.655088
2101,G1,46.552727,15.650201,1768973097,94.30,5.00,waiting_at_station,46.560660,15.655088
2200,G1,46.540133,15.649549,1768973097,74.16,20.00,waiting_at_station,46.560660,15.655088
2600,G1,46.539751,15.648037,1768973097,83.80,10.00,waiting_at_station,46.560660,15.655088
2601,G1,46.540252,15.647869,1768973097,88.35,10.00,waiting_at_station,46.560660,15.655088
2602,G1,46.539928,15.648288,1768973097,86.39,10.00,waiting_at_station,46.560660,15.655088
2800,G1,46.558554,15.655809,1768973097,90.76,5.00,waiting_at_station,46.560660,15.655088
2801,G1,46.558607,15.656117,1768973097,77.47,10.00,waiting_at_station,46.560660,15.655088
2802,G1,46.558246,15.655484,1768973097,64.32,20.00,waiting_at_station,46.560660,15.655088
2300,G1,46.560682,15.654978,1768973099,93.44,5.00,on_bus,46.560629,15.654929
2301,G1,46.560714,15.654872,1768973099,89.97,10.00,on_bus,46.560629,15.654929
2302,G1,46.560613,15.655050,1768973099,88.89,10.00,on_bus,46.560629,15.654929
2303,G1,46.560529,15.654777,1768973099,70.07,20.00,on_bus,46.560629,15.654929
2304,G1,46.560755,15.654898,1768973099,68.63,20.00,on_bus,46.560629,15.654929
2305,G1,46.560552,15.654898,1768973099,100.00,5.00,on_bus,46.560629,15.654929
2100,G1,46.552773,15.649988,1768973099,78.30,10.00,waiting_at_station,46.560629,15.654929
2200,G1,46.540209,15.649759,1768973099,80.82,10.00,waiting_at_station,46.560629,15.654929
2201,G1,46.540089,15.649790,1768973099,60.01,20.00,waiting_at_station,46.560629,15.654929
2202,G1,46.540475,15.649837,1768973099,87.86,10.00,waiting_at_station,46.560629,15.654929
2300,G1,46.532509,15.667231,1768973099,82.93,10.00,waiting_at_station,46.560629,15.654929
2301,G1,46.532715,15.666391,1768973099,78.07,10.00,waiting_at_station,46.560629,15.654929
2302,G1,46.532604,15.666523,1768973099,63.37,20.00,waiting_at_station,46.560629,15.654929
2400,G1,46.527413,15.685408,1768973099,87.25,10.00,waiting_at_station,46.560629,15.654929
2401,G1,46.527595,15.684543,1768973099,79.03,10.00,waiting_at_station,46.560629,15.654929
2402,G1,46.527319,15.684221,1768973099,40.10,50.00,waiting_at_station,46.560629,15.654929
2300,G1,46.560594,15.654779,1768973100,68.37,20.00,on_bus,46.560598,15.654769
2301,G1,46.560730,15.654448,1768973100,75.20,10.00,on_bus,46.560598,15.654769
2300,G1,46.532531,15.666964,1768973100,70.00,20.00,waiting_at_station,46.560598,15.654769
2400,G1,46.527463,15.684393,1768973100,62.07,20.00,waiting_at_station,46.560598,15.654769
2401,G1,46.527523,15.684288,1768973100,77.25,10.00,waiting_at_station,46.560598,15.654769
2400,G1,46.560518,15.654573,1768973099,85.49,10.00,on_bus,46.560567,15.654610
2401,G1,46.560728,15.654846,1768973099,48.77,35.00,on_bus,46.560567,15.654610
2402,G1,46.560591,15.654814,1768973099,39.27,50.00,on_bus,46.560567,15.654610
2403,G1,46.560517,15.654749,1768973099,96.39,5.00,on_bus,46.560567,15.654610
2404,G1,46.560627,15.654648,1768973099,90.22,5.00,on_bus,46.560567,15.654610
2405,G1,46.560538,15.654651,1768973099,65.96,20.00,on_bus,46.560567,15.654610
2100,G1,46.552567,15.650232,1768973099,75.41,10.00,waiting_at_station,46.560567,15.654610
2101,G1,46.552269,15.649634,1768973099,100.00,5.00,waiting_at_station,46.560567,15.654610
2102,G1,46.552688,15.650120,1768973099,66.61,20.00,waiting_at_station,46.560567,15.654610
2400,G1,46.560437,15.654592,1768973101,100.00,5.00,on_bus,46.560550,15.654449
2401,G1,46.560423,15.654397,1768973101,80.70,10.00,on_bus,46.560550,15.654449
2402,G1,46.560545,15.654363,1768973101,81.04,10.00,on_bus,46.560550,15.654449
2403,G1,46.560698,15.654393,1768973101,79.38,10.00,on_bus,46.560550,15.654449
2400,G1,46.560528,15.654257,1768973103,85.85,10.00,on_bus,46.560533,15.654288
2401,G1,46.560471,15.654190,1768973103,100.00,5.00,on_bus,46.560533,15.654288
2402,G1,46.560566,15.654230,1768973103,66.98,20.00,on_bus,46.560533,15.654288
2000,G1,46.559587,15.655908,1768973103,91.12,5.00,waiting_at_station,46.560533,15.654288
2600,G1,46.540002,15.648026,1768973103,82.06,10.00,waiting_at_station,46.560533,15.654288
2601,G1,46.539622,15.647757,1768973103,78.43,10.00,waiting_at_station,46.560533,15.654288
2602,G1,46.539882,15.648039,1768973103,74.24,20.00,waiting_at_station,46.560533,15.654288
2400,G1,46.560532,15.654153,1768973104,63.57,20.00,on_bus,46.560517,15.654128
2401,G1,46.560522,15.654181,1768973104,87.14,10.00,on_bus,46.560517,15.654128
2402,G1,46.560541,15.654116,1768973104,75.41,10.00,on_bus,46.560517,15.654128
2403,G1,46.560503,15.654099,1768973104,75.87,10.00,on_bus,46.560517,15.654128
2404,G1,46.560561,15.654248,1768973104,66.41,20.00,on_bus,46.560517,15.654128
2200,G1,46.540244,15.649699,1768973104,50.98,35.00,waiting_at_station,46.560517,15.654128
2201,G1,46.540280,15.649687,1768973104,75.37,10.00,waiting_at_station,46.560517,15.654128
2700,G1,46.554354,15.650565,1768973104,56.24,35.00,waiting_at_station,46.560517,15.654128
2701,G1,46.554345,15.650455,1768973104,93.80,5.00,waiting_at_station,46.560517,15.654128
2702,G1,46.554414,15.650607,1768973104,56.97,35.00,waiting_at_station,46.560517,15.654128
2500,G1,46.560489,15.653925,1768973103,100.00,5.00,on_bus,46.560500,15.653967
2501,G1,46.560406,15.653979,1768973103,94.74,5.00,on_bus,46.560500,15.653967
2000,G1,46.559783,15.655864,1768973103,92.98,5.00,waiting_at_station,46.560500,15.653967
2200,G1,46.540453,15.649341,1768973103,60.60,20.00,waiting_at_station,46.560500,15.653967
2201,G1,46.540126,15.649941,1768973103,76.40,10.00,waiting_at_station,46.560500,15.653967
2800,G1,46.558888,15.655594,1768973103,46.29,35.00,waiting_at_station,46.560500,15.653967
2801,G1,46.558427,15.655525,1768973103,52.69,35.00,waiting_at_station,46.560500,15.653967
2802,G1,46.558593,15.655080,1768973103,68.55,20.00,waiting_at_station,46.560500,15.653967
2500,G1,46.560489,15.653768,1768973104,82.40,10.00,on_bus,46.560486,15.653785
2501,G1,46.560308,15.653866,1768973104,78.23,10.00,on_bus,46.560486,15.653785
2502,G1,46.560453,15.653833,1768973104,87.27,10.00,on_bus,46.560486,15.653785
2503,G1,46.560454,15.653578,1768973104,81.79,10.00,on_bus,46.560486,15.653785
2504,G1,46.560486,15.653537,1768973104,67.32,20.00,on_bus,46.560486,15.653785
2505,G1,46.560504,15.653803,1768973104,97.19,5.00,on_bus,46.560486,15.653785
2200,G1,46.540191,15.649429,1768973104,58.22,35.00,waiting_at_station,46.560486,15.653785
2500,G1,46.560394,15.653611,1768973106,100.00,5.00,on_bus,46.560472,15.653602
2501,G1,46.560575,15.653410,1768973106,57.40,35.00,on_bus,46.560472,15.653602
2502,G1,46.560515,15.653586,1768973106,84.31,10.00,on_bus,46.560472,15.653602
2200,G1,46.540076,15.649755,1768973106,59.30,35.00,waiting_at_station,46.560472,15.653602
2500,G1,46.531041,15.670197,1768973106,80.01,10.00,waiting_at_station,46.560472,15.653602
2501,G1,46.530846,15.670226,1768973106,81.44,10.00,waiting_at_station,46.560472,15.653602
2600,G1,46.560542,15.653408,1768973105,78.19,10.00,on_bus,46.560458,15.653420
2601,G1,46.560468,15.653397,1768973105,65.39,20.00,on_bus,46.560458,15.653420
2602,G1,46.560465,15.653392,1768973105,88.22,10.00,on_bus,46.560458,15.653420
2200,G1,46.540087,15.649650,1768973105,68.03,20.00,waiting_at_station,46.560458,15.653420
2201,G1,46.539927,15.649718,1768973105,66.38,20.00,waiting_at_station,46.560458,15.653420
2400,G1,46.527595,15.684357,1768973105,48.72,35.00,waiting_at_station,46.560458,15.653420
2401,G1,46.527436,15.684155,1768973105,71.32,20.00,waiting_at_station,46.560458,15.653420
2402,G1,46.527529,15.684324,1768973105,52.57,35.00,waiting_at_station,46.560458,15.653420
2600,G1,46.560421,15.653469,1768973106,95.90,5.00,on_bus,46.560454,15.653348
2601,G1,46.560359,15.653302,1768973106,100.00,5.00,on_bus,46.560454,15.653348
2602,G1,46.560430,15.653325,1768973106,85.62,10.00,on_bus,46.560454,15.653348
2400,G1,46.527377,15.685065,1768973106,65.43,20.00,waiting_at_station,46.560454,15.653348
2500,G1,46.530744,15.670124,1768973106,78.01,10.00,waiting_at_station,46.560454,15.653348
2501,G1,46.530812,15.670303,1768973106,74.79,20.00,waiting_at_station,46.560454,15.653348
2502,G1,46.530919,15.670004,1768973106,82.81,10.00,waiting_at_station,46.560454,15.653348
2600,G1,46.539840,15.648651,1768973106,72.08,20.00,waiting_at_station,46.560454,15.653348
2601,G1,46.539849,15.648008,1768973106,100.00,5.00,waiting_at_station,46.560454,15.653348
2602,G1,46.539897,15.648113,1768973106,64.71,20.00,waiting_at_station,46.560454,15.653348
2800,G1,46.558572,15.655873,1768973106,88.30,10.00,waiting_at_station,46.560454,15.653348
2600,G1,46.560521,15.653136,1768973106,100.00,5.00,on_bus,46.560451,15.653276
2601,G1,46.560421,15.653349,1768973106,92.29,5.00,on_bus,46.560451,15.653276
2602,G1,46.560447,15.653279,1768973106,74.61,20.00,on_bus,46.560451,15.653276
2603,G1,46.560452,15.653316,1768973106,71.27,20.00,on_bus,46.560451,15.653276
2604,G1,46.560398,15.653225,1768973106,70.28,20.00,on_bus,46.560451,15.653276
2000,G1,46.559610,15.655916,1768973106,54.36,35.00,waiting_at_station,46.560451,15.653276
2001,G1,46.559133,15.655999,1768973106,67.23,20.00,waiting_at_station,46.560451,15.653276
2002,G1,46.559517,15.656275,1768973106,65.27,20.00,waiting_at_station,46.560451,15.653276
2300,G1,46.532273,15.667067,1768973106,68.11,20.00,waiting_at_station,46.560451,15.653276
2301,G1,46.531996,15.666778,1768973106,93.29,5.00,waiting_at_station,46.560451,15.653276
2500,G1,46.530743,15.670045,1768973106,56.75,35.00,waiting_at_station,46.560451,15.653276
2600,G1,46.539839,15.648130,1768973106,79.68,10.00,waiting_at_station,46.560451,15.653276
2601,G1,46.539984,15.647567,1768973106,72.27,20.00,waiting_at_station,46.560451,15.653276
2700,G1,46.554303,15.650835,1768973106,64.40,20.00,waiting_at_station,46.560451,15.653276
2701,G1,46.554509,15.650394,1768973106,55.81,35.00,waiting_at_station,46.560451,15.653276
2702,G1,46.554318,15.649990,1768973106,42.01,50.00,waiting_at_station,46.560451,15.653276
2600,G1,46.560386,15.653148,1768973107,38.90,50.00,on_bus,46.560447,15.653205
2601,G1,46.560436,15.652988,1768973107,34.00,50.00,on_bus,46.560447,15.653205
2000,G1,46.559695,15.656135,1768973107,73.91,20.00,waiting_at_station,46.560447,15.653205
2001,G1,46.559555,15.655813,1768973107,63.46,20.00,waiting_at_station,46.560447,15.653205
2002,G1,46.559463,15.656158,1768973107,91.20,5.00,waiting_at_station,46.560447,15.653205
2100,G1,46.552647,15.649898,1768973107,78.50,10.00,waiting_at_station,46.560447,15.653205
2400,G1,46.527398,15.684374,1768973107,60.41,20.00,waiting_at_station,46.560447,15.653205
2700,G1,46.554708,15.650450,1768973107,100.00,5.00,waiting_at_station,46.560447,15.653205
2701,G1,46.554409,15.649879,1768973107,81.54,10.00,waiting_at_station,46.560447,15.653205
2800,G1,46.558851,15.655776,1768973107,71.10,20.00,waiting_at_station,46.560447,15.653205
2801,G1,46.558619,15.655512,1768973107,89.03,10.00,waiting_at_station,46.560447,15.653205
2802,G1,46.558704,15.655419,1768973107,79.02,10.00,waiting_at_station,46.560447,15.653205
2600,G1,46.560482,15.653133,1768973107,71.48,20.00,on_bus,46.560443,15.653133
2601,G1,46.560360,15.653288,1768973107,92.29,5.00,on_bus,46.560443,15.653133
2000,G1,46.559447,15.655819,1768973107,83.60,10.00,waiting_at_station,46.560443,15.653133
2001,G1,46.559549,15.656045,1768973107,92.99,5.00,waiting_at_station,46.560443,15.653133
2700,G1,46.554637,15.650253,1768973107,73.35,20.00,waiting_at_station,46.560443,15.653133
2701,G1,46.554510,15.650749,1768973107,58.59,35.00,waiting_at_station,46.560443,15.653133
2702,G1,46.554571,15.650805,1768973107,66.32,20.00,waiting_at_station,46.560443,15.653133
2600,G1,46.560405,15.653109,1768973109,85.83,10.00,on_bus,46.560440,15.653061
2601,G1,46.560455,15.653020,1768973109,86.81,10.00,on_bus,46.560440,15.653061
2000,G1,46.559537,15.655830,1768973109,66.73,20.00,waiting_at_station,46.560440,15.653061
2400,G1,46.527820,15.684799,1768973109,59.36,35.00,waiting_at_station,46.560440,15.653061
2401,G1,46.527593,15.684493,1768973109,69.62,20.00,waiting_at_station,46.560440,15.653061
2402,G1,46.527802,15.684712,1768973109,76.25,10.00,waiting_at_station,46.560440,15.653061
2700,G1,46.554286,15.650417,1768973109,80.81,10.00,waiting_at_station,46.560440,15.653061
2701,G1,46.554500,15.650759,1768973109,91.64,5.00,waiting_at_station,46.560440,15.653061
2702,G1,46.554553,15.650578,1768973109,83.49,10.00,waiting_at_station,46.560440,15.653061
2800,G1,46.558740,15.655316,1768973109,71.94,20.00,waiting_at_station,46.560440,15.653061
2700,G1,46.560349,15.653068,1768973107,82.80,10.00,on_bus,46.560436,15.652989
2701,G1,46.560572,15.653212,1768973107,82.54,10.00,on_bus,46.560436,15.652989
2702,G1,46.560453,15.652902,1768973107,65.70,20.00,on_bus,46.560436,15.652989
2000,G1,46.559460,15.655587,1768973107,70.20,20.00,waiting_at_station,46.560436,15.652989
2001,G1,46.559019,15.655984,1768973107,71.91,20.00,waiting_at_station,46.560436,15.652989
2300,G1,46.532677,15.666320,1768973107,44.65,50.00,waiting_at_station,46.560436,15.652989
2301,G1,46.532096,15.666762,1768973107,60.07,20.00,waiting_at_station,46.560436,15.652989
2302,G1,46.532548,15.666692,1768973107,71.73,20.00,waiting_at_station,46.560436,15.652989
2400,G1,46.527381,15.684406,1768973107,32.66,50.00,waiting_at_station,46.560436,15.652989
2401,G1,46.527420,15.684303,1768973107,90.34,5.00,waiting_at_station,46.560436,15.652989
2500,G1,46.530663,15.670309,1768973107,78.29,10.00,waiting_at_station,46.560436,15.652989
2600,G1,46.540157,15.648054,1768973107,99.89,5.00,waiting_at_station,46.560436,15.652989
2700,G1,46.554398,15.650672,1768973107,73.64,20.00,waiting_at_station,46.560436,15.652989
2701,G1,46.554313,15.650715,1768973107,79.92,10.00,waiting_at_station,46.560436,15.652989
2702,G1,46.554430,15.650459,1768973107,73.35,20.00,waiting_at_station,46.560436,15.652989
2700,G1,46.560425,15.652951,1768973108,63.61,20.00,on_bus,46.560432,15.652897
2701,G1,46.560248,15.652853,1768973108,78.60,10.00,on_bus,46.560432,15.652897
2702,G1,46.560462,15.652667,1768973108,91.84,5.00,on_bus,46.560432,15.652897
2703,G1,46.560364,15.652737,1768973108,71.55,20.00,on_bus,46.560432,15.652897
2200,G1,46.539903,15.649661,1768973108,73.43,20.00,waiting_at_station,46.560432,15.652897
2201,G1,46.540039,15.649846,1768973108,78.81,10.00,waiting_at_station,46.560432,15.652897
2700,G1,46.560368,15.652778,1768973109,87.03,10.00,on_bus,46.560428,15.652805
2701,G1,46.560544,15.652796,1768973109,98.38,5.00,on_bus,46.560428,15.652805
2702,G1,46.560478,15.652700,1768973109,64.83,20.00,on_bus,46.560428,15.652805
2703,G1,46.560477,15.652755,1768973109,72.99,20.00,on_bus,46.560428,15.652805
2704,G1,46.560535,15.652749,1768973109,79.58,10.00,on_bus,46.560428,15.652805
2705,G1,46.560398,15.652807,1768973109,79.43,10.00,on_bus,46.560428,15.652805
2200,G1,46.540207,15.649689,1768973109,88.57,10.00,waiting_at_station,46.560428,15.652805
2201,G1,46.540311,15.649831,1768973109,70.98,20.00,waiting_at_station,46.560428,15.652805
2700,G1,46.560318,15.652744,1768973109,81.25,10.00,on_bus,46.560424,15.652713
2701,G1,46.560461,15.652695,1768973109,87.59,10.00,on_bus,46.560424,15.652713
2702,G1,46.560413,15.652749,1768973109,65.23,20.00,on_bus,46.560424,15.652713
2703,G1,46.560386,15.652664,1768973109,74.99,20.00,on_bus,46.560424,15.652713
2704,G1,46.560421,15.652751,1768973109,69.87,20.00,on_bus,46.560424,15.652713
2000,G1,46.559413,15.655843,1768973109,100.00,5.00,waiting_at_station,46.560424,15.652713
2100,G1,46.553136,15.649720,1768973109,53.84,35.00,waiting_at_station,46.560424,15.652713
2101,G1,46.552598,15.650662,1768973109,70.23,20.00,waiting_at_station,46.560424,15.652713
2102,G1,46.552216,15.650007,1768973109,82.83,10.00,waiting_at_station,46.560424,15.652713
2200,G1,46.540236,15.649477,1768973109,73.33,20.00,waiting_at_station,46.560424,15.652713
2201,G1,46.540078,15.650003,1768973109,86.31,10.00,waiting_at_station,46.560424,15.652713
2202,G1,46.539815,15.649740,1768973109,67.02,20.00,waiting_at_station,46.560424,15.652713
2500,G1,46.530837,15.670259,1768973109,75.53,10.00,waiting_at_station,46.560424,15.652713
2700,G1,46.554365,15.650543,1768973109,64.52,20.00,waiting_at_station,46.560424,15.652713
2700,G1,46.560408,15.652602,1768973111,98.47,5.00,on_bus,46.560420,15.652621
2701,G1,46.560355,15.652535,1768973111,61.86,20.00,on_bus,46.560420,15.652621
2702,G1,46.560392,15.652640,1768973111,72.66,20.00,on_bus,46.560420,15.652621
2800,G1,46.560466,15.652462,1768973110,89.83,10.00,on_bus,46.560416,15.652529
2801,G1,46.560418,15.652596,1768973110,100.00,5.00,on_bus,46.560416,15.652529
2802,G1,46.560500,15.652537,1768973110,79.57,10.00,on_bus,46.560416,15.652529
2803,G1,46.560237,15.652493,1768973110,88.46,10.00,on_bus,46.560416,15.652529
2100,G1,46.552860,15.650252,1768973110,100.00,5.00,waiting_at_station,46.560416,15.652529
2101,G1,46.552913,15.649947,1768973110,77.44,10.00,waiting_at_station,46.560416,15.652529
2700,G1,46.554598,15.650934,1768973110,73.46,20.00,waiting_at_station,46.560416,15.652529
2701,G1,46.554692,15.650981,1768973110,56.62,35.00,waiting_at_station,46.560416,15.652529
2702,G1,46.554356,15.650427,1768973110,75.09,10.00,waiting_at_station,46.560416,15.652529
2800,G1,46.560381,15.652500,1768973110,92.08,5.00,on_bus,46.560413,15.652462
2801,G1,46.560397,15.652420,1768973110,94.02,5.00,on_bus,46.560413,15.652462
2802,G1,46.560285,15.652371,1768973110,59.90,35.00,on_bus,46.560413,15.652462
2000,G1,46.559596,15.656263,1768973110,84.08,10.00,waiting_at_station,46.560413,15.652462
2100,G1,46.552531,15.650094,1768973110,64.16,20.00,waiting_at_station,46.560413,15.652462
2101,G1,46.552504,15.650094,1768973110,100.00,5.00,waiting_at_station,46.560413,15.652462
2800,G1,46.558756,15.655688,1768973110,70.68,20.00,waiting_at_station,46.560413,15.652462
2801,G1,46.558494,15.655237,1768973110,62.44,20.00,waiting_at_station,46.560413,15.652462
2800,G1,46.560378,15.652280,1768973110,74.90,20.00,on_bus,46.560410,15.652396
2801,G1,46.560359,15.652488,1768973110,85.31,10.00,on_bus,46.560410,15.652396
2802,G1,46.560387,15.652258,1768973110,95.58,5.00,on_bus,46.560410,15.652396
2000,G1,46.559202,15.655834,1768973110,100.00,5.00,waiting_at_station,46.560410,15.652396
2001,G1,46.559229,15.655744,1768973110,82.66,10.00,waiting_at_station,46.560410,15.652396
2002,G1,46.559783,15.656385,1768973110,58.97,35.00,waiting_at_station,46.560410,15.652396
2200,G1,46.539441,15.650277,1768973110,71.24,20.00,waiting_at_station,46.560410,15.652396
2400,G1,46.527057,15.684457,1768973110,94.49,5.00,waiting_at_station,46.560410,15.652396
2401,G1,46.527765,15.684495,1768973110,88.01,10.00,waiting_at_station,46.560410,15.652396
2700,G1,46.554246,15.650434,1768973110,61.14,20.00,waiting_at_station,46.560410,15.652396
2701,G1,46.554296,15.650177,1768973110,76.15,10.00,waiting_at_station,46.560410,15.652396
2800,G1,46.560428,15.652320,1768973111,95.82,5.00,on_bus,46.560406,15.652330
2801,G1,46.560533,15.652432,1768973111,85.25,10.00,on_bus,46.560406,15.652330
2802,G1,46.560330,15.652297,1768973111,77.13,10.00,on_bus,46.560406,15.652330
2803,G1,46.560559,15.652034,1768973111,82.01,10.00,on_bus,46.560406,15.652330
2804,G1,46.560332,15.652349,1768973111,100.00,5.00,on_bus,46.560406,15.652330
2100,G1,46.552712,15.650487,1768973111,82.21,10.00,waiting_at_station,46.560406,15.652330
2400,G1,46.527107,15.683892,1768973111,89.57,10.00,waiting_at_station,46.560406,15.652330
2401,G1,46.527448,15.684313,1768973111,70.33,20.00,waiting_at_station,46.560406,15.652330
2600,G1,46.539740,15.648148,1768973111,71.47,20.00,waiting_at_station,46.560406,15.652330
2601,G1,46.539971,15.648058,1768973111,65.26,20.00,waiting_at_station,46.560406,15.652330
2800,G1,46.558306,15.655510,1768973111,63.78,20.00,waiting_at_station,46.560406,15.652330
2801,G1,46.558522,15.655925,1768973111,63.54,20.00,waiting_at_station,46.560406,15.652330
2800,G1,46.560312,15.652227,1768973112,91.99,5.00,on_bus,46.560403,15.652263
2801,G1,46.560486,15.652278,1768973112,100.00,5.00,on_bus,46.560403,15.652263
2802,G1,46.560386,15.652259,1768973112,78.58,10.00,on_bus,46.560403,15.652263
2803,G1,46.560288,15.652302,1768973112,75.38,10.00,on_bus,46.560403,15.652263
2804,G1,46.560398,15.652289,1768973112,53.12,35.00,on_bus,46.560403,15.652263
2200,G1,46.539908,15.649612,1768973112,66.18,20.00,waiting_at_station,46.560403,15.652263
2201,G1,46.539974,15.649536,1768973112,79.24,10.00,waiting_at_station,46.560403,15.652263
2300,G1,46.532647,15.666967,1768973112,68.59,20.00,waiting_at_station,46.560403,15.652263
2301,G1,46.532767,15.666607,1768973112,86.84,10.00,waiting_at_station,46.560403,15.652263
2500,G1,46.531211,15.670242,1768973112,72.64,20.00,waiting_at_station,46.560403,15.652263
2501,G1,46.530878,15.670304,1768973112,84.47,10.00,waiting_at_station,46.560403,15.652263
2502,G1,46.530762,15.670008,1768973112,73.55,20.00,waiting_at_station,46.560403,15.652263
2800,G1,46.560379,15.651900,1768973113,69.48,20.00,on_bus,46.560400,15.652196
2801,G1,46.560576,15.652198,1768973113,81.28,10.00,on_bus,46.560400,15.652196
2802,G1,46.560383,15.652186,1768973113,70.87,20.00,on_bus,46.560400,15.652196
2803,G1,46.560450,15.652049,1768973113,78.29,10.00,on_bus,46.560400,15.652196
2100,G1,46.552756,15.649986,1768973113,56.05,35.00,waiting_at_station,46.560400,15.652196
2101,G1,46.552787,15.650406,1768973113,68.79,20.00,waiting_at_station,46.560400,15.652196
2102,G1,46.552803,15.649670,1768973113,84.38,10.00,waiting_at_station,46.560400,15.652196
2300,G1,46.532434,15.667109,1768973113,85.29,10.00,waiting_at_station,46.560400,15.652196
2301,G1,46.532596,15.666580,1768973113,73.05,20.00,waiting_at_station,46.560400,15.652196
2600,G1,46.539771,15.647967,1768973113,71.45,20.00,waiting_at_station,46.560400,15.652196
2800,G1,46.558414,15.655499,1768973113,94.53,5.00,waiting_at_station,46.560400,15.652196
2801,G1,46.558430,15.655960,1768973113,93.21,5.00,waiting_at_station,46.560400,15.652196
2802,G1,46.558923,15.656038,1768973113,74.83,20.00,waiting_at_station,46.560400,15.652196
2900,G1,46.560541,15.651973,1768973112,76.54,10.00,on_bus,46.560397,15.652130
2901,G1,46.560337,15.651987,1768973112,69.37,20.00,on_bus,46.560397,15.652130
2902,G1,46.560406,15.652165,1768973112,74.14,20.00,on_bus,46.560397,15.652130
2000,G1,46.559982,15.655426,1768973112,79.92,10.00,waiting_at_station,46.560397,15.652130
2001,G1,46.559520,15.655871,1768973112,58.59,35.00,waiting_at_station,46.560397,15.652130
2002,G1,46.559913,15.655815,1768973112,73.30,20.00,waiting_at_station,46.560397,15.652130
2200,G1,46.539989,15.649241,1768973112,78.40,10.00,waiting_at_station,46.560397,15.652130
2201,G1,46.540125,15.649822,1768973112,68.61,20.00,waiting_at_station,46.560397,15.652130
2202,G1,46.540320,15.649026,1768973112,100.00,5.00,waiting_at_station,46.560397,15.652130
2500,G1,46.530715,15.669844,1768973112,86.41,10.00,waiting_at_station,46.560397,15.652130
2501,G1,46.530326,15.669718,1768973112,71.25,20.00,waiting_at_station,46.560397,15.652130
2900,G1,46.560458,15.651862,1768973113,78.94,10.00,on_bus,46.560389,15.651985
2901,G1,46.560451,15.651920,1768973113,65.12,20.00,on_bus,46.560389,15.651985
2902,G1,46.560457,15.652046,1768973113,86.64,10.00,on_bus,46.560389,15.651985
2903,G1,46.560371,15.652248,1768973113,59.93,35.00,on_bus,46.560389,15.651985
2904,G1,46.560485,15.651843,1768973113,72.89,20.00,on_bus,46.560389,15.651985
2905,G1,46.560427,15.651919,1768973113,65.45,20.00,on_bus,46.560389,15.651985
2700,G1,46.554484,15.650368,1768973113,62.27,20.00,waiting_at_station,46.560389,15.651985
2701,G1,46.554142,15.650765,1768973113,79.21,10.00,waiting_at_station,46.560389,15.651985
2702,G1,46.553980,15.651011,1768973113,85.20,10.00,waiting_at_station,46.560389,15.651985
2900,G1,46.560209,15.651850,1768973115,100.00,5.00,on_bus,46.560380,15.651841
2901,G1,46.560399,15.651837,1768973115,66.14,20.00,on_bus,46.560380,15.651841
2000,G1,46.559681,15.656256,1768973115,65.94,20.00,waiting_at_station,46.560380,15.651841
2001,G1,46.559366,15.656039,1768973115,59.81,35.00,waiting_at_station,46.560380,15.651841
3000,G1,46.560317,15.651704,1768973114,86.96,10.00,on_bus,46.560372,15.651696
3001,G1,46.560285,15.651918,1768973114,58.76,35.00,on_bus,46.560372,15.651696
3002,G1,46.560376,15.651724,1768973114,88.43,10.00,on_bus,46.560372,15.651696
3003,G1,46.560351,15.651660,1768973114,73.73,20.00,on_bus,46.560372,15.651696
3004,G1,46.560238,15.651830,1768973114,98.64,5.00,on_bus,46.560372,15.651696
2700,G1,46.554344,15.650685,1768973114,49.16,35.00,waiting_at_station,46.560372,15.651696
2701,G1,46.554156,15.650475,1768973114,59.96,35.00,waiting_at_station,46.560372,15.651696
3000,G1,46.560385,15.651661,1768973114,59.94,35.00,on_bus,46.560338,15.651634
3001,G1,46.560358,15.651564,1768973114,87.91,10.00,on_bus,46.560338,15.651634
3002,G1,46.560493,15.651711,1768973114,77.47,10.00,on_bus,46.560338,15.651634
3003,G1,46.560343,15.651734,1768973114,71.23,20.00,on_bus,46.560338,15.651634
3004,G1,46.560326,15.651625,1768973114,100.00,5.00,on_bus,46.560338,15.651634
3005,G1,46.560439,15.651684,1768973114,59.77,35.00,on_bus,46.560338,15.651634
2000,G1,46.559854,15.655998,1768973114,56.96,35.00,waiting_at_station,46.560338,15.651634
2001,G1,46.559506,15.656087,1768973114,91.50,5.00,waiting_at_station,46.560338,15.651634
2300,G1,46.532723,15.666929,1768973114,61.66,20.00,waiting_at_station,46.560338,15.651634
2500,G1,46.530832,15.670675,1768973114,89.44,10.00,waiting_at_station,46.560338,15.651634
3000,G1,46.560231,15.651427,1768973115,100.00,5.00,on_bus,46.560303,15.651571
3001,G1,46.560373,15.651479,1768973115,84.28,10.00,on_bus,46.560303,15.651571
3002,G1,46.560248,15.651700,1768973115,77.82,10.00,on_bus,46.560303,15.651571
3003,G1,46.560307,15.651610,1768973115,91.13,5.00,on_bus,46.560303,15.651571
3004,G1,46.560196,15.651469,1768973115,100.00,5.00,on_bus,46.560303,15.651571
3005,G1,46.560314,15.651673,1768973115,100.00,5.00,on_bus,46.560303,15.651571
2400,G1,46.527826,15.684365,1768973115,79.89,10.00,waiting_at_station,46.560303,15.651571
2401,G1,46.527538,15.684363,1768973115,80.09,10.00,waiting_at_station,46.560303,15.651571
2402,G1,46.527463,15.684787,1768973115,80.14,10.00,waiting_at_station,46.560303,15.651571
3000,G1,46.560488,15.651448,1768973115,71.19,20.00,on_bus,46.560269,15.651509
3001,G1,46.560183,15.651509,1768973115,71.27,20.00,on_bus,46.560269,15.651509
3002,G1,46.560220,15.651720,1768973115,86.10,10.00,on_bus,46.560269,15.651509
3003,G1,46.560205,15.651492,1768973115,63.49,20.00,on_bus,46.560269,15.651509
2300,G1,46.532417,15.666963,1768973115,96.15,5.00,waiting_at_station,46.560269,15.651509
2301,G1,46.533009,15.666607,1768973115,97.15,5.00,waiting_at_station,46.560269,15.651509
2600,G1,46.540193,15.648165,1768973115,96.44,5.00,waiting_at_station,46.560269,15.651509
2601,G1,46.539898,15.648140,1768973115,71.63,20.00,waiting_at_station,46.560269,15.651509
2800,G1,46.558216,15.655319,1768973115,81.43,10.00,waiting_at_station,46.560269,15.651509
2801,G1,46.558801,15.655663,1768973115,49.36,35.00,waiting_at_station,46.560269,15.651509
2802,G1,46.558641,15.655550,1768973115,73.08,20.00,waiting_at_station,46.560269,15.651509
3000,G1,46.560274,15.651375,1768973117,99.09,5.00,on_bus,46.560235,15.651447
3001,G1,46.560291,15.651526,1768973117,43.03,50.00,on_bus,46.560235,15.651447
3002,G1,46.560141,15.651438,1768973117,78.24,10.00,on_bus,46.560235,15.651447
2000,G1,46.559495,15.655829,1768973117,87.31,10.00,waiting_at_station,46.560235,15.651447
2100,G1,46.552958,15.650622,1768973117,67.13,20.00,waiting_at_station,46.560235,15.651447
2101,G1,46.553106,15.650179,1768973117,59.51,35.00,waiting_at_station,46.560235,15.651447
2102,G1,46.552463,15.650136,1768973117,90.47,5.00,waiting_at_station,46.560235,15.651447
2500,G1,46.530824,15.670082,1768973117,64.16,20.00,waiting_at_station,46.560235,15.651447
2501,G1,46.531135,15.670156,1768973117,81.17,10.00,waiting_at_station,46.560235,15.651447
2700,G1,46.554287,15.650728,1768973117,75.05,10.00,waiting_at_station,46.560235,15.651447
2701,G1,46.554397,15.650314,1768973117,78.95,10.00,waiting_at_station,46.560235,15.651447
3000,G1,46.560233,15.651402,1768973117,93.64,5.00,on_bus,46.560200,15.651384
3001,G1,46.560517,15.651358,1768973117,88.17,10.00,on_bus,46.560200,15.651384
3002,G1,46.560223,15.651392,1768973117,72.17,20.00,on_bus,46.560200,15.651384
3003,G1,46.560189,15.651263,1768973117,90.78,5.00,on_bus,46.560200,15.651384
2300,G1,46.532480,15.667131,1768973117,55.78,35.00,waiting_at_station,46.560200,15.651384
2301,G1,46.532713,15.667685,1768973117,92.77,5.00,waiting_at_station,46.560200,15.651384
2800,G1,46.558764,15.655650,1768973117,83.18,10.00,waiting_at_station,46.560200,15.651384
2801,G1,46.558448,15.655858,1768973117,68.82,20.00,waiting_at_station,46.560200,15.651384
2802,G1,46.558873,15.655954,1768973117,48.32,35.00,waiting_at_station,46.560200,15.651384
3100,G1,46.560080,15.651379,1768973116,97.46,5.00,on_bus,46.560166,15.651322
3101,G1,46.560182,15.651089,1768973116,66.29,20.00,on_bus,46.560166,15.651322
2200,G1,46.540093,15.649833,1768973116,77.66,10.00,waiting_at_station,46.560166,15.651322
2201,G1,46.539996,15.649505,1768973116,52.25,35.00,waiting_at_station,46.560166,15.651322
2300,G1,46.532600,15.667140,1768973116,71.03,20.00,waiting_at_station,46.560166,15.651322
2400,G1,46.527486,15.684704,1768973116,50.31,35.00,waiting_at_station,46.560166,15.651322
2401,G1,46.527464,15.684301,1768973116,100.00,5.00,waiting_at_station,46.560166,15.651322
2402,G1,46.527714,15.683739,1768973116,57.35,35.00,waiting_at_station,46.560166,15.651322
2500,G1,46.530597,15.670307,1768973116,84.02,10.00,waiting_at_station,46.560166,15.651322
2600,G1,46.539775,15.648068,1768973116,62.12,20.00,waiting_at_station,46.560166,15.651322
2800,G1,46.558643,15.655949,1768973116,32.40,50.00,waiting_at_station,46.560166,15.651322
3100,G1,46.559998,15.651377,1768973116,72.58,20.00,on_bus,46.560075,15.651286
3101,G1,46.560082,15.651267,1768973116,73.21,20.00,on_bus,46.560075,15.651286
2100,G1,46.552825,15.649591,1768973116,68.56,20.00,waiting_at_station,46.560075,15.651286
2101,G1,46.552553,15.650338,1768973116,79.77,10.00,waiting_at_station,46.560075,15.651286
2102,G1,46.552717,15.650433,1768973116,48.92,35.00,waiting_at_station,46.560075,15.651286
2500,G1,46.530702,15.670120,1768973116,61.61,20.00,waiting_at_station,46.560075,15.651286
2501,G1,46.530674,15.670226,1768973116,49.90,35.00,waiting_at_station,46.560075,15.651286
2600,G1,46.540047,15.647969,1768973116,69.95,20.00,waiting_at_station,46.560075,15.651286
2601,G1,46.539655,15.647910,1768973116,74.69,20.00,waiting_at_station,46.560075,15.651286
2602,G1,46.539616,15.647941,1768973116,61.31,20.00,waiting_at_station,46.560075,15.651286
2800,G1,46.558702,15.655848,1768973116,69.92,20.00,waiting_at_station,46.560075,15.651286
2801,G1,46.558531,15.655797,1768973116,70.23,20.00,waiting_at_station,46.560075,15.651286
3100,G1,46.559969,15.651333,1768973118,100.00,5.00,on_bus,46.559984,15.651250
3101,G1,46.560069,15.651088,1768973118,70.39,20.00,on_bus,46.559984,15.651250
3102,G1,46.559850,15.651378,1768973118,58.97,35.00,on_bus,46.559984,15.651250
3103,G1,46.560029,15.651263,1768973118,89.86,10.00,on_bus,46.559984,15.651250
3104,G1,46.560018,15.651099,1768973118,86.80,10.00,on_bus,46.559984,15.651250
3105,G1,46.560011,15.651335,1768973118,67.46,20.00,on_bus,46.559984,15.651250
2200,G1,46.540149,15.649394,1768973118,42.00,50.00,waiting_at_station,46.559984,15.651250
2201,G1,46.540093,15.649706,1768973118,85.89,10.00,waiting_at_station,46.559984,15.651250
2300,G1,46.532634,15.666950,1768973118,56.13,35.00,waiting_at_station,46.559984,15.651250
2301,G1,46.532461,15.666935,1768973118,83.39,10.00,waiting_at_station,46.559984,15.651250
2400,G1,46.527532,15.684485,1768973118,83.31,10.00,waiting_at_station,46.559984,15.651250
3100,G1,46.559989,15.651398,1768973119,79.88,10.00,on_bus,46.559892,15.651215
3101,G1,46.559915,15.651008,1768973119,100.00,5.00,on_bus,46.559892,15.651215
3102,G1,46.559805,15.651403,1768973119,83.33,10.00,on_bus,46.559892,15.651215
2300,G1,46.532556,15.667236,1768973119,63.91,20.00,waiting_at_station,46.559892,15.651215
2500,G1,46.530667,15.669451,1768973119,65.75,20.00,waiting_at_station,46.559892,15.651215
3200,G1,46.559766,15.651130,1768973119,79.27,10.00,on_bus,46.559801,15.651179
3201,G1,46.559835,15.651136,1768973119,77.24,10.00,on_bus,46.559801,15.651179
3202,G1,46.559976,15.651062,1768973119,71.42,20.00,on_bus,46.559801,15.651179
3203,G1,46.559806,15.651241,1768973119,85.32,10.00,on_bus,46.559801,15.651179
2200,G1,46.539555,15.650512,1768973119,78.89,10.00,waiting_at_station,46.559801,15.651179
2201,G1,46.540380,15.649734,1768973119,71.42,20.00,waiting_at_station,46.559801,15.651179
2202,G1,46.540412,15.650041,1768973119,84.91,10.00,waiting_at_station,46.559801,15.651179
3200,G1,46.559742,15.651235,1768973119,67.36,20.00,on_bus,46.559717,15.651170
3201,G1,46.559682,15.651156,1768973119,84.26,10.00,on_bus,46.559717,15.651170
3202,G1,46.559589,15.651115,1768973119,84.04,10.00,on_bus,46.559717,15.651170
3203,G1,46.559841,15.651042,1768973119,80.06,10.00,on_bus,46.559717,15.651170
3204,G1,46.559607,15.651076,1768973119,69.88,20.00,on_bus,46.559717,15.651170
3205,G1,46.559692,15.651148,1768973119,79.32,10.00,on_bus,46.559717,15.651170
2400,G1,46.527436,15.684307,1768973119,60.58,20.00,waiting_at_station,46.559717,15.651170
2600,G1,46.539922,15.647494,1768973119,61.87,20.00,waiting_at_station,46.559717,15.651170
2601,G1,46.540054,15.647741,1768973119,68.57,20.00,waiting_at_station,46.559717,15.651170
2602,G1,46.539892,15.648118,1768973119,70.67,20.00,waiting_at_station,46.559717,15.651170
2700,G1,46.554581,15.650409,1768973119,68.68,20.00,waiting_at_station,46.559717,15.651170
2701,G1,46.554834,15.650417,1768973119,65.03,20.00,waiting_at_station,46.559717,15.651170
2702,G1,46.554224,15.650558,1768973119,67.74,20.00,waiting_at_station,46.559717,15.651170
3200,G1,46.559658,15.651040,1768973121,96.48,5.00,on_bus,46.559633,15.651161
3201,G1,46.559572,15.651113,1768973121,74.29,20.00,on_bus,46.559633,15.651161
2300,G1,46.532337,15.667418,1768973121,66.63,20.00,waiting_at_station,46.559633,15.651161
2700,G1,46.554292,15.650311,1768973121,85.08,10.00,waiting_at_station,46.559633,15.651161
2701,G1,46.554248,15.650515,1768973121,90.82,5.00,waiting_at_station,46.559633,15.651161
2800,G1,46.558625,15.655455,1768973121,85.04,10.00,waiting_at_station,46.559633,15.651161
2801,G1,46.558644,15.655844,1768973121,77.92,10.00,waiting_at_station,46.559633,15.651161
2802,G1,46.558799,15.655845,1768973121,45.38,35.00,waiting_at_station,46.559633,15.651161
3200,G1,46.559481,15.651217,1768973122,79.18,10.00,on_bus,46.559548,15.651152
3201,G1,46.559609,15.651248,1768973122,100.00,5.00,on_bus,46.559548,15.651152
2000,G1,46.559510,15.656048,1768973122,65.13,20.00,waiting_at_station,46.559548,15.651152
2001,G1,46.559605,15.655772,1768973122,73.06,20.00,waiting_at_station,46.559548,15.651152
2800,G1,46.559132,15.655501,1768973122,80.69,10.00,waiting_at_station,46.559548,15.651152
2801,G1,46.559035,15.655419,1768973122,95.34,5.00,waiting_at_station,46.559548,15.651152
2802,G1,46.558861,15.656251,1768973122,84.36,10.00,waiting_at_station,46.559548,15.651152
3200,G1,46.559566,15.651138,1768973123,82.11,10.00,on_bus,46.559464,15.651143
3201,G1,46.559557,15.651140,1768973123,66.81,20.00,on_bus,46.559464,15.651143
3202,G1,46.559372,15.651240,1768973123,87.46,10.00,on_bus,46.559464,15.651143
3203,G1,46.559358,15.651092,1768973123,66.77,20.00,on_bus,46.559464,15.651143
2300,G1,46.532782,15.666315,1768973123,66.31,20.00,waiting_at_station,46.559464,15.651143
2301,G1,46.532836,15.666654,1768973123,69.77,20.00,waiting_at_station,46.559464,15.651143
3300,G1,46.559490,15.651136,1768973122,50.36,35.00,on_bus,46.559380,15.651134
3301,G1,46.559444,15.651071,1768973122,55.18,35.00,on_bus,46.559380,15.651134
3302,G1,46.559265,15.651069,1768973122,78.68,10.00,on_bus,46.559380,15.651134
3303,G1,46.559482,15.651268,1768973122,100.00,5.00,on_bus,46.559380,15.651134
3304,G1,46.559323,15.651126,1768973122,71.04,20.00,on_bus,46.559380,15.651134
3305,G1,46.559457,15.651116,1768973122,52.67,35.00,on_bus,46.559380,15.651134
2300,G1,46.532858,15.666724,1768973122,76.19,10.00,waiting_at_station,46.559380,15.651134
2301,G1,46.532258,15.666960,1768973122,97.48,5.00,waiting_at_station,46.559380,15.651134
2302,G1,46.532452,15.666877,1768973122,97.23,5.00,waiting_at_station,46.559380,15.651134
2600,G1,46.539848,15.648240,1768973122,81.65,10.00,waiting_at_station,46.559380,15.651134
2601,G1,46.540014,15.648103,1768973122,82.44,10.00,waiting_at_station,46.559380,15.651134
2700,G1,46.554008,15.650364,1768973122,80.17,10.00,waiting_at_station,46.559380,15.651134
3300,G1,46.559299,15.651042,1768973123,72.77,20.00,on_bus,46.559251,15.651103
3301,G1,46.559414,15.651038,1768973123,77.67,10.00,on_bus,46.559251,15.651103
3302,G1,46.559138,15.651251,1768973123,92.40,5.00,on_bus,46.559251,15.651103
2300,G1,46.531722,15.665975,1768973123,67.74,20.00,waiting_at_station,46.559251,15.651103
2800,G1,46.558358,15.655578,1768973123,79.76,10.00,waiting_at_station,46.559251,15.651103
3300,G1,46.559080,15.651011,1768973125,76.58,10.00,on_bus,46.559123,15.651071
3301,G1,46.559044,15.651074,1768973125,94.47,5.00,on_bus,46.559123,15.651071
3302,G1,46.559035,15.650767,1768973125,44.30,50.00,on_bus,46.559123,15.651071
3303,G1,46.559270,15.651072,1768973125,86.08,10.00,on_bus,46.559123,15.651071
2200,G1,46.539756,15.649779,1768973125,73.55,20.00,waiting_at_station,46.559123,15.651071
2201,G1,46.540088,15.649851,1768973125,69.01,20.00,waiting_at_station,46.559123,15.651071
2202,G1,46.540413,15.649777,1768973125,72.84,20.00,waiting_at_station,46.559123,15.651071
2800,G1,46.558597,15.655614,1768973125,54.45,35.00,waiting_at_station,46.559123,15.651071
2801,G1,46.558538,15.655146,1768973125,87.84,10.00,waiting_at_station,46.559123,15.651071
2802,G1,46.558591,15.655423,1768973125,77.79,10.00,waiting_at_station,46.559123,15.651071
3400,G1,46.558907,15.651148,1768973124,72.57,20.00,on_bus,46.558994,15.651040
3401,G1,46.559022,15.651034,1768973124,55.41,35.00,on_bus,46.558994,15.651040
3402,G1,46.559009,15.651020,1768973124,58.72,35.00,on_bus,46.558994,15.651040
2000,G1,46.559487,15.656019,1768973124,71.51,20.00,waiting_at_station,46.558994,15.651040
2200,G1,46.539935,15.649833,1768973124,100.00,5.00,waiting_at_station,46.558994,15.651040
3400,G1,46.558837,15.651018,1768973126,82.00,10.00,on_bus,46.558877,15.650994
3401,G1,46.558890,15.651010,1768973126,75.70,10.00,on_bus,46.558877,15.650994
3402,G1,46.558934,15.650957,1768973126,51.46,35.00,on_bus,46.558877,15.650994
3403,G1,46.558790,15.650937,1768973126,100.00,5.00,on_bus,46.558877,15.650994
3404,G1,46.558856,15.650847,1768973126,78.65,10.00,on_bus,46.558877,15.650994
2800,G1,46.558532,15.655792,1768973126,58.28,35.00,waiting_at_station,46.558877,15.650994
2801,G1,46.558793,15.656064,1768973126,83.76,10.00,waiting_at_station,46.558877,15.650994
2802,G1,46.558625,15.656195,1768973126,94.29,5.00,waiting_at_station,46.558877,15.650994
3400,G1,46.558708,15.650936,1768973128,82.12,10.00,on_bus,46.558761,15.650947
3401,G1,46.558924,15.650940,1768973128,100.00,5.00,on_bus,46.558761,15.650947
3402,G1,46.558736,15.650925,1768973128,70.65,20.00,on_bus,46.558761,15.650947
3403,G1,46.558538,15.651046,1768973128,71.12,20.00,on_bus,46.558761,15.650947
2200,G1,46.540264,15.649602,1768973128,100.00,5.00,waiting_at_station,46.558761,15.650947
2201,G1,46.540118,15.649675,1768973128,70.52,20.00,waiting_at_station,46.558761,15.650947
2202,G1,46.540251,15.649597,1768973128,53.34,35.00,waiting_at_station,46.558761,15.650947
2400,G1,46.527468,15.684418,1768973128,94.82,5.00,waiting_at_station,46.558761,15.650947
2401,G1,46.527221,15.684893,1768973128,67.98,20.00,waiting_at_station,46.558761,15.650947
2402,G1,46.527313,15.684218,1768973128,74.31,20.00,waiting_at_station,46.558761,15.650947
2500,G1,46.530718,15.669689,1768973128,62.40,20.00,waiting_at_station,46.558761,15.650947
2501,G1,46.530885,15.669963,1768973128,65.14,20.00,waiting_at_station,46.558761,15.650947
2700,G1,46.554627,15.651293,1768973128,81.72,10.00,waiting_at_station,46.558761,15.650947
2701,G1,46.554546,15.651385,1768973128,71.11,20.00,waiting_at_station,46.558761,15.650947
3500,G1,46.558705,15.650981,1768973127,88.38,10.00,on_bus,46.558644,15.650901
3501,G1,46.558592,15.650846,1768973127,100.00,5.00,on_bus,46.558644,15.650901
3502,G1,46.558609,15.650796,1768973127,89.51,10.00,on_bus,46.558644,15.650901
3503,G1,46.558679,15.650893,1768973127,58.04,35.00,on_bus,46.558644,15.650901
3504,G1,46.558584,15.651088,1768973127,77.28,10.00,on_bus,46.558644,15.650901
2000,G1,46.559618,15.655976,1768973127,84.58,10.00,waiting_at_station,46.558644,15.650901
2001,G1,46.559480,15.655880,1768973127,87.45,10.00,waiting_at_station,46.558644,15.650901
2100,G1,46.552853,15.650151,1768973127,46.12,35.00,waiting_at_station,46.558644,15.650901
2101,G1,46.552789,15.650752,1768973127,70.48,20.00,waiting_at_station,46.558644,15.650901
2500,G1,46.530456,15.670619,1768973127,73.38,20.00,waiting_at_station,46.558644,15.650901
2501,G1,46.530588,15.670285,1768973127,59.37,35.00,waiting_at_station,46.558644,15.650901
3500,G1,46.558615,15.651121,1768973127,81.52,10.00,on_bus,46.558586,15.650922
3501,G1,46.558531,15.650928,1768973127,91.91,5.00,on_bus,46.558586,15.650922
3502,G1,46.558574,15.650909,1768973127,62.42,20.00,on_bus,46.558586,15.650922
3503,G1,46.558644,15.651429,1768973127,89.35,10.00,on_bus,46.558586,15.650922
3504,G1,46.558496,15.651004,1768973127,86.68,10.00,on_bus,46.558586,15.650922
3505,G1,46.558442,15.651139,1768973127,74.27,20.00,on_bus,46.558586,15.650922
2000,G1,46.559788,15.655701,1768973127,66.69,20.00,waiting_at_station,46.558586,15.650922
2001,G1,46.559724,15.655834,1768973127,100.00,5.00,waiting_at_station,46.558586,15.650922
2002,G1,46.559496,15.656310,1768973127,68.80,20.00,waiting_at_station,46.558586,15.650922
3500,G1,46.558590,15.650860,1768973129,100.00,5.00,on_bus,46.558528,15.650944
3501,G1,46.558525,15.651075,1768973129,53.56,35.00,on_bus,46.558528,15.650944
3502,G1,46.558493,15.650988,1768973129,60.29,20.00,on_bus,46.558528,15.650944
3503,G1,46.558582,15.650889,1768973129,90.36,5.00,on_bus,46.558528,15.650944
3504,G1,46.558553,15.651089,1768973129,98.77,5.00,on_bus,46.558528,15.650944
2200,G1,46.540326,15.649496,1768973129,100.00,5.00,waiting_at_station,46.558528,15.650944
2300,G1,46.532496,15.666760,1768973129,73.45,20.00,waiting_at_station,46.558528,15.650944
2301,G1,46.532447,15.666951,1768973129,75.29,10.00,waiting_at_station,46.558528,15.650944
2302,G1,46.532279,15.667060,1768973129,65.85,20.00,waiting_at_station,46.558528,15.650944
3500,G1,46.558462,15.650969,1768973129,61.95,20.00,on_bus,46.558470,15.650965
3501,G1,46.558431,15.650924,1768973129,90.94,5.00,on_bus,46.558470,15.650965
3502,G1,46.558398,15.650902,1768973129,100.00,5.00,on_bus,46.558470,15.650965
2000,G1,46.559559,15.656309,1768973129,72.93,20.00,waiting_at_station,46.558470,15.650965
2001,G1,46.559357,15.655831,1768973129,74.07,20.00,waiting_at_station,46.558470,15.650965
2002,G1,46.559428,15.655997,1768973129,91.90,5.00,waiting_at_station,46.558470,15.650965
2500,G1,46.530709,15.670267,1768973129,76.47,10.00,waiting_at_station,46.558470,15.650965
2501,G1,46.531016,15.670078,1768973129,40.27,50.00,waiting_at_station,46.558470,15.650965
2502,G1,46.530349,15.670097,1768973129,91.28,5.00,waiting_at_station,46.558470,15.650965
2700,G1,46.554403,15.650345,1768973129,83.57,10.00,waiting_at_station,46.558470,15.650965
2701,G1,46.554557,15.649619,1768973129,78.11,10.00,waiting_at_station,46.558470,15.650965
2702,G1,46.554377,15.650830,1768973129,80.03,10.00,waiting_at_station,46.558470,15.650965
2800,G1,46.558840,15.655635,1768973129,63.85,20.00,waiting_at_station,46.558470,15.650965
3500,G1,46.558418,15.651061,1768973130,41.48,50.00,on_bus,46.558412,15.650986
3501,G1,46.558378,15.650977,1768973130,74.02,20.00,on_bus,46.558412,15.650986
3502,G1,46.558461,15.650992,1768973130,73.26,20.00,on_bus,46.558412,15.650986
3503,G1,46.558475,15.650918,1768973130,63.12,20.00,on_bus,46.558412,15.650986
3504,G1,46.558461,15.651019,1768973130,64.27,20.00,on_bus,46.558412,15.650986
2100,G1,46.552474,15.649901,1768973130,100.00,5.00,waiting_at_station,46.558412,15.650986
2101,G1,46.552532,15.650157,1768973130,74.43,20.00,waiting_at_station,46.558412,15.650986
2400,G1,46.527607,15.684559,1768973130,70.80,20.00,waiting_at_station,46.558412,15.650986
2401,G1,46.527302,15.684161,1768973130,69.62,20.00,waiting_at_station,46.558412,15.650986
2500,G1,46.531062,15.670092,1768973130,91.56,5.00,waiting_at_station,46.558412,15.650986
2700,G1,46.554285,15.650155,1768973130,86.42,10.00,waiting_at_station,46.558412,15.650986
3500,G1,46.558310,15.650997,1768973131,73.51,20.00,on_bus,46.558354,15.651007
3501,G1,46.558377,15.651046,1768973131,80.68,10.00,on_bus,46.558354,15.651007
3502,G1,46.558319,15.651218,1768973131,63.16,20.00,on_bus,46.558354,15.651007
3503,G1,46.558404,15.651215,1768973131,93.16,5.00,on_bus,46.558354,15.651007
3504,G1,46.558288,15.651023,1768973131,62.57,20.00,on_bus,46.558354,15.651007
3505,G1,46.558415,15.650843,1768973131,49.88,35.00,on_bus,46.558354,15.651007
2100,G1,46.552354,15.650348,1768973131,46.00,35.00,waiting_at_station,46.558354,15.651007
2600,G1,46.539898,15.648019,1768973131,77.14,10.00,waiting_at_station,46.558354,15.651007
2700,G1,46.554283,15.650375,1768973131,69.25,20.00,waiting_at_station,46.558354,15.651007
2701,G1,46.554848,15.651690,1768973131,85.85,10.00,waiting_at_station,46.558354,15.651007
2702,G1,46.554096,15.650168,1768973131,76.92,10.00,waiting_at_station,46.558354,15.651007
3600,G1,46.558353,15.650963,1768973129,86.66,10.00,on_bus,46.558296,15.651029
3601,G1,46.558342,15.650824,1768973129,69.66,20.00,on_bus,46.558296,15.651029
2000,G1,46.559703,15.656113,1768973129,60.23,20.00,waiting_at_station,46.558296,15.651029
2001,G1,46.559343,15.656224,1768973129,82.53,10.00,waiting_at_station,46.558296,15.651029
2100,G1,46.552540,15.650180,1768973129,92.61,5.00,waiting_at_station,46.558296,15.651029
2101,G1,46.552660,15.650230,1768973129,45.36,35.00,waiting_at_station,46.558296,15.651029
3600,G1,46.558236,15.651056,1768973130,80.33,10.00,on_bus,46.558242,15.651021
3601,G1,46.558182,15.651062,1768973130,84.77,10.00,on_bus,46.558242,15.651021
3602,G1,46.558178,15.651026,1768973130,56.52,35.00,on_bus,46.558242,15.651021
2200,G1,46.540396,15.649490,1768973130,66.49,20.00,waiting_at_station,46.558242,15.651021
2300,G1,46.532498,15.666781,1768973130,81.43,10.00,waiting_at_station,46.558242,15.651021
2700,G1,46.554176,15.650773,1768973130,56.93,35.00,waiting_at_station,46.558242,15.651021
2701,G1,46.554308,15.650620,1768973130,55.31,35.00,waiting_at_station,46.558242,15.651021
2702,G1,46.554411,15.650627,1768973130,66.04,20.00,waiting_at_station,46.558242,15.651021
3600,G1,46.558258,15.651090,1768973131,59.40,35.00,on_bus,46.558187,15.651013
3601,G1,46.558154,15.651076,1768973131,84.98,10.00,on_bus,46.558187,15.651013
3602,G1,46.558214,15.650999,1768973131,82.64,10.00,on_bus,46.558187,15.651013
2500,G1,46.530852,15.669829,1768973131,78.40,10.00,waiting_at_station,46.558187,15.651013
2501,G1,46.530699,15.670041,1768973131,76.48,10.00,waiting_at_station,46.558187,15.651013
2700,G1,46.554449,15.650207,1768973131,80.90,10.00,waiting_at_station,46.558187,15.651013
2701,G1,46.554185,15.650600,1768973131,80.44,10.00,waiting_at_station,46.558187,15.651013
2702,G1,46.554458,15.650086,1768973131,59.96,35.00,waiting_at_station,46.558187,15.651013
3700,G1,46.558126,15.650935,1768973131,89.55,10.00,on_bus,46.558132,15.651005
3701,G1,46.558209,15.650935,1768973131,100.00,5.00,on_bus,46.558132,15.651005
3702,G1,46.558181,15.651105,1768973131,90.94,5.00,on_bus,46.558132,15.651005
2300,G1,46.532734,15.666757,1768973131,63.68,20.00,waiting_at_station,46.558132,15.651005
2301,G1,46.532599,15.667045,1768973131,81.37,10.00,waiting_at_station,46.558132,15.651005
2400,G1,46.527418,15.684245,1768973131,86.63,10.00,waiting_at_station,46.558132,15.651005
3700,G1,46.558017,15.650940,1768973131,100.00,5.00,on_bus,46.558068,15.650980
3701,G1,46.558024,15.651044,1768973131,54.96,35.00,on_bus,46.558068,15.650980
3702,G1,46.558040,15.650954,1768973131,92.48,5.00,on_bus,46.558068,15.650980
3703,G1,46.558141,15.650890,1768973131,80.63,10.00,on_bus,46.558068,15.650980
3704,G1,46.558201,15.650684,1768973131,68.99,20.00,on_bus,46.558068,15.650980
2300,G1,46.532964,15.667414,1768973131,85.14,10.00,waiting_at_station,46.558068,15.650980
2301,G1,46.532437,15.666635,1768973131,77.38,10.00,waiting_at_station,46.558068,15.650980
2302,G1,46.532212,15.667104,1768973131,88.49,10.00,waiting_at_station,46.558068,15.650980
2800,G1,46.558307,15.655512,1768973131,62.13,20.00,waiting_at_station,46.558068,15.650980
3700,G1,46.557944,15.650903,1768973132,81.15,10.00,on_bus,46.558004,15.650955
3701,G1,46.557985,15.651061,1768973132,66.19,20.00,on_bus,46.558004,15.650955
3702,G1,46.557933,15.650939,1768973132,69.88,20.00,on_bus,46.558004,15.650955
3703,G1,46.558113,15.651175,1768973132,88.32,10.00,on_bus,46.558004,15.650955
2100,G1,46.552837,15.650112,1768973132,91.30,5.00,waiting_at_station,46.558004,15.650955
2500,G1,46.531182,15.670884,1768973132,84.37,10.00,waiting_at_station,46.558004,15.650955
2600,G1,46.539732,15.648137,1768973132,98.80,5.00,waiting_at_station,46.558004,15.650955
2601,G1,46.540023,15.648314,1768973132,55.90,35.00,waiting_at_station,46.558004,15.650955
2700,G1,46.554300,15.651297,1768973132,46.42,35.00,waiting_at_station,46.558004,15.650955
3800,G1,46.557987,15.650901,1768973132,72.09,20.00,on_bus,46.557940,15.650930
3801,G1,46.557946,15.650959,1768973132,77.82,10.00,on_bus,46.557940,15.650930
3802,G1,46.558107,15.650846,1768973132,77.83,10.00,on_bus,46.557940,15.650930
2000,G1,46.559694,15.656121,1768973132,51.68,35.00,waiting_at_station,46.557940,15.650930
2400,G1,46.527556,15.684116,1768973132,68.64,20.00,waiting_at_station,46.557940,15.650930
2401,G1,46.527621,15.684688,1768973132,92.21,5.00,waiting_at_station,46.557940,15.650930
2402,G1,46.527519,15.684433,1768973132,65.56,20.00,waiting_at_station,46.557940,15.650930
2600,G1,46.539911,15.647473,1768973132,60.75,20.00,waiting_at_station,46.557940,15.650930
2601,G1,46.539913,15.648165,1768973132,71.03,20.00,waiting_at_station,46.557940,15.650930
2602,G1,46.539974,15.648146,1768973132,90.79,5.00,waiting_at_station,46.557940,15.650930
3800,G1,46.557909,15.650902,1768973132,93.84,5.00,on_bus,46.557881,15.650931
3801,G1,46.557851,15.650930,1768973132,62.26,20.00,on_bus,46.557881,15.650931
3802,G1,46.557828,15.650981,1768973132,80.59,10.00,on_bus,46.557881,15.650931
3803,G1,46.557743,15.651146,1768973132,88.26,10.00,on_bus,46.557881,15.650931
3804,G1,46.557920,15.650941,1768973132,84.59,10.00,on_bus,46.557881,15.650931
2000,G1,46.559577,15.656134,1768973132,67.45,20.00,waiting_at_station,46.557881,15.650931
2400,G1,46.527364,15.684627,1768973132,54.20,35.00,waiting_at_station,46.557881,15.650931
2401,G1,46.527490,15.684387,1768973132,90.14,5.00,waiting_at_station,46.557881,15.650931
2402,G1,46.527183,15.683975,1768973132,77.18,10.00,waiting_at_station,46.557881,15.650931
2600,G1,46.539932,15.648059,1768973132,63.60,20.00,waiting_at_station,46.557881,15.650931
3800,G1,46.557789,15.650863,1768973134,83.70,10.00,on_bus,46.557822,15.650932
3801,G1,46.557852,15.650785,1768973134,90.64,5.00,on_bus,46.557822,15.650932
3802,G1,46.557769,15.650864,1768973134,76.09,10.00,on_bus,46.557822,15.650932
3803,G1,46.557801,15.650721,1768973134,83.17,10.00,on_bus,46.557822,15.650932
2200,G1,46.540259,15.649606,1768973134,92.77,5.00,waiting_at_station,46.557822,15.650932
2201,G1,46.540065,15.649831,1768973134,80.11,10.00,waiting_at_station,46.557822,15.650932
2600,G1,46.539886,15.647988,1768973134,75.75,10.00,waiting_at_station,46.557822,15.650932
2601,G1,46.539806,15.647883,1768973134,69.35,20.00,waiting_at_station,46.557822,15.650932
2602,G1,46.539754,15.647578,1768973134,59.22,35.00,waiting_at_station,46.557822,15.650932
2800,G1,46.558967,15.655906,1768973134,63.56,20.00,waiting_at_station,46.557822,15.650932
2801,G1,46.558608,15.655785,1768973134,87.52,10.00,waiting_at_station,46.557822,15.650932
3800,G1,46.557839,15.651080,1768973134,91.82,5.00,on_bus,46.557762,15.650933
3801,G1,46.557796,15.650948,1768973134,54.57,35.00,on_bus,46.557762,15.650933
2200,G1,46.540015,15.649674,1768973134,66.22,20.00,waiting_at_station,46.557762,15.650933
2201,G1,46.539936,15.649828,1768973134,73.45,20.00,waiting_at_station,46.557762,15.650933
2202,G1,46.539943,15.649539,1768973134,74.97,20.00,waiting_at_station,46.557762,15.650933
2500,G1,46.530896,15.670173,1768973134,47.74,35.00,waiting_at_station,46.557762,15.650933
2800,G1,46.558521,15.655724,1768973134,64.47,20.00,waiting_at_station,46.557762,15.650933
2801,G1,46.559126,15.655574,1768973134,60.65,20.00,waiting_at_station,46.557762,15.650933
2802,G1,46.558531,15.655608,1768973134,98.74,5.00,waiting_at_station,46.557762,15.650933
3800,G1,46.557737,15.650920,1768973135,89.98,10.00,on_bus,46.557703,15.650935
3801,G1,46.557805,15.650912,1768973135,90.21,5.00,on_bus,46.557703,15.650935
3802,G1,46.557696,15.650925,1768973135,78.87,10.00,on_bus,46.557703,15.650935
3803,G1,46.557720,15.650827,1768973135,67.52,20.00,on_bus,46.557703,15.650935
2000,G1,46.559676,15.655579,1768973135,86.61,10.00,waiting_at_station,46.557703,15.650935
2300,G1,46.532553,15.666820,1768973135,89.85,10.00,waiting_at_station,46.557703,15.650935
2301,G1,46.532610,15.666366,1768973135,59.12,35.00,waiting_at_station,46.557703,15.650935
2400,G1,46.527382,15.684841,1768973135,69.11,20.00,waiting_at_station,46.557703,15.650935
2401,G1,46.527128,15.684239,1768973135,70.41,20.00,waiting_at_station,46.557703,15.650935
2700,G1,46.554138,15.650197,1768973135,89.28,10.00,waiting_at_station,46.557703,15.650935
2701,G1,46.554963,15.650970,1768973135,71.00,20.00,waiting_at_station,46.557703,15.650935
2702,G1,46.554313,15.650771,1768973135,75.60,10.00,waiting_at_station,46.557703,15.650935
3900,G1,46.557580,15.650972,1768973134,75.43,10.00,on_bus,46.557644,15.650936
3901,G1,46.557650,15.650721,1768973134,80.12,10.00,on_bus,46.557644,15.650936
3902,G1,46.557582,15.650743,1768973134,63.31,20.00,on_bus,46.557644,15.650936
3903,G1,46.557599,15.651039,1768973134,94.31,5.00,on_bus,46.557644,15.650936
3904,G1,46.557536,15.650856,1768973134,81.04,10.00,on_bus,46.557644,15.650936
2100,G1,46.552596,15.650030,1768973134,65.89,20.00,waiting_at_station,46.557644,15.650936
2101,G1,46.552818,15.649751,1768973134,67.87,20.00,waiting_at_station,46.557644,15.650936
2102,G1,46.552731,15.650724,1768973134,96.61,5.00,waiting_at_station,46.557644,15.650936
2600,G1,46.539846,15.647571,1768973134,54.02,35.00,waiting_at_station,46.557644,15.650936
2601,G1,46.540245,15.647956,1768973134,77.72,10.00,waiting_at_station,46.557644,15.650936
3900,G1,46.557742,15.650919,1768973135,56.37,35.00,on_bus,46.557565,15.650933
3901,G1,46.557624,15.651056,1768973135,77.09,10.00,on_bus,46.557565,15.650933
3902,G1,46.557217,15.650951,1768973135,73.12,20.00,on_bus,46.557565,15.650933
3903,G1,46.557547,15.650890,1768973135,71.03,20.00,on_bus,46.557565,15.650933
3904,G1,46.557560,15.650696,1768973135,100.00,5.00,on_bus,46.557565,15.650933
3905,G1,46.557699,15.650781,1768973135,100.00,5.00,on_bus,46.557565,15.650933
2300,G1,46.532353,15.667047,1768973135,76.89,10.00,waiting_at_station,46.557565,15.650933
2301,G1,46.532404,15.667269,1768973135,73.22,20.00,waiting_at_station,46.557565,15.650933
2302,G1,46.532705,15.667166,1768973135,73.73,20.00,waiting_at_station,46.557565,15.650933
2500,G1,46.530858,15.670329,1768973135,86.58,10.00,waiting_at_station,46.557565,15.650933
3900,G1,46.557333,15.651051,1768973136,69.85,20.00,on_bus,46.557486,15.650929
3901,G1,46.557496,15.650985,1768973136,97.91,5.00,on_bus,46.557486,15.650929
3902,G1,46.557492,15.650905,1768973136,66.17,20.00,on_bus,46.557486,15.650929
2000,G1,46.559507,15.656141,1768973136,63.20,20.00,waiting_at_station,46.557486,15.650929
2001,G1,46.559541,15.656064,1768973136,71.88,20.00,waiting_at_station,46.557486,15.650929
2100,G1,46.552964,15.649569,1768973136,69.09,20.00,waiting_at_station,46.557486,15.650929
2400,G1,46.527204,15.683952,1768973136,79.33,10.00,waiting_at_station,46.557486,15.650929
2600,G1,46.540206,15.648165,1768973136,74.15,20.00,waiting_at_station,46.557486,15.650929
2601,G1,46.539480,15.647827,1768973136,67.45,20.00,waiting_at_station,46.557486,15.650929
2602,G1,46.539867,15.648112,1768973136,87.25,10.00,waiting_at_station,46.557486,15.650929
2800,G1,46.558635,15.655967,1768973136,83.78,10.00,waiting_at_station,46.557486,15.650929
2801,G1,46.558583,15.655212,1768973136,79.93,10.00,waiting_at_station,46.557486,15.650929
2802,G1,46.558652,15.655634,1768973136,88.10,10.00,waiting_at_station,46.557486,15.650929
3900,G1,46.557359,15.651176,1768973137,48.55,35.00,on_bus,46.557406,15.650925
3901,G1,46.557415,15.650933,1768973137,93.35,5.00,on_bus,46.557406,15.650925
3902,G1,46.557392,15.650655,1768973137,83.67,10.00,on_bus,46.557406,15.650925
3903,G1,46.557439,15.650880,1768973137,79.50,10.00,on_bus,46.557406,15.650925
4000,G1,46.557343,15.650922,1768973136,78.25,10.00,on_bus,46.557327,15.650922
4001,G1,46.557336,15.651096,1768973136,98.57,5.00,on_bus,46.557327,15.650922
4002,G1,46.557331,15.651025,1768973136,68.34,20.00,on_bus,46.557327,15.650922
4003,G1,46.557323,15.650853,1768973136,96.17,5.00,on_bus,46.557327,15.650922
2000,G1,46.559561,15.655459,1768973136,77.76,10.00,waiting_at_station,46.557327,15.650922
2001,G1,46.559360,15.655577,1768973136,59.10,35.00,waiting_at_station,46.557327,15.650922
2200,G1,46.540056,15.648759,1768973136,27.79,50.00,waiting_at_station,46.557327,15.650922
2500,G1,46.531027,15.670400,1768973136,73.17,20.00,waiting_at_station,46.557327,15.650922
2700,G1,46.554471,15.650429,1768973136,93.77,5.00,waiting_at_station,46.557327,15.650922
2701,G1,46.554084,15.650560,1768973136,77.84,10.00,waiting_at_station,46.557327,15.650922
2702,G1,46.554593,15.650080,1768973136,57.23,35.00,waiting_at_station,46.557327,15.650922
4000,G1,46.557224,15.650877,1768973137,69.54,20.00,on_bus,46.557240,15.650922
4001,G1,46.557491,15.650723,1768973137,90.75,5.00,on_bus,46.557240,15.650922
4002,G1,46.557199,15.650941,1768973137,83.31,10.00,on_bus,46.557240,15.650922
4003,G1,46.557215,15.650925,1768973137,73.36,20.00,on_bus,46.557240,15.650922
4004,G1,46.557265,15.651055,1768973137,90.16,5.00,on_bus,46.557240,15.650922
2500,G1,46.530959,15.670211,1768973137,89.39,10.00,waiting_at_station,46.557240,15.650922
2501,G1,46.530900,15.670415,1768973137,77.38,10.00,waiting_at_station,46.557240,15.650922
4000,G1,46.557135,15.650783,1768973138,67.58,20.00,on_bus,46.557154,15.650922
4001,G1,46.557198,15.650928,1768973138,100.00,5.00,on_bus,46.557154,15.650922
2100,G1,46.553433,15.650627,1768973138,59.65,35.00,waiting_at_station,46.557154,15.650922
2101,G1,46.552710,15.650542,1768973138,85.73,10.00,waiting_at_station,46.557154,15.650922
2300,G1,46.532679,15.666738,1768973138,65.05,20.00,waiting_at_station,46.557154,15.650922
2301,G1,46.532989,15.667078,1768973138,72.94,20.00,waiting_at_station,46.557154,15.650922
2302,G1,46.532689,15.666992,1768973138,82.14,10.00,waiting_at_station,46.557154,15.650922
2400,G1,46.527492,15.684516,1768973138,90.77,5.00,waiting_at_station,46.557154,15.650922
2600,G1,46.539752,15.647912,1768973138,70.13,20.00,waiting_at_station,46.557154,15.650922
2601,G1,46.540138,15.648578,1768973138,88.59,10.00,waiting_at_station,46.557154,15.650922
2602,G1,46.539857,15.647912,1768973138,62.72,20.00,waiting_at_station,46.557154,15.650922
2800,G1,46.558861,15.655963,1768973138,89.32,10.00,waiting_at_station,46.557154,15.650922
4000,G1,46.557125,15.650736,1768973140,97.09,5.00,on_bus,46.557067,15.650922
4001,G1,46.557183,15.651067,1768973140,60.39,20.00,on_bus,46.557067,15.650922
2200,G1,46.539984,15.650430,1768973140,81.15,10.00,waiting_at_station,46.557067,15.650922
2201,G1,46.540376,15.649719,1768973140,100.00,5.00,waiting_at_station,46.557067,15.650922
2300,G1,46.532596,15.667340,1768973140,69.76,20.00,waiting_at_station,46.557067,15.650922
2301,G1,46.532837,15.667332,1768973140,81.10,10.00,waiting_at_station,46.557067,15.650922
2302,G1,46.532586,15.666894,1768973140,79.29,10.00,waiting_at_station,46.557067,15.650922
2400,G1,46.527413,15.684400,1768973140,38.06,50.00,waiting_at_station,46.557067,15.650922
2500,G1,46.530476,15.670519,1768973140,100.00,5.00,waiting_at_station,46.557067,15.650922
4100,G1,46.557025,15.650849,1768973139,58.61,35.00,on_bus,46.556980,15.650922
4101,G1,46.556983,15.651055,1768973139,63.28,20.00,on_bus,46.556980,15.650922
4102,G1,46.557003,15.650976,1768973139,97.05,5.00,on_bus,46.556980,15.650922
4103,G1,46.556944,15.650914,1768973139,93.57,5.00,on_bus,46.556980,15.650922
4104,G1,46.557024,15.650949,1768973139,96.60,5.00,on_bus,46.556980,15.650922
2200,G1,46.540209,15.649721,1768973139,77.06,10.00,waiting_at_station,46.556980,15.650922
2201,G1,46.540230,15.649599,1768973139,100.00,5.00,waiting_at_station,46.556980,15.650922
2202,G1,46.540071,15.649658,1768973139,93.51,5.00,waiting_at_station,46.556980,15.650922
4100,G1,46.556838,15.650788,1768973139,78.17,10.00,on_bus,46.556916,15.650916
4101,G1,46.556970,15.650925,1768973139,97.83,5.00,on_bus,46.556916,15.650916
2000,G1,46.559527,15.656049,1768973139,63.07,20.00,waiting_at_station,46.556916,15.650916
2001,G1,46.559653,15.655693,1768973139,74.15,20.00,waiting_at_station,46.556916,15.650916
2002,G1,46.559753,15.656529,1768973139,67.30,20.00,waiting_at_station,46.556916,15.650916
2400,G1,46.527558,15.684596,1768973139,99.32,5.00,waiting_at_station,46.556916,15.650916
2401,G1,46.527546,15.683949,1768973139,86.22,10.00,waiting_at_station,46.556916,15.650916
2402,G1,46.527222,15.684036,1768973139,67.34,20.00,waiting_at_station,46.556916,15.650916
2600,G1,46.539860,15.648224,1768973139,56.15,35.00,waiting_at_station,46.556916,15.650916
2601,G1,46.539923,15.647842,1768973139,70.59,20.00,waiting_at_station,46.556916,15.650916
2602,G1,46.539892,15.648071,1768973139,74.14,20.00,waiting_at_station,46.556916,15.650916
2800,G1,46.558542,15.655648,1768973139,82.16,10.00,waiting_at_station,46.556916,15.650916
2801,G1,46.558590,15.655794,1768973139,53.22,35.00,waiting_at_station,46.556916,15.650916
2802,G1,46.558876,15.655721,1768973139,62.46,20.00,waiting_at_station,46.556916,15.650916
4100,G1,46.556809,15.651025,1768973140,82.49,10.00,on_bus,46.556852,15.650911
4101,G1,46.556918,15.650955,1768973140,92.62,5.00,on_bus,46.556852,15.650911
4102,G1,46.556831,15.650791,1768973140,88.70,10.00,on_bus,46.556852,15.650911
4103,G1,46.556834,15.650767,1768973140,98.27,5.00,on_bus,46.556852,15.650911
4104,G1,46.556810,15.650923,1768973140,92.34,5.00,on_bus,46.556852,15.650911
2100,G1,46.552709,15.650176,1768973140,63.99,20.00,waiting_at_station,46.556852,15.650911
2101,G1,46.552555,15.650111,1768973140,83.28,10.00,waiting_at_station,46.556852,15.650911
2200,G1,46.540010,15.649615,1768973140,94.96,5.00,waiting_at_station,46.556852,15.650911
2500,G1,46.530616,15.670249,1768973140,100.00,5.00,waiting_at_station,46.556852,15.650911
2501,G1,46.530473,15.670094,1768973140,79.16,10.00,waiting_at_station,46.556852,15.650911
2502,G1,46.530836,15.670342,1768973140,67.24,20.00,waiting_at_station,46.556852,15.650911
4100,G1,46.556841,15.650987,1768973141,90.81,5.00,on_bus,46.556788,15.650905
4101,G1,46.556774,15.650828,1768973141,70.66,20.00,on_bus,46.556788,15.650905
4102,G1,46.556732,15.650941,1768973141,59.40,35.00,on_bus,46.556788,15.650905
4103,G1,46.556868,15.650696,1768973141,87.85,10.00,on_bus,46.556788,15.650905
4104,G1,46.556792,15.650832,1768973141,70.24,20.00,on_bus,46.556788,15.650905
2400,G1,46.527556,15.684240,1768973141,100.00,5.00,waiting_at_station,46.556788,15.650905
2500,G1,46.530717,15.669831,1768973141,70.20,20.00,waiting_at_station,46.556788,15.650905
2600,G1,46.539875,15.648202,1768973141,71.30,20.00,waiting_at_station,46.556788,15.650905
2601,G1,46.539585,15.647798,1768973141,83.71,10.00,waiting_at_station,46.556788,15.650905
2800,G1,46.558645,15.656057,1768973141,81.42,10.00,waiting_at_station,46.556788,15.650905
4100,G1,46.556695,15.651164,1768973142,62.90,20.00,on_bus,46.556724,15.650900
4101,G1,46.556718,15.650926,1768973142,68.21,20.00,on_bus,46.556724,15.650900
4102,G1,46.556744,15.650791,1768973142,54.88,35.00,on_bus,46.556724,15.650900
4103,G1,46.556845,15.650989,1768973142,62.17,20.00,on_bus,46.556724,15.650900
4104,G1,46.556953,15.651116,1768973142,80.77,10.00,on_bus,46.556724,15.650900
4105,G1,46.556646,15.650896,1768973142,90.88,5.00,on_bus,46.556724,15.650900
2800,G1,46.558573,15.656900,1768973142,74.14,20.00,waiting_at_station,46.556724,15.650900
2801,G1,46.558993,15.655881,1768973142,87.93,10.00,waiting_at_station,46.556724,15.650900
2802,G1,46.558590,15.655655,1768973142,71.25,20.00,waiting_at_station,46.556724,15.650900
4200,G1,46.556756,15.650906,1768973141,67.11,20.00,on_bus,46.556660,15.650894
4201,G1,46.556728,15.650854,1768973141,86.07,10.00,on_bus,46.556660,15.650894
4202,G1,46.556827,15.650973,1768973141,62.16,20.00,on_bus,46.556660,15.650894
4203,G1,46.556621,15.650878,1768973141,79.14,10.00,on_bus,46.556660,15.650894
2700,G1,46.554918,15.650082,1768973141,76.82,10.00,waiting_at_station,46.556660,15.650894
2701,G1,46.554028,15.650100,1768973141,93.42,5.00,waiting_at_station,46.556660,15.650894
2702,G1,46.554306,15.650654,1768973141,66.14,20.00,waiting_at_station,46.556660,15.650894
2800,G1,46.558755,15.655550,1768973141,76.29,10.00,waiting_at_station,46.556660,15.650894
4200,G1,46.556514,15.650836,1768973143,92.37,5.00,on_bus,46.556558,15.650876
4201,G1,46.556736,15.650837,1768973143,100.00,5.00,on_bus,46.556558,15.650876
4202,G1,46.556478,15.651055,1768973143,100.00,5.00,on_bus,46.556558,15.650876
4203,G1,46.556436,15.650969,1768973143,63.05,20.00,on_bus,46.556558,15.650876
4204,G1,46.556567,15.650851,1768973143,74.09,20.00,on_bus,46.556558,15.650876
2300,G1,46.532631,15.666888,1768973143,79.44,10.00,waiting_at_station,46.556558,15.650876
2301,G1,46.531686,15.666576,1768973143,84.90,10.00,waiting_at_station,46.556558,15.650876
2302,G1,46.532381,15.666815,1768973143,85.75,10.00,waiting_at_station,46.556558,15.650876
2600,G1,46.539664,15.648026,1768973143,65.73,20.00,waiting_at_station,46.556558,15.650876
2601,G1,46.539916,15.648445,1768973143,71.23,20.00,waiting_at_station,46.556558,15.650876
2602,G1,46.539823,15.647933,1768973143,82.80,10.00,waiting_at_station,46.556558,15.650876
2700,G1,46.554388,15.650637,1768973143,100.00,5.00,waiting_at_station,46.556558,15.650876
2800,G1,46.558455,15.655767,1768973143,66.35,20.00,waiting_at_station,46.556558,15.650876
2801,G1,46.558507,15.655843,1768973143,90.23,5.00,waiting_at_station,46.556558,15.650876
2802,G1,46.558656,15.655504,1768973143,88.50,10.00,waiting_at_station,46.556558,15.650876
4200,G1,46.556029,15.650716,1768973144,86.63,10.00,on_bus,46.556456,15.650857
4201,G1,46.556517,15.650932,1768973144,80.29,10.00,on_bus,46.556456,15.650857
4202,G1,46.556538,15.650721,1768973144,77.09,10.00,on_bus,46.556456,15.650857
4203,G1,46.556430,15.650819,1768973144,74.66,20.00,on_bus,46.556456,15.650857
4204,G1,46.556400,15.650669,1768973144,84.29,10.00,on_bus,46.556456,15.650857
4205,G1,46.556450,15.651036,1768973144,88.74,10.00,on_bus,46.556456,15.650857
2100,G1,46.552941,15.650638,1768973144,78.04,10.00,waiting_at_station,46.556456,15.650857
2101,G1,46.553071,15.650250,1768973144,82.17,10.00,waiting_at_station,46.556456,15.650857
2102,G1,46.552666,15.650142,1768973144,74.03,20.00,waiting_at_station,46.556456,15.650857
2500,G1,46.530937,15.670060,1768973144,86.02,10.00,waiting_at_station,46.556456,15.650857
2501,G1,46.530823,15.670267,1768973144,54.82,35.00,waiting_at_station,46.556456,15.650857
4300,G1,46.556314,15.650799,1768973143,60.92,20.00,on_bus,46.556354,15.650839
4301,G1,46.556363,15.650813,1768973143,89.92,10.00,on_bus,46.556354,15.650839
4302,G1,46.556369,15.650886,1768973143,85.64,10.00,on_bus,46.556354,15.650839
4303,G1,46.556312,15.650861,1768973143,74.13,20.00,on_bus,46.556354,15.650839
4304,G1,46.556314,15.650893,1768973143,100.00,5.00,on_bus,46.556354,15.650839
2500,G1,46.530911,15.670418,1768973143,67.61,20.00,waiting_at_station,46.556354,15.650839
2501,G1,46.530993,15.670341,1768973143,66.15,20.00,waiting_at_station,46.556354,15.650839
2502,G1,46.530784,15.670056,1768973143,88.04,10.00,waiting_at_station,46.556354,15.650839
4300,G1,46.556301,15.650952,1768973145,100.00,5.00,on_bus,46.556253,15.650829
4301,G1,46.556051,15.650854,1768973145,75.04,10.00,on_bus,46.556253,15.650829
4302,G1,46.556055,15.650871,1768973145,80.39,10.00,on_bus,46.556253,15.650829
4303,G1,46.556345,15.650724,1768973145,66.94,20.00,on_bus,46.556253,15.650829
4304,G1,46.556262,15.650783,1768973145,100.00,5.00,on_bus,46.556253,15.650829
2100,G1,46.552757,15.649670,1768973145,89.81,10.00,waiting_at_station,46.556253,15.650829
2101,G1,46.552465,15.650285,1768973145,99.18,5.00,waiting_at_station,46.556253,15.650829
2102,G1,46.552508,15.650713,1768973145,56.30,35.00,waiting_at_station,46.556253,15.650829
2400,G1,46.527315,15.684302,1768973145,87.67,10.00,waiting_at_station,46.556253,15.650829
2401,G1,46.527441,15.684072,1768973145,64.61,20.00,waiting_at_station,46.556253,15.650829
2800,G1,46.558817,15.655706,1768973145,100.00,5.00,waiting_at_station,46.556253,15.650829
2801,G1,46.558599,15.655671,1768973145,89.46,10.00,waiting_at_station,46.556253,15.650829
2802,G1,46.558448,15.655913,1768973145,85.00,10.00,waiting_at_station,46.556253,15.650829
4300,G1,46.556027,15.650867,1768973146,94.49,5.00,on_bus,46.556151,15.650819
4301,G1,46.556019,15.650813,1768973146,64.61,20.00,on_bus,46.556151,15.650819
4302,G1,46.556080,15.650910,1768973146,100.00,5.00,on_bus,46.556151,15.650819
4303,G1,46.556063,15.650806,1768973146,74.50,20.00,on_bus,46.556151,15.650819
4304,G1,46.556043,15.650781,1768973146,70.75,20.00,on_bus,46.556151,15.650819
4305,G1,46.556096,15.650781,1768973146,100.00,5.00,on_bus,46.556151,15.650819
4400,G1,46.556056,15.650865,1768973145,87.57,10.00,on_bus,46.556050,15.650809
4401,G1,46.556041,15.650808,1768973145,88.30,10.00,on_bus,46.556050,15.650809
2100,G1,46.552628,15.650237,1768973145,64.45,20.00,waiting_at_station,46.556050,15.650809
2101,G1,46.552795,15.650102,1768973145,78.38,10.00,waiting_at_station,46.556050,15.650809
2102,G1,46.552824,15.650759,1768973145,85.31,10.00,waiting_at_station,46.556050,15.650809
4400,G1,46.555894,15.650833,1768973146,86.81,10.00,on_bus,46.555989,15.650802
4401,G1,46.556080,15.650773,1768973146,81.48,10.00,on_bus,46.555989,15.650802
4402,G1,46.556033,15.650688,1768973146,57.52,35.00,on_bus,46.555989,15.650802
4403,G1,46.556058,15.650755,1768973146,70.03,20.00,on_bus,46.555989,15.650802
2100,G1,46.552714,15.650260,1768973146,72.51,20.00,waiting_at_station,46.555989,15.650802
2300,G1,46.532852,15.667089,1768973146,74.14,20.00,waiting_at_station,46.555989,15.650802
2301,G1,46.533166,15.666893,1768973146,68.07,20.00,waiting_at_station,46.555989,15.650802
2400,G1,46.527652,15.684225,1768973146,70.15,20.00,waiting_at_station,46.555989,15.650802
2500,G1,46.530583,15.669947,1768973146,100.00,5.00,waiting_at_station,46.555989,15.650802
2501,G1,46.530807,15.670095,1768973146,73.46,20.00,waiting_at_station,46.555989,15.650802
2502,G1,46.530703,15.670020,1768973146,59.75,35.00,waiting_at_station,46.555989,15.650802
2800,G1,46.558506,15.655844,1768973146,91.44,5.00,waiting_at_station,46.555989,15.650802
2801,G1,46.558707,15.656057,1768973146,89.33,10.00,waiting_at_station,46.555989,15.650802
4400,G1,46.555916,15.650822,1768973147,95.74,5.00,on_bus,46.555928,15.650795
4401,G1,46.555915,15.650796,1768973147,60.64,20.00,on_bus,46.555928,15.650795
4402,G1,46.555907,15.650844,1768973147,74.85,20.00,on_bus,46.555928,15.650795
4403,G1,46.555934,15.650828,1768973147,100.00,5.00,on_bus,46.555928,15.650795
4404,G1,46.555842,15.650882,1768973147,60.19,20.00,on_bus,46.555928,15.650795
2100,G1,46.552811,15.650306,1768973147,72.74,20.00,waiting_at_station,46.555928,15.650795
2101,G1,46.552680,15.650442,1768973147,82.38,10.00,waiting_at_station,46.555928,15.650795
2102,G1,46.552479,15.650420,1768973147,100.00,5.00,waiting_at_station,46.555928,15.650795
4400,G1,46.555698,15.650434,1768973147,84.54,10.00,on_bus,46.555867,15.650788
4401,G1,46.555820,15.650772,1768973147,49.92,35.00,on_bus,46.555867,15.650788
4402,G1,46.555797,15.650651,1768973147,61.87,20.00,on_bus,46.555867,15.650788
4403,G1,46.555881,15.650936,1768973147,96.86,5.00,on_bus,46.555867,15.650788
4404,G1,46.555839,15.650795,1768973147,78.13,10.00,on_bus,46.555867,15.650788
4405,G1,46.555957,15.650687,1768973147,56.99,35.00,on_bus,46.555867,15.650788
2100,G1,46.552907,15.650787,1768973147,69.40,20.00,waiting_at_station,46.555867,15.650788
2101,G1,46.552601,15.650206,1768973147,100.00,5.00,waiting_at_station,46.555867,15.650788
2300,G1,46.532402,15.666981,1768973147,100.00,5.00,waiting_at_station,46.555867,15.650788
2700,G1,46.554437,15.650661,1768973147,83.99,10.00,waiting_at_station,46.555867,15.650788
4400,G1,46.555791,15.650614,1768973149,70.09,20.00,on_bus,46.555805,15.650780
4401,G1,46.555853,15.650868,1768973149,98.11,5.00,on_bus,46.555805,15.650780
4402,G1,46.555895,15.650822,1768973149,84.06,10.00,on_bus,46.555805,15.650780
2100,G1,46.552578,15.649941,1768973149,61.33,20.00,waiting_at_station,46.555805,15.650780
2101,G1,46.552629,15.650085,1768973149,75.79,10.00,waiting_at_station,46.555805,15.650780
2102,G1,46.553010,15.650301,1768973149,82.60,10.00,waiting_at_station,46.555805,15.650780
2400,G1,46.527418,15.683898,1768973149,100.00,5.00,waiting_at_station,46.555805,15.650780
2401,G1,46.527308,15.684824,1768973149,74.05,20.00,waiting_at_station,46.555805,15.650780
2600,G1,46.539818,15.648075,1768973149,99.58,5.00,waiting_at_station,46.555805,15.650780
2601,G1,46.539684,15.647444,1768973149,66.55,20.00,waiting_at_station,46.555805,15.650780
2700,G1,46.554296,15.650548,1768973149,97.20,5.00,waiting_at_station,46.555805,15.650780
2800,G1,46.558764,15.655977,1768973149,57.53,35.00,waiting_at_station,46.555805,15.650780
4500,G1,46.555700,15.650700,1768973148,100.00,5.00,on_bus,46.555744,15.650773
4501,G1,46.555633,15.650708,1768973148,77.84,10.00,on_bus,46.555744,15.650773
2000,G1,46.559714,15.655799,1768973148,52.76,35.00,waiting_at_station,46.555744,15.650773
2001,G1,46.559683,15.655757,1768973148,58.74,35.00,waiting_at_station,46.555744,15.650773
2500,G1,46.530850,15.670222,1768973148,72.30,20.00,waiting_at_station,46.555744,15.650773
2501,G1,46.530961,15.669767,1768973148,56.48,35.00,waiting_at_station,46.555744,15.650773
2502,G1,46.530937,15.670022,1768973148,95.38,5.00,waiting_at_station,46.555744,15.650773
2800,G1,46.558692,15.655657,1768973148,87.45,10.00,waiting_at_station,46.555744,15.650773
2801,G1,46.559245,15.655877,1768973148,61.07,20.00,waiting_at_station,46.555744,15.650773
4500,G1,46.555675,15.650695,1768973148,85.70,10.00,on_bus,46.555695,15.650766
4501,G1,46.555627,15.650923,1768973148,77.73,10.00,on_bus,46.555695,15.650766
2000,G1,46.559910,15.655664,1768973148,68.31,20.00,waiting_at_station,46.555695,15.650766
2600,G1,46.539682,15.647721,1768973148,78.06,10.00,waiting_at_station,46.555695,15.650766
2601,G1,46.540017,15.648022,1768973148,69.37,20.00,waiting_at_station,46.555695,15.650766
2700,G1,46.554409,15.650446,1768973148,71.40,20.00,waiting_at_station,46.555695,15.650766
2701,G1,46.553926,15.650361,1768973148,54.58,35.00,waiting_at_station,46.555695,15.650766
2800,G1,46.558420,15.656055,1768973148,72.37,20.00,waiting_at_station,46.555695,15.650766
4500,G1,46.555741,15.650839,1768973149,100.00,5.00,on_bus,46.555645,15.650760
4501,G1,46.555704,15.650680,1768973149,52.72,35.00,on_bus,46.555645,15.650760
4502,G1,46.555538,15.650876,1768973149,76.76,10.00,on_bus,46.555645,15.650760
4503,G1,46.555510,15.650747,1768973149,62.32,20.00,on_bus,46.555645,15.650760
4504,G1,46.555647,15.650821,1768973149,80.15,10.00,on_bus,46.555645,15.650760
2100,G1,46.552725,15.650441,1768973149,76.82,10.00,waiting_at_station,46.555645,15.650760
2200,G1,46.540055,15.649640,1768973149,72.57,20.00,waiting_at_station,46.555645,15.650760
2201,G1,46.540158,15.649948,1768973149,54.90,35.00,waiting_at_station,46.555645,15.650760
2202,G1,46.540217,15.649646,1768973149,74.33,20.00,waiting_at_station,46.555645,15.650760
2300,G1,46.532626,15.666598,1768973149,78.28,10.00,waiting_at_station,46.555645,15.650760
2400,G1,46.527376,15.684300,1768973149,77.87,10.00,waiting_at_station,46.555645,15.650760
2401,G1,46.527325,15.684394,1768973149,88.82,10.00,waiting_at_station,46.555645,15.650760
2402,G1,46.528020,15.684544,1768973149,70.92,20.00,waiting_at_station,46.555645,15.650760
4500,G1,46.555539,15.650727,1768973149,73.43,20.00,on_bus,46.555595,15.650753
4501,G1,46.555565,15.650835,1768973149,82.84,10.00,on_bus,46.555595,15.650753
4500,G1,46.555686,15.650805,1768973151,76.98,10.00,on_bus,46.555546,15.650746
4501,G1,46.555667,15.650664,1768973151,57.70,35.00,on_bus,46.555546,15.650746
4502,G1,46.555534,15.650779,1768973151,67.08,20.00,on_bus,46.555546,15.650746
4503,G1,46.555556,15.650769,1768973151,92.34,5.00,on_bus,46.555546,15.650746
4504,G1,46.555690,15.650536,1768973151,85.51,10.00,on_bus,46.555546,15.650746
4505,G1,46.555499,15.650753,1768973151,80.76,10.00,on_bus,46.555546,15.650746
2500,G1,46.530916,15.670448,1768973151,77.43,10.00,waiting_at_station,46.555546,15.650746
2501,G1,46.530690,15.669963,1768973151,71.22,20.00,waiting_at_station,46.555546,15.650746
2700,G1,46.554502,15.650575,1768973151,97.30,5.00,waiting_at_station,46.555546,15.650746
2701,G1,46.554400,15.649919,1768973151,89.03,10.00,waiting_at_station,46.555546,15.650746
4500,G1,46.555555,15.650648,1768973151,96.68,5.00,on_bus,46.555496,15.650740
4501,G1,46.555479,15.650827,1768973151,95.07,5.00,on_bus,46.555496,15.650740
4502,G1,46.555474,15.650579,1768973151,55.52,35.00,on_bus,46.555496,15.650740
2300,G1,46.532162,15.667109,1768973151,82.02,10.00,waiting_at_station,46.555496,15.650740
2301,G1,46.532411,15.667159,1768973151,72.60,20.00,waiting_at_station,46.555496,15.650740
2302,G1,46.532811,15.666962,1768973151,59.95,35.00,waiting_at_station,46.555496,15.650740
2600,G1,46.539920,15.647905,1768973151,86.48,10.00,waiting_at_station,46.555496,15.650740
2601,G1,46.539763,15.648137,1768973151,58.17,35.00,waiting_at_station,46.555496,15.650740
4600,G1,46.555542,15.650714,1768973150,95.03,5.00,on_bus,46.555447,15.650733
4601,G1,46.555378,15.650675,1768973150,55.67,35.00,on_bus,46.555447,15.650733
4602,G1,46.555467,15.650713,1768973150,86.31,10.00,on_bus,46.555447,15.650733
2300,G1,46.532434,15.667040,1768973150,72.96,20.00,waiting_at_station,46.555447,15.650733
2301,G1,46.532627,15.666803,1768973150,55.13,35.00,waiting_at_station,46.555447,15.650733
2400,G1,46.527251,15.684421,1768973150,45.70,35.00,waiting_at_station,46.555447,15.650733
2700,G1,46.554476,15.650652,1768973150,82.98,10.00,waiting_at_station,46.555447,15.650733
4600,G1,46.555401,15.650728,1768973150,88.64,10.00,on_bus,46.555398,15.650726
4601,G1,46.555402,15.650719,1768973150,73.12,20.00,on_bus,46.555398,15.650726
2000,G1,46.559594,15.655114,1768973150,99.14,5.00,waiting_at_station,46.555398,15.650726
2400,G1,46.527616,15.684752,1768973150,66.31,20.00,waiting_at_station,46.555398,15.650726
2401,G1,46.527354,15.683641,1768973150,55.50,35.00,waiting_at_station,46.555398,15.650726
2800,G1,46.558720,15.655708,1768973150,54.52,35.00,waiting_at_station,46.555398,15.650726
2801,G1,46.558536,15.655633,1768973150,82.74,10.00,waiting_at_station,46.555398,15.650726
2802,G1,46.558692,15.656041,1768973150,83.75,10.00,waiting_at_station,46.555398,15.650726
4600,G1,46.555327,15.650776,1768973150,67.95,20.00,on_bus,46.555349,15.650718
4601,G1,46.555319,15.650649,1768973150,76.38,10.00,on_bus,46.555349,15.650718
4602,G1,46.555535,15.650856,1768973150,79.71,10.00,on_bus,46.555349,15.650718
4603,G1,46.555291,15.650749,1768973150,89.44,10.00,on_bus,46.555349,15.650718
4604,G1,46.555246,15.650458,1768973150,85.72,10.00,on_bus,46.555349,15.650718
2200,G1,46.540115,15.649012,1768973150,52.49,35.00,waiting_at_station,46.555349,15.650718
2201,G1,46.540092,15.649954,1768973150,80.69,10.00,waiting_at_station,46.555349,15.650718
2202,G1,46.540496,15.650215,1768973150,84.16,10.00,waiting_at_station,46.555349,15.650718
2500,G1,46.530965,15.670356,1768973150,85.76,10.00,waiting_at_station,46.555349,15.650718
2501,G1,46.530941,15.670160,1768973150,100.00,5.00,waiting_at_station,46.555349,15.650718
2502,G1,46.530626,15.669626,1768973150,79.66,10.00,waiting_at_station,46.555349,15.650718
4600,G1,46.555308,15.650746,1768973151,94.57,5.00,on_bus,46.555300,15.650711
4601,G1,46.555178,15.650543,1768973151,64.76,20.00,on_bus,46.555300,15.650711
4602,G1,46.555225,15.650700,1768973151,70.22,20.00,on_bus,46.555300,15.650711
2000,G1,46.559535,15.655994,1768973151,92.22,5.00,waiting_at_station,46.555300,15.650711
2200,G1,46.540278,15.649395,1768973151,74.96,20.00,waiting_at_station,46.555300,15.650711
2201,G1,46.539884,15.649570,1768973151,69.06,20.00,waiting_at_station,46.555300,15.650711
2202,G1,46.539557,15.649374,1768973151,67.89,20.00,waiting_at_station,46.555300,15.650711
2400,G1,46.527621,15.684115,1768973151,89.86,10.00,waiting_at_station,46.555300,15.650711
2500,G1,46.530866,15.670307,1768973151,53.39,35.00,waiting_at_station,46.555300,15.650711
4600,G1,46.555261,15.650756,1768973152,46.69,35.00,on_bus,46.555251,15.650703
4601,G1,46.555322,15.650687,1768973152,69.03,20.00,on_bus,46.555251,15.650703
2400,G1,46.527072,15.685077,1768973152,73.73,20.00,waiting_at_station,46.555251,15.650703
2401,G1,46.527178,15.684398,1768973152,91.01,5.00,waiting_at_station,46.555251,15.650703
2402,G1,46.527491,15.684527,1768973152,75.30,10.00,waiting_at_station,46.555251,15.650703
2600,G1,46.539427,15.647969,1768973152,72.92,20.00,waiting_at_station,46.555251,15.650703
2601,G1,46.539635,15.648059,1768973152,83.88,10.00,waiting_at_station,46.555251,15.650703
2602,G1,46.539698,15.647941,1768973152,57.19,35.00,waiting_at_station,46.555251,15.650703
4600,G1,46.555184,15.650727,1768973153,62.39,20.00,on_bus,46.555202,15.650696
4601,G1,46.555197,15.650571,1768973153,100.00,5.00,on_bus,46.555202,15.650696
2000,G1,46.559685,15.655848,1768973153,72.79,20.00,waiting_at_station,46.555202,15.650696
2001,G1,46.559685,15.656165,1768973153,85.11,10.00,waiting_at_station,46.555202,15.650696
2100,G1,46.552635,15.650202,1768973153,78.02,10.00,waiting_at_station,46.555202,15.650696
2101,G1,46.552609,15.650336,1768973153,92.34,5.00,waiting_at_station,46.555202,15.650696
2102,G1,46.552649,15.650608,1768973153,70.18,20.00,waiting_at_station,46.555202,15.650696
2800,G1,46.558393,15.655902,1768973153,70.68,20.00,waiting_at_station,46.555202,15.650696
2801,G1,46.558306,15.655741,1768973153,91.64,5.00,waiting_at_station,46.555202,15.650696
2802,G1,46.558415,15.655858,1768973153,56.70,35.00,waiting_at_station,46.555202,15.650696
4700,G1,46.555159,15.650756,1768973152,92.25,5.00,on_bus,46.555153,15.650688
4701,G1,46.555159,15.650653,1768973152,33.03,50.00,on_bus,46.555153,15.650688
4702,G1,46.555102,15.650609,1768973152,86.97,10.00,on_bus,46.555153,15.650688
4703,G1,46.555175,15.650617,1768973152,71.25,20.00,on_bus,46.555153,15.650688
4704,G1,46.555147,15.650822,1768973152,48.03,35.00,on_bus,46.555153,15.650688
4705,G1,46.555197,15.650637,1768973152,68.72,20.00,on_bus,46.555153,15.650688
2500,G1,46.530814,15.669897,1768973152,78.93,10.00,waiting_at_station,46.555153,15.650688
2800,G1,46.558724,15.655469,1768973152,59.96,35.00,waiting_at_station,46.555153,15.650688
4700,G1,46.555161,15.650762,1768973152,75.62,10.00,on_bus,46.555070,15.650673
4701,G1,46.555093,15.650736,1768973152,85.96,10.00,on_bus,46.555070,15.650673
2200,G1,46.540219,15.649937,1768973152,57.78,35.00,waiting_at_station,46.555070,15.650673
2201,G1,46.540139,15.649740,1768973152,68.52,20.00,waiting_at_station,46.555070,15.650673
2400,G1,46.527391,15.684359,1768973152,75.21,10.00,waiting_at_station,46.555070,15.650673
2401,G1,46.527241,15.684247,1768973152,83.99,10.00,waiting_at_station,46.555070,15.650673
2402,G1,46.527715,15.684190,1768973152,69.83,20.00,waiting_at_station,46.555070,15.650673
2800,G1,46.558472,15.655586,1768973152,53.60,35.00,waiting_at_station,46.555070,15.650673
2801,G1,46.558473,15.655737,1768973152,50.20,35.00,waiting_at_station,46.555070,15.650673
2802,G1,46.558666,15.655356,1768973152,96.21,5.00,waiting_at_station,46.555070,15.650673
4700,G1,46.554823,15.650764,1768973154,72.15,20.00,on_bus,46.554986,15.650658
4701,G1,46.554977,15.650660,1768973154,70.97,20.00,on_bus,46.554986,15.650658
4702,G1,46.555034,15.650603,1768973154,77.85,10.00,on_bus,46.554986,15.650658
2400,G1,46.527172,15.684432,1768973154,69.05,20.00,waiting_at_station,46.554986,15.650658
2500,G1,46.530892,15.669935,1768973154,82.18,10.00,waiting_at_station,46.554986,15.650658
2501,G1,46.530864,15.669672,1768973154,81.56,10.00,waiting_at_station,46.554986,15.650658
4700,G1,46.554914,15.650681,1768973155,98.55,5.00,on_bus,46.554903,15.650642
4701,G1,46.554871,15.650646,1768973155,71.43,20.00,on_bus,46.554903,15.650642
4702,G1,46.554858,15.650691,1768973155,85.23,10.00,on_bus,46.554903,15.650642
4703,G1,46.554910,15.650643,1768973155,71.30,20.00,on_bus,46.554903,15.650642
2200,G1,46.540086,15.650190,1768973155,75.74,10.00,waiting_at_station,46.554903,15.650642
2201,G1,46.539668,15.650053,1768973155,96.10,5.00,waiting_at_station,46.554903,15.650642
2400,G1,46.527458,15.684497,1768973155,68.84,20.00,waiting_at_station,46.554903,15.650642
2401,G1,46.527426,15.684254,1768973155,50.79,35.00,waiting_at_station,46.554903,15.650642
2402,G1,46.527409,15.684257,1768973155,58.40,35.00,waiting_at_station,46.554903,15.650642
4800,G1,46.554763,15.650679,1768973154,93.29,5.00,on_bus,46.554820,15.650627
4801,G1,46.554754,15.650673,1768973154,94.42,5.00,on_bus,46.554820,15.650627
4802,G1,46.554782,15.650529,1768973154,98.25,5.00,on_bus,46.554820,15.650627
4803,G1,46.554808,15.650654,1768973154,83.30,10.00,on_bus,46.554820,15.650627
4804,G1,46.554764,15.650640,1768973154,62.80,20.00,on_bus,46.554820,15.650627
2000,G1,46.559598,15.656318,1768973154,64.71,20.00,waiting_at_station,46.554820,15.650627
2001,G1,46.559311,15.656148,1768973154,68.34,20.00,waiting_at_station,46.554820,15.650627
2002,G1,46.559457,15.655754,1768973154,90.36,5.00,waiting_at_station,46.554820,15.650627
2100,G1,46.552735,15.650307,1768973154,86.95,10.00,waiting_at_station,46.554820,15.650627
2700,G1,46.553814,15.650980,1768973154,93.87,5.00,waiting_at_station,46.554820,15.650627
2701,G1,46.554353,15.650469,1768973154,60.19,20.00,waiting_at_station,46.554820,15.650627
2702,G1,46.554369,15.650815,1768973154,63.91,20.00,waiting_at_station,46.554820,15.650627
4800,G1,46.554798,15.650293,1768973155,76.87,10.00,on_bus,46.554750,15.650591
4801,G1,46.554737,15.650556,1768973155,52.39,35.00,on_bus,46.554750,15.650591
4802,G1,46.554546,15.650811,1768973155,67.56,20.00,on_bus,46.554750,15.650591
4803,G1,46.554743,15.650460,1768973155,71.53,20.00,on_bus,46.554750,15.650591
4804,G1,46.554895,15.650774,1768973155,100.00,5.00,on_bus,46.554750,15.650591
2000,G1,46.559544,15.655671,1768973155,76.02,10.00,waiting_at_station,46.554750,15.650591
2001,G1,46.559715,15.656023,1768973155,53.01,35.00,waiting_at_station,46.554750,15.650591
2002,G1,46.559177,15.656685,1768973155,59.53,35.00,waiting_at_station,46.554750,15.650591
2700,G1,46.554265,15.650486,1768973155,79.55,10.00,waiting_at_station,46.554750,15.650591
4800,G1,46.554672,15.650627,1768973156,78.32,10.00,on_bus,46.554680,15.650556
4801,G1,46.554828,15.650421,1768973156,72.38,20.00,on_bus,46.554680,15.650556
2000,G1,46.559422,15.656170,1768973156,79.48,10.00,waiting_at_station,46.554680,15.650556
2001,G1,46.559466,15.655448,1768973156,72.20,20.00,waiting_at_station,46.554680,15.650556
2002,G1,46.559469,15.656435,1768973156,66.21,20.00,waiting_at_station,46.554680,15.650556
2100,G1,46.552665,15.650190,1768973156,58.78,35.00,waiting_at_station,46.554680,15.650556
2101,G1,46.552852,15.650563,1768973156,89.59,10.00,waiting_at_station,46.554680,15.650556
2700,G1,46.554280,15.650390,1768973156,82.62,10.00,waiting_at_station,46.554680,15.650556
2701,G1,46.553786,15.651048,1768973156,78.58,10.00,waiting_at_station,46.554680,15.650556
2702,G1,46.554240,15.650648,1768973156,86.35,10.00,waiting_at_station,46.554680,15.650556
4900,G1,46.554576,15.650480,1768973156,87.25,10.00,on_bus,46.554610,15.650520
4901,G1,46.554622,15.650519,1768973156,71.82,20.00,on_bus,46.554610,15.650520
2000,G1,46.559574,15.656118,1768973156,57.10,35.00,waiting_at_station,46.554610,15.650520
2200,G1,46.540410,15.650216,1768973156,64.18,20.00,waiting_at_station,46.554610,15.650520
2201,G1,46.539731,15.648895,1768973156,57.57,35.00,waiting_at_station,46.554610,15.650520
2202,G1,46.540161,15.649667,1768973156,82.17,10.00,waiting_at_station,46.554610,15.650520
2500,G1,46.530928,15.670324,1768973156,55.50,35.00,waiting_at_station,46.554610,15.650520
2501,G1,46.530638,15.670635,1768973156,56.78,35.00,waiting_at_station,46.554610,15.650520
2700,G1,46.554115,15.650401,1768973156,74.03,20.00,waiting_at_station,46.554610,15.650520
2701,G1,46.554647,15.650427,1768973156,63.31,20.00,waiting_at_station,46.554610,15.650520
2800,G1,46.558589,15.655765,1768973156,71.44,20.00,waiting_at_station,46.554610,15.650520
2801,G1,46.558460,15.655807,1768973156,69.93,20.00,waiting_at_station,46.554610,15.650520
2802,G1,46.558399,15.655708,1768973156,65.61,20.00,waiting_at_station,46.554610,15.650520
4900,G1,46.554535,15.650635,1768973156,78.41,10.00,on_bus,46.554590,15.650507
4901,G1,46.554666,15.650294,1768973156,100.00,5.00,on_bus,46.554590,15.650507
4902,G1,46.554588,15.650525,1768973156,70.07,20.00,on_bus,46.554590,15.650507
2700,G1,46.554396,15.650685,1768973156,74.83,20.00,waiting_at_station,46.554590,15.650507
2701,G1,46.554489,15.650238,1768973156,75.14,10.00,waiting_at_station,46.554590,15.650507
4900,G1,46.554574,15.650482,1768973156,95.83,5.00,on_bus,46.554571,15.650493
4901,G1,46.554576,15.650580,1768973156,73.43,20.00,on_bus,46.554571,15.650493
4902,G1,46.554731,15.650607,1768973156,72.23,20.00,on_bus,46.554571,15.650493
2000,G1,46.559547,15.656126,1768973156,69.87,20.00,waiting_at_station,46.554571,15.650493
2001,G1,46.559683,15.656147,1768973156,80.84,10.00,waiting_at_station,46.554571,15.650493
2002,G1,46.559567,15.656030,1768973156,53.13,35.00,waiting_at_station,46.554571,15.650493
2100,G1,46.552796,15.650185,1768973156,96.38,5.00,waiting_at_station,46.554571,15.650493
2101,G1,46.552648,15.650598,1768973156,67.91,20.00,waiting_at_station,46.554571,15.650493
2102,G1,46.552706,15.650470,1768973156,83.39,10.00,waiting_at_station,46.554571,15.650493
2300,G1,46.532547,15.667006,1768973156,65.67,20.00,waiting_at_station,46.554571,15.650493
2600,G1,46.539737,15.648101,1768973156,69.00,20.00,waiting_at_station,46.554571,15.650493
2601,G1,46.539735,15.648003,1768973156,75.54,10.00,waiting_at_station,46.554571,15.650493
2700,G1,46.554294,15.650513,1768973156,78.74,10.00,waiting_at_station,46.554571,15.650493
2701,G1,46.554547,15.650178,1768973156,59.70,35.00,waiting_at_station,46.554571,15.650493
2800,G1,46.558048,15.655644,1768973156,74.97,20.00,waiting_at_station,46.554571,15.650493
4900,G1,46.554674,15.650498,1768973156,89.50,10.00,on_bus,46.554551,15.650479
4901,G1,46.554502,15.650496,1768973156,58.38,35.00,on_bus,46.554551,15.650479
4902,G1,46.554609,15.650431,1768973156,90.32,5.00,on_bus,46.554551,15.650479
4903,G1,46.554437,15.650301,1768973156,66.41,20.00,on_bus,46.554551,15.650479
4904,G1,46.554580,15.650491,1768973156,59.74,35.00,on_bus,46.554551,15.650479
4905,G1,46.554588,15.650626,1768973156,52.04,35.00,on_bus,46.554551,15.650479
2100,G1,46.552422,15.650119,1768973156,80.58,10.00,waiting_at_station,46.554551,15.650479
2200,G1,46.540206,15.649397,1768973156,94.63,5.00,waiting_at_station,46.554551,15.650479
2201,G1,46.540075,15.649823,1768973156,46.09,35.00,waiting_at_station,46.554551,15.650479
2202,G1,46.540396,15.649969,1768973156,65.64,20.00,waiting_at_station,46.554551,15.650479
4900,G1,46.554596,15.650596,1768973156,97.91,5.00,on_bus,46.554531,15.650466
4901,G1,46.554545,15.650418,1768973156,87.57,10.00,on_bus,46.554531,15.650466
4902,G1,46.554673,15.650564,1768973156,81.78,10.00,on_bus,46.554531,15.650466
4903,G1,46.554649,15.650636,1768973156,100.00,5.00,on_bus,46.554531,15.650466
4904,G1,46.554608,15.650460,1768973156,78.26,10.00,on_bus,46.554531,15.650466
4905,G1,46.554552,15.650437,1768973156,76.18,10.00,on_bus,46.554531,15.650466
2000,G1,46.559474,15.655537,1768973156,61.26,20.00,waiting_at_station,46.554531,15.650466
2001,G1,46.558979,15.656084,1768973156,75.76,10.00,waiting_at_station,46.554531,15.650466
2002,G1,46.559261,15.655953,1768973156,71.01,20.00,waiting_at_station,46.554531,15.650466
2200,G1,46.540071,15.649708,1768973156,67.53,20.00,waiting_at_station,46.554531,15.650466
2201,G1,46.540039,15.649846,1768973156,71.77,20.00,waiting_at_station,46.554531,15.650466
2202,G1,46.539880,15.649380,1768973156,84.45,10.00,waiting_at_station,46.554531,15.650466
2300,G1,46.532838,15.667266,1768973156,76.25,10.00,waiting_at_station,46.554531,15.650466
2301,G1,46.532498,15.666782,1768973156,87.27,10.00,waiting_at_station,46.554531,15.650466
4900,G1,46.554534,15.650453,1768973157,86.56,10.00,on_bus,46.554512,15.650453
4901,G1,46.554527,15.650479,1768973157,100.00,5.00,on_bus,46.554512,15.650453
2000,G1,46.559662,15.655562,1768973157,31.92,50.00,waiting_at_station,46.554512,15.650453
2001,G1,46.559535,15.656017,1768973157,77.05,10.00,waiting_at_station,46.554512,15.650453
2100,G1,46.553188,15.650040,1768973157,55.59,35.00,waiting_at_station,46.554512,15.650453
2101,G1,46.553007,15.649458,1768973157,66.69,20.00,waiting_at_station,46.554512,15.650453
2102,G1,46.552691,15.650134,1768973157,78.19,10.00,waiting_at_station,46.554512,15.650453
2400,G1,46.527583,15.683894,1768973157,51.88,35.00,waiting_at_station,46.554512,15.650453
2600,G1,46.539804,15.648069,1768973157,94.95,5.00,waiting_at_station,46.554512,15.650453
2601,G1,46.540074,15.647375,1768973157,75.29,10.00,waiting_at_station,46.554512,15.650453
2602,G1,46.540037,15.648409,1768973157,81.96,10.00,waiting_at_station,46.554512,15.650453
2700,G1,46.554352,15.650705,1768973157,86.88,10.00,waiting_at_station,46.554512,15.650453
5000,G1,46.554475,15.650369,1768973157,97.67,5.00,on_bus,46.554492,15.650439
5001,G1,46.554450,15.650458,1768973157,62.65,20.00,on_bus,46.554492,15.650439
5002,G1,46.554474,15.650480,1768973157,76.20,10.00,on_bus,46.554492,15.650439
5003,G1,46.554487,15.650345,1768973157,72.19,20.00,on_bus,46.554492,15.650439
2400,G1,46.527417,15.684308,1768973157,69.94,20.00,waiting_at_station,46.554492,15.650439
2401,G1,46.527668,15.683912,1768973157,70.39,20.00,waiting_at_station,46.554492,15.650439
2402,G1,46.527347,15.684541,1768973157,71.78,20.00,waiting_at_station,46.554492,15.650439
5000,G1,46.554509,15.650546,1768973157,66.14,20.00,on_bus,46.554468,15.650449
5001,G1,46.554491,15.650446,1768973157,92.25,5.00,on_bus,46.554468,15.650449
2700,G1,46.553898,15.650376,1768973157,72.76,20.00,waiting_at_station,46.554468,15.650449
2800,G1,46.558617,15.655950,1768973157,74.98,20.00,waiting_at_station,46.554468,15.650449
2801,G1,46.558638,15.655388,1768973157,78.18,10.00,waiting_at_station,46.554468,15.650449
5000,G1,46.554515,15.650406,1768973157,98.93,5.00,on_bus,46.554444,15.650460
5001,G1,46.554358,15.650359,1768973157,74.33,20.00,on_bus,46.554444,15.650460
5002,G1,46.554536,15.650394,1768973157,63.86,20.00,on_bus,46.554444,15.650460
5003,G1,46.554319,15.650268,1768973157,80.56,10.00,on_bus,46.554444,15.650460
2400,G1,46.527608,15.684127,1768973157,99.65,5.00,waiting_at_station,46.554444,15.650460
2401,G1,46.527552,15.684655,1768973157,59.75,35.00,waiting_at_station,46.554444,15.650460
2600,G1,46.539951,15.647931,1768973157,58.10,35.00,waiting_at_station,46.554444,15.650460
2601,G1,46.539924,15.647879,1768973157,60.88,20.00,waiting_at_station,46.554444,15.650460
2700,G1,46.554153,15.650846,1768973157,51.76,35.00,waiting_at_station,46.554444,15.650460
2701,G1,46.554529,15.650801,1768973157,80.61,10.00,waiting_at_station,46.554444,15.650460
5000,G1,46.554335,15.650554,1768973157,98.05,5.00,on_bus,46.554419,15.650470
5001,G1,46.554456,15.650517,1768973157,73.14,20.00,on_bus,46.554419,15.650470
2000,G1,46.559523,15.656055,1768973157,73.10,20.00,waiting_at_station,46.554419,15.650470
5000,G1,46.554422,15.650440,1768973158,72.29,20.00,on_bus,46.554395,15.650481
5001,G1,46.554423,15.650363,1768973158,79.48,10.00,on_bus,46.554395,15.650481
5002,G1,46.554389,15.650355,1768973158,70.63,20.00,on_bus,46.554395,15.650481
5003,G1,46.554501,15.650434,1768973158,67.86,20.00,on_bus,46.554395,15.650481
2300,G1,46.532545,15.666951,1768973158,54.27,35.00,waiting_at_station,46.554395,15.650481
5100,G1,46.554387,15.650296,1768973158,58.04,35.00,on_bus,46.554371,15.650491
5101,G1,46.554394,15.650561,1768973158,85.99,10.00,on_bus,46.554371,15.650491
5102,G1,46.554192,15.650353,1768973158,63.96,20.00,on_bus,46.554371,15.650491
5103,G1,46.554369,15.650610,1768973158,100.00,5.00,on_bus,46.554371,15.650491
2600,G1,46.540014,15.648093,1768973158,39.56,50.00,waiting_at_station,46.554371,15.650491
5100,G1,46.554431,15.650427,1768973158,85.09,10.00,on_bus,46.554317,15.650485
5101,G1,46.554373,15.650556,1768973158,74.98,20.00,on_bus,46.554317,15.650485
5102,G1,46.554317,15.650439,1768973158,57.23,35.00,on_bus,46.554317,15.650485
5103,G1,46.554468,15.650541,1768973158,100.00,5.00,on_bus,46.554317,15.650485
5104,G1,46.554419,15.650444,1768973158,67.38,20.00,on_bus,46.554317,15.650485
5105,G1,46.554290,15.650477,1768973158,75.24,10.00,on_bus,46.554317,15.650485
2200,G1,46.540030,15.649512,1768973158,49.87,35.00,waiting_at_station,46.554317,15.650485
2400,G1,46.527313,15.684088,1768973158,92.70,5.00,waiting_at_station,46.554317,15.650485
2401,G1,46.527611,15.684349,1768973158,69.38,20.00,waiting_at_station,46.554317,15.650485
2402,G1,46.527107,15.685156,1768973158,75.53,10.00,waiting_at_station,46.554317,15.650485
2600,G1,46.539979,15.648239,1768973158,84.39,10.00,waiting_at_station,46.554317,15.650485
2601,G1,46.539973,15.647662,1768973158,65.27,20.00,waiting_at_station,46.554317,15.650485
2602,G1,46.540058,15.648144,1768973158,65.65,20.00,waiting_at_station,46.554317,15.650485
2700,G1,46.554480,15.650863,1768973158,65.90,20.00,waiting_at_station,46.554317,15.650485
5100,G1,46.554250,15.650463,1768973159,82.42,10.00,on_bus,46.554263,15.650479
5101,G1,46.554326,15.650700,1768973159,86.47,10.00,on_bus,46.554263,15.650479
5102,G1,46.554249,15.650424,1768973159,72.55,20.00,on_bus,46.554263,15.650479
2000,G1,46.559665,15.655740,1768973159,75.84,10.00,waiting_at_station,46.554263,15.650479
2100,G1,46.552561,15.650122,1768973159,74.26,20.00,waiting_at_station,46.554263,15.650479
2101,G1,46.552480,15.649928,1768973159,68.13,20.00,waiting_at_station,46.554263,15.650479
2102,G1,46.552458,15.649941,1768973159,55.77,35.00,waiting_at_station,46.554263,15.650479
2400,G1,46.527493,15.684836,1768973159,65.23,20.00,waiting_at_station,46.554263,15.650479
2401,G1,46.527031,15.685018,1768973159,70.57,20.00,waiting_at_station,46.554263,15.650479
2700,G1,46.554802,15.650006,1768973159,76.65,10.00,waiting_at_station,46.554263,15.650479
2701,G1,46.554547,15.650555,1768973159,78.14,10.00,waiting_at_station,46.554263,15.650479
2702,G1,46.554336,15.650629,1768973159,64.17,20.00,waiting_at_station,46.554263,15.650479
2800,G1,46.559092,15.655777,1768973159,93.24,5.00,waiting_at_station,46.554263,15.650479
2801,G1,46.558528,15.655789,1768973159,72.09,20.00,waiting_at_station,46.554263,15.650479
2802,G1,46.558545,15.655835,1768973159,77.57,10.00,waiting_at_station,46.554263,15.650479
5100,G1,46.554260,15.650712,1768973159,76.29,10.00,on_bus,46.554209,15.650473
5101,G1,46.554225,15.650506,1768973159,84.66,10.00,on_bus,46.554209,15.650473
5102,G1,46.554262,15.650478,1768973159,95.53,5.00,on_bus,46.554209,15.650473
5100,G1,46.553971,15.650706,1768973161,84.94,10.00,on_bus,46.554155,15.650467
5101,G1,46.554290,15.650351,1768973161,70.53,20.00,on_bus,46.554155,15.650467
5102,G1,46.554157,15.650472,1768973161,85.03,10.00,on_bus,46.554155,15.650467
5103,G1,46.554098,15.650510,1768973161,70.40,20.00,on_bus,46.554155,15.650467
2000,G1,46.559875,15.655624,1768973161,73.58,20.00,waiting_at_station,46.554155,15.650467
2800,G1,46.558804,15.655580,1768973161,68.61,20.00,waiting_at_station,46.554155,15.650467
2801,G1,46.558288,15.655689,1768973161,99.61,5.00,waiting_at_station,46.554155,15.650467
5200,G1,46.554145,15.650326,1768973159,79.75,10.00,on_bus,46.554101,15.650461
5201,G1,46.554005,15.650276,1768973159,65.92,20.00,on_bus,46.554101,15.650461
2100,G1,46.552679,15.649982,1768973159,88.18,10.00,waiting_at_station,46.554101,15.650461
2101,G1,46.552710,15.650307,1768973159,90.59,5.00,waiting_at_station,46.554101,15.650461
2102,G1,46.552522,15.650180,1768973159,52.58,35.00,waiting_at_station,46.554101,15.650461
2500,G1,46.530828,15.670285,1768973159,69.32,20.00,waiting_at_station,46.554101,15.650461
2501,G1,46.531279,15.670494,1768973159,69.66,20.00,waiting_at_station,46.554101,15.650461
2700,G1,46.554510,15.650397,1768973159,76.03,10.00,waiting_at_station,46.554101,15.650461
2701,G1,46.554002,15.650363,1768973159,54.28,35.00,waiting_at_station,46.554101,15.650461
5200,G1,46.554076,15.650484,1768973161,83.94,10.00,on_bus,46.553993,15.650430
5201,G1,46.553985,15.650440,1768973161,100.00,5.00,on_bus,46.553993,15.650430
5202,G1,46.554007,15.650431,1768973161,100.00,5.00,on_bus,46.553993,15.650430
5203,G1,46.553907,15.650426,1768973161,66.71,20.00,on_bus,46.553993,15.650430
2000,G1,46.559467,15.656559,1768973161,76.61,10.00,waiting_at_station,46.553993,15.650430
2001,G1,46.559713,15.655573,1768973161,85.47,10.00,waiting_at_station,46.553993,15.650430
2100,G1,46.552613,15.650057,1768973161,84.20,10.00,waiting_at_station,46.553993,15.650430
2101,G1,46.552580,15.650144,1768973161,77.65,10.00,waiting_at_station,46.553993,15.650430
2700,G1,46.554234,15.650269,1768973161,69.53,20.00,waiting_at_station,46.553993,15.650430
2701,G1,46.554324,15.650345,1768973161,68.58,20.00,waiting_at_station,46.553993,15.650430
2702,G1,46.554372,15.650645,1768973161,79.83,10.00,waiting_at_station,46.553993,15.650430
5200,G1,46.553892,15.650358,1768973163,65.74,20.00,on_bus,46.553884,15.650398
5201,G1,46.553901,15.650184,1768973163,92.80,5.00,on_bus,46.553884,15.650398
5202,G1,46.553854,15.650388,1768973163,68.41,20.00,on_bus,46.553884,15.650398
5203,G1,46.553872,15.650466,1768973163,88.89,10.00,on_bus,46.553884,15.650398
2700,G1,46.554649,15.650876,1768973163,87.46,10.00,waiting_at_station,46.553884,15.650398
2701,G1,46.554250,15.650710,1768973163,87.00,10.00,waiting_at_station,46.553884,15.650398
2702,G1,46.554349,15.650530,1768973163,78.12,10.00,waiting_at_station,46.553884,15.650398
5300,G1,46.553834,15.650524,1768973162,79.97,10.00,on_bus,46.553776,15.650367
5301,G1,46.553857,15.650381,1768973162,82.12,10.00,on_bus,46.553776,15.650367
5302,G1,46.553760,15.650302,1768973162,74.54,20.00,on_bus,46.553776,15.650367
5303,G1,46.553844,15.650488,1768973162,95.77,5.00,on_bus,46.553776,15.650367
5304,G1,46.553803,15.650360,1768973162,89.17,10.00,on_bus,46.553776,15.650367
2000,G1,46.559678,15.655901,1768973162,72.79,20.00,waiting_at_station,46.553776,15.650367
2001,G1,46.559833,15.655549,1768973162,74.89,20.00,waiting_at_station,46.553776,15.650367
2100,G1,46.552762,15.650405,1768973162,87.18,10.00,waiting_at_station,46.553776,15.650367
2200,G1,46.539948,15.649685,1768973162,71.19,20.00,waiting_at_station,46.553776,15.650367
2201,G1,46.540058,15.649791,1768973162,62.21,20.00,waiting_at_station,46.553776,15.650367
2202,G1,46.539815,15.649706,1768973162,75.61,10.00,waiting_at_station,46.553776,15.650367
2500,G1,46.530816,15.670476,1768973162,92.29,5.00,waiting_at_station,46.553776,15.650367
2501,G1,46.530837,15.669985,1768973162,75.13,10.00,waiting_at_station,46.553776,15.650367
5300,G1,46.553661,15.650341,1768973162,67.14,20.00,on_bus,46.553688,15.650352
5301,G1,46.553491,15.650596,1768973162,96.42,5.00,on_bus,46.553688,15.650352
5302,G1,46.553641,15.650284,1768973162,84.10,10.00,on_bus,46.553688,15.650352
5303,G1,46.553584,15.650363,1768973162,93.29,5.00,on_bus,46.553688,15.650352
2200,G1,46.540097,15.649786,1768973162,67.66,20.00,waiting_at_station,46.553688,15.650352
2700,G1,46.554254,15.650298,1768973162,69.39,20.00,waiting_at_station,46.553688,15.650352
2701,G1,46.554640,15.650705,1768973162,52.17,35.00,waiting_at_station,46.553688,15.650352
2702,G1,46.554211,15.650390,1768973162,87.39,10.00,waiting_at_station,46.553688,15.650352
2800,G1,46.558710,15.656007,1768973162,87.91,10.00,waiting_at_station,46.553688,15.650352
2801,G1,46.558412,15.656052,1768973162,81.76,10.00,waiting_at_station,46.553688,15.650352
5300,G1,46.553623,15.650312,1768973164,66.67,20.00,on_bus,46.553600,15.650336
5301,G1,46.553605,15.650347,1768973164,52.79,35.00,on_bus,46.553600,15.650336
5302,G1,46.553567,15.650446,1768973164,72.18,20.00,on_bus,46.553600,15.650336
5303,G1,46.553507,15.650308,1768973164,66.17,20.00,on_bus,46.553600,15.650336
2000,G1,46.559633,15.656033,1768973164,60.92,20.00,waiting_at_station,46.553600,15.650336
2001,G1,46.559365,15.656038,1768973164,81.09,10.00,waiting_at_station,46.553600,15.650336
2100,G1,46.552709,15.650123,1768973164,83.24,10.00,waiting_at_station,46.553600,15.650336
2101,G1,46.552751,15.650474,1768973164,84.46,10.00,waiting_at_station,46.553600,15.650336
2102,G1,46.552976,15.650511,1768973164,98.87,5.00,waiting_at_station,46.553600,15.650336
5300,G1,46.553562,15.650274,1768973165,82.88,10.00,on_bus,46.553513,15.650321
5301,G1,46.553533,15.650363,1768973165,69.66,20.00,on_bus,46.553513,15.650321
5302,G1,46.553652,15.650275,1768973165,50.13,35.00,on_bus,46.553513,15.650321
5303,G1,46.553428,15.650380,1768973165,77.30,10.00,on_bus,46.553513,15.650321
2300,G1,46.532628,15.666896,1768973165,98.89,5.00,waiting_at_station,46.553513,15.650321
2301,G1,46.532390,15.667082,1768973165,96.95,5.00,waiting_at_station,46.553513,15.650321
2600,G1,46.539574,15.648389,1768973165,92.85,5.00,waiting_at_station,46.553513,15.650321
2601,G1,46.539514,15.648719,1768973165,74.07,20.00,waiting_at_station,46.553513,15.650321
5400,G1,46.553461,15.650412,1768973164,92.08,5.00,on_bus,46.553425,15.650306
5401,G1,46.553418,15.650286,1768973164,100.00,5.00,on_bus,46.553425,15.650306
5402,G1,46.553489,15.650575,1768973164,72.66,20.00,on_bus,46.553425,15.650306
5403,G1,46.553427,15.650295,1768973164,79.21,10.00,on_bus,46.553425,15.650306
5404,G1,46.553501,15.650425,1768973164,81.40,10.00,on_bus,46.553425,15.650306
5405,G1,46.553580,15.650298,1768973164,94.49,5.00,on_bus,46.553425,15.650306
2100,G1,46.552317,15.650479,1768973164,90.06,5.00,waiting_at_station,46.553425,15.650306
5400,G1,46.553375,15.650219,1768973165,96.41,5.00,on_bus,46.553352,15.650293
5401,G1,46.553350,15.650126,1768973165,79.33,10.00,on_bus,46.553352,15.650293
5402,G1,46.553479,15.650163,1768973165,82.57,10.00,on_bus,46.553352,15.650293
2600,G1,46.539644,15.647847,1768973165,56.64,35.00,waiting_at_station,46.553352,15.650293
2601,G1,46.539783,15.647969,1768973165,62.79,20.00,waiting_at_station,46.553352,15.650293
2700,G1,46.554376,15.650233,1768973165,70.30,20.00,waiting_at_station,46.553352,15.650293
2701,G1,46.554388,15.650359,1768973165,76.80,10.00,waiting_at_station,46.553352,15.650293
5400,G1,46.553132,15.650309,1768973166,72.71,20.00,on_bus,46.553279,15.650281
5401,G1,46.553265,15.650279,1768973166,84.76,10.00,on_bus,46.553279,15.650281
5402,G1,46.553208,15.650408,1768973166,81.42,10.00,on_bus,46.553279,15.650281
2000,G1,46.559586,15.655888,1768973166,76.10,10.00,waiting_at_station,46.553279,15.650281
2001,G1,46.559756,15.656233,1768973166,79.97,10.00,waiting_at_station,46.553279,15.650281
2100,G1,46.552728,15.650294,1768973166,63.70,20.00,waiting_at_station,46.553279,15.650281
2101,G1,46.552791,15.649993,1768973166,78.67,10.00,waiting_at_station,46.553279,15.650281
2300,G1,46.532498,15.666745,1768973166,63.06,20.00,waiting_at_station,46.553279,15.650281
2301,G1,46.532708,15.666774,1768973166,77.80,10.00,waiting_at_station,46.553279,15.650281
2500,G1,46.530731,15.670417,1768973166,94.40,5.00,waiting_at_station,46.553279,15.650281
2501,G1,46.530667,15.669837,1768973166,97.19,5.00,waiting_at_station,46.553279,15.650281
2502,G1,46.531177,15.670080,1768973166,78.58,10.00,waiting_at_station,46.553279,15.650281
2600,G1,46.540053,15.647843,1768973166,84.06,10.00,waiting_at_station,46.553279,15.650281
2601,G1,46.539624,15.647934,1768973166,87.17,10.00,waiting_at_station,46.553279,15.650281
2602,G1,46.539057,15.648449,1768973166,53.29,35.00,waiting_at_station,46.553279,15.650281
2700,G1,46.554180,15.650843,1768973166,68.56,20.00,waiting_at_station,46.553279,15.650281
2701,G1,46.554477,15.650560,1768973166,79.25,10.00,waiting_at_station,46.553279,15.650281
5400,G1,46.553194,15.650256,1768973167,82.38,10.00,on_bus,46.553206,15.650268
5401,G1,46.553265,15.650204,1768973167,100.00,5.00,on_bus,46.553206,15.650268
5402,G1,46.553110,15.650481,1768973167,100.00,5.00,on_bus,46.553206,15.650268
5403,G1,46.553217,15.650053,1768973167,93.67,5.00,on_bus,46.553206,15.650268
5404,G1,46.553228,15.650274,1768973167,76.95,10.00,on_bus,46.553206,15.650268
5405,G1,46.553288,15.650098,1768973167,87.15,10.00,on_bus,46.553206,15.650268
2200,G1,46.540082,15.649951,1768973167,62.99,20.00,waiting_at_station,46.553206,15.650268
2201,G1,46.540268,15.649791,1768973167,61.30,20.00,waiting_at_station,46.553206,15.650268
2300,G1,46.532536,15.666858,1768973167,79.88,10.00,waiting_at_station,46.553206,15.650268
2301,G1,46.532417,15.666474,1768973167,81.51,10.00,waiting_at_station,46.553206,15.650268
2302,G1,46.532315,15.666984,1768973167,91.04,5.00,waiting_at_station,46.553206,15.650268
2800,G1,46.558533,15.655658,1768973167,85.17,10.00,waiting_at_station,46.553206,15.650268
2801,G1,46.558733,15.655869,1768973167,61.61,20.00,waiting_at_station,46.553206,15.650268
2802,G1,46.558645,15.655776,1768973167,100.00,5.00,waiting_at_station,46.553206,15.650268
5400,G1,46.553117,15.650246,1768973168,67.52,20.00,on_bus,46.553133,15.650255
5401,G1,46.552994,15.650227,1768973168,54.92,35.00,on_bus,46.553133,15.650255
2100,G1,46.552471,15.650387,1768973168,78.81,10.00,waiting_at_station,46.553133,15.650255
2101,G1,46.552828,15.649914,1768973168,77.86,10.00,waiting_at_station,46.553133,15.650255
2102,G1,46.552627,15.650281,1768973168,81.21,10.00,waiting_at_station,46.553133,15.650255
2300,G1,46.532411,15.667013,1768973168,72.76,20.00,waiting_at_station,46.553133,15.650255
2301,G1,46.532534,15.666644,1768973168,52.85,35.00,waiting_at_station,46.553133,15.650255
2302,G1,46.532622,15.666879,1768973168,90.19,5.00,waiting_at_station,46.553133,15.650255
2500,G1,46.531131,15.669660,1768973168,94.95,5.00,waiting_at_station,46.553133,15.650255
5500,G1,46.553159,15.650221,1768973167,67.25,20.00,on_bus,46.553060,15.650243
5501,G1,46.553078,15.650184,1768973167,70.03,20.00,on_bus,46.553060,15.650243
2000,G1,46.559842,15.656184,1768973167,62.76,20.00,waiting_at_station,46.553060,15.650243
2001,G1,46.559317,15.656316,1768973167,54.06,35.00,waiting_at_station,46.553060,15.650243
2002,G1,46.559240,15.656135,1768973167,74.29,20.00,waiting_at_station,46.553060,15.650243
2200,G1,46.540267,15.649766,1768973167,87.52,10.00,waiting_at_station,46.553060,15.650243
2201,G1,46.540068,15.649735,1768973167,57.42,35.00,waiting_at_station,46.553060,15.650243
2202,G1,46.540267,15.649983,1768973167,65.58,20.00,waiting_at_station,46.553060,15.650243
2700,G1,46.554401,15.650509,1768973167,59.27,35.00,waiting_at_station,46.553060,15.650243
2701,G1,46.554494,15.650338,1768973167,78.19,10.00,waiting_at_station,46.553060,15.650243
2702,G1,46.553988,15.651028,1768973167,75.97,10.00,waiting_at_station,46.553060,15.650243
2800,G1,46.558247,15.655380,1768973167,51.00,35.00,waiting_at_station,46.553060,15.650243
5500,G1,46.552879,15.650318,1768973167,70.35,20.00,on_bus,46.552996,15.650235
5501,G1,46.552894,15.650178,1768973167,48.66,35.00,on_bus,46.552996,15.650235
5502,G1,46.552939,15.650271,1768973167,85.31,10.00,on_bus,46.552996,15.650235
2100,G1,46.552563,15.650154,1768973167,92.16,5.00,waiting_at_station,46.552996,15.650235
2101,G1,46.552792,15.649842,1768973167,67.30,20.00,waiting_at_station,46.552996,15.650235
2800,G1,46.558686,15.655418,1768973167,66.19,20.00,waiting_at_station,46.552996,15.650235
5500,G1,46.552940,15.650240,1768973169,67.79,20.00,on_bus,46.552931,15.650228
5501,G1,46.552966,15.650066,1768973169,100.00,5.00,on_bus,46.552931,15.650228
5502,G1,46.553007,15.650198,1768973169,46.68,35.00,on_bus,46.552931,15.650228
5503,G1,46.552876,15.650499,1768973169,70.92,20.00,on_bus,46.552931,15.650228
5504,G1,46.552953,15.650339,1768973169,100.00,5.00,on_bus,46.552931,15.650228
2200,G1,46.540255,15.649761,1768973169,41.04,50.00,waiting_at_station,46.552931,15.650228
2400,G1,46.527599,15.685017,1768973169,54.07,35.00,waiting_at_station,46.552931,15.650228
2401,G1,46.527261,15.684293,1768973169,81.64,10.00,waiting_at_station,46.552931,15.650228
5500,G1,46.552936,15.650143,1768973169,69.74,20.00,on_bus,46.552867,15.650220
5501,G1,46.552857,15.650297,1768973169,85.21,10.00,on_bus,46.552867,15.650220
5502,G1,46.552833,15.650256,1768973169,82.76,10.00,on_bus,46.552867,15.650220
5503,G1,46.552953,15.650390,1768973169,94.91,5.00,on_bus,46.552867,15.650220
5504,G1,46.552830,15.650194,1768973169,25.00,50.00,on_bus,46.552867,15.650220
5505,G1,46.552863,15.650176,1768973169,100.00,5.00,on_bus,46.552867,15.650220
2000,G1,46.559637,15.656525,1768973169,44.56,50.00,waiting_at_station,46.552867,15.650220
2400,G1,46.527737,15.684210,1768973169,91.58,5.00,waiting_at_station,46.552867,15.650220
2500,G1,46.530740,15.670241,1768973169,70.71,20.00,waiting_at_station,46.552867,15.650220
2501,G1,46.530804,15.670343,1768973169,74.60,20.00,waiting_at_station,46.552867,15.650220
2502,G1,46.531002,15.669876,1768973169,86.68,10.00,waiting_at_station,46.552867,15.650220
2600,G1,46.539666,15.647401,1768973169,53.71,35.00,waiting_at_station,46.552867,15.650220
5500,G1,46.552928,15.650368,1768973170,76.44,10.00,on_bus,46.552802,15.650212
5501,G1,46.552864,15.650061,1768973170,87.31,10.00,on_bus,46.552802,15.650212
5502,G1,46.552866,15.650114,1768973170,91.04,5.00,on_bus,46.552802,15.650212
5503,G1,46.552762,15.649979,1768973170,75.65,10.00,on_bus,46.552802,15.650212
5504,G1,46.552779,15.650314,1768973170,95.56,5.00,on_bus,46.552802,15.650212
2400,G1,46.527452,15.683901,1768973170,89.50,10.00,waiting_at_station,46.552802,15.650212
2401,G1,46.527693,15.684568,1768973170,80.11,10.00,waiting_at_station,46.552802,15.650212
2500,G1,46.530333,15.669374,1768973170,73.56,20.00,waiting_at_station,46.552802,15.650212
2501,G1,46.531068,15.669057,1768973170,89.47,10.00,waiting_at_station,46.552802,15.650212
2600,G1,46.539805,15.648184,1768973170,44.74,50.00,waiting_at_station,46.552802,15.650212
2601,G1,46.539800,15.648636,1768973170,72.30,20.00,waiting_at_station,46.552802,15.650212
5500,G1,46.552777,15.650204,1768973172,86.21,10.00,on_bus,46.552738,15.650205
5501,G1,46.552752,15.650213,1768973172,82.08,10.00,on_bus,46.552738,15.650205
5502,G1,46.552693,15.650238,1768973172,67.34,20.00,on_bus,46.552738,15.650205
5503,G1,46.552672,15.650324,1768973172,66.58,20.00,on_bus,46.552738,15.650205
2000,G1,46.559516,15.655948,1768973172,78.38,10.00,waiting_at_station,46.552738,15.650205
2700,G1,46.554517,15.650703,1768973172,81.87,10.00,waiting_at_station,46.552738,15.650205
5600,G1,46.552660,15.650231,1768973170,100.00,5.00,on_bus,46.552673,15.650197
5601,G1,46.552662,15.650124,1768973170,100.00,5.00,on_bus,46.552673,15.650197
5602,G1,46.552663,15.650423,1768973170,90.02,5.00,on_bus,46.552673,15.650197
2000,G1,46.559699,15.655255,1768973170,78.95,10.00,waiting_at_station,46.552673,15.650197
2100,G1,46.552862,15.650168,1768973170,84.41,10.00,waiting_at_station,46.552673,15.650197
2101,G1,46.552560,15.649926,1768973170,93.59,5.00,waiting_at_station,46.552673,15.650197
2102,G1,46.552710,15.649838,1768973170,55.83,35.00,waiting_at_station,46.552673,15.650197
2500,G1,46.530994,15.670031,1768973170,78.29,10.00,waiting_at_station,46.552673,15.650197
2600,G1,46.539760,15.648043,1768973170,60.76,20.00,waiting_at_station,46.552673,15.650197
2601,G1,46.540080,15.648325,1768973170,100.00,5.00,waiting_at_station,46.552673,15.650197
5600,G1,46.552564,15.650250,1768973170,78.26,10.00,on_bus,46.552580,15.650178
5601,G1,46.552545,15.650407,1768973170,82.00,10.00,on_bus,46.552580,15.650178
5602,G1,46.552515,15.650287,1768973170,83.30,10.00,on_bus,46.552580,15.650178
2100,G1,46.552876,15.650695,1768973170,58.60,35.00,waiting_at_station,46.552580,15.650178
2101,G1,46.552744,15.650154,1768973170,52.64,35.00,waiting_at_station,46.552580,15.650178
2400,G1,46.527498,15.684116,1768973170,81.18,10.00,waiting_at_station,46.552580,15.650178
2401,G1,46.527469,15.684460,1768973170,40.40,50.00,waiting_at_station,46.552580,15.650178
2600,G1,46.539868,15.647890,1768973170,52.89,35.00,waiting_at_station,46.552580,15.650178
2800,G1,46.558730,15.655698,1768973170,67.05,20.00,waiting_at_station,46.552580,15.650178
5600,G1,46.552540,15.650297,1768973172,76.46,10.00,on_bus,46.552487,15.650158
5601,G1,46.552469,15.650219,1768973172,100.00,5.00,on_bus,46.552487,15.650158
2200,G1,46.539646,15.649216,1768973172,73.98,20.00,waiting_at_station,46.552487,15.650158
2201,G1,46.540187,15.649280,1768973172,69.85,20.00,waiting_at_station,46.552487,15.650158
2500,G1,46.530903,15.670169,1768973172,58.80,35.00,waiting_at_station,46.552487,15.650158
2501,G1,46.530997,15.670221,1768973172,60.31,20.00,waiting_at_station,46.552487,15.650158
5600,G1,46.552457,15.650270,1768973173,89.20,10.00,on_bus,46.552393,15.650139
5601,G1,46.552246,15.650085,1768973173,72.64,20.00,on_bus,46.552393,15.650139
5602,G1,46.552393,15.650141,1768973173,82.19,10.00,on_bus,46.552393,15.650139
5700,G1,46.552296,15.650037,1768973172,67.66,20.00,on_bus,46.552300,15.650120
5701,G1,46.552365,15.650117,1768973172,69.38,20.00,on_bus,46.552300,15.650120
5702,G1,46.552402,15.650022,1768973172,88.07,10.00,on_bus,46.552300,15.650120
5703,G1,46.552350,15.650065,1768973172,65.02,20.00,on_bus,46.552300,15.650120
5704,G1,46.552325,15.650157,1768973172,64.51,20.00,on_bus,46.552300,15.650120
2100,G1,46.552753,15.649965,1768973172,60.49,20.00,waiting_at_station,46.552300,15.650120
2200,G1,46.540392,15.649895,1768973172,54.15,35.00,waiting_at_station,46.552300,15.650120
2400,G1,46.527672,15.685090,1768973172,81.49,10.00,waiting_at_station,46.552300,15.650120
2401,G1,46.527527,15.684384,1768973172,88.17,10.00,waiting_at_station,46.552300,15.650120
2402,G1,46.527767,15.684014,1768973172,81.49,10.00,waiting_at_station,46.552300,15.650120
5700,G1,46.552166,15.650106,1768973173,97.86,5.00,on_bus,46.552215,15.650092
5701,G1,46.552244,15.649956,1768973173,79.56,10.00,on_bus,46.552215,15.650092
5702,G1,46.552240,15.650063,1768973173,79.38,10.00,on_bus,46.552215,15.650092
5703,G1,46.552447,15.650405,1768973173,78.71,10.00,on_bus,46.552215,15.650092
5704,G1,46.552208,15.650223,1768973173,84.46,10.00,on_bus,46.552215,15.650092
5705,G1,46.552224,15.650085,1768973173,69.93,20.00,on_bus,46.552215,15.650092
2300,G1,46.532551,15.666612,1768973173,89.95,10.00,waiting_at_station,46.552215,15.650092
2500,G1,46.530710,15.670094,1768973173,89.72,10.00,waiting_at_station,46.552215,15.650092
2501,G1,46.530709,15.669838,1768973173,90.60,5.00,waiting_at_station,46.552215,15.650092
2700,G1,46.554241,15.650699,1768973173,64.42,20.00,waiting_at_station,46.552215,15.650092
2701,G1,46.554874,15.650697,1768973173,96.38,5.00,waiting_at_station,46.552215,15.650092
2800,G1,46.558703,15.655317,1768973173,76.05,10.00,waiting_at_station,46.552215,15.650092
2801,G1,46.559077,15.655427,1768973173,76.45,10.00,waiting_at_station,46.552215,15.650092
5700,G1,46.552143,15.650012,1768973174,84.53,10.00,on_bus,46.552130,15.650065
5701,G1,46.552166,15.650111,1768973174,100.00,5.00,on_bus,46.552130,15.650065
5702,G1,46.552012,15.650134,1768973174,100.00,5.00,on_bus,46.552130,15.650065
5703,G1,46.552105,15.650124,1768973174,100.00,5.00,on_bus,46.552130,15.650065
5704,G1,46.552126,15.650019,1768973174,71.58,20.00,on_bus,46.552130,15.650065
5705,G1,46.552201,15.650108,1768973174,88.94,10.00,on_bus,46.552130,15.650065
2500,G1,46.530932,15.670322,1768973174,47.56,35.00,waiting_at_station,46.552130,15.650065
2501,G1,46.531006,15.670117,1768973174,85.30,10.00,waiting_at_station,46.552130,15.650065
2600,G1,46.539888,15.648100,1768973174,88.40,10.00,waiting_at_station,46.552130,15.650065
2800,G1,46.558942,15.656512,1768973174,67.83,20.00,waiting_at_station,46.552130,15.650065
5700,G1,46.552039,15.649960,1768973176,67.49,20.00,on_bus,46.552045,15.650037
5701,G1,46.552047,15.650049,1768973176,67.64,20.00,on_bus,46.552045,15.650037
5702,G1,46.552067,15.650086,1768973176,100.00,5.00,on_bus,46.552045,15.650037
5703,G1,46.552138,15.650131,1768973176,56.84,35.00,on_bus,46.552045,15.650037
2800,G1,46.558524,15.655575,1768973176,79.83,10.00,waiting_at_station,46.552045,15.650037
5800,G1,46.551953,15.650112,1768973175,66.13,20.00,on_bus,46.551960,15.650009
5801,G1,46.551976,15.649976,1768973175,96.93,5.00,on_bus,46.551960,15.650009
5802,G1,46.551953,15.650207,1768973175,82.38,10.00,on_bus,46.551960,15.650009
5803,G1,46.551983,15.650173,1768973175,63.25,20.00,on_bus,46.551960,15.650009
5804,G1,46.552019,15.649969,1768973175,100.00,5.00,on_bus,46.551960,15.650009
5805,G1,46.551923,15.649991,1768973175,96.38,5.00,on_bus,46.551960,15.650009
2100,G1,46.552641,15.650067,1768973175,80.67,10.00,waiting_at_station,46.551960,15.650009
2300,G1,46.532533,15.666883,1768973175,100.00,5.00,waiting_at_station,46.551960,15.650009
2301,G1,46.532480,15.666715,1768973175,82.00,10.00,waiting_at_station,46.551960,15.650009
2302,G1,46.532611,15.666902,1768973175,42.18,50.00,waiting_at_station,46.551960,15.650009
5800,G1,46.551827,15.650104,1768973175,88.59,10.00,on_bus,46.551867,15.650010
5801,G1,46.551898,15.650012,1768973175,78.50,10.00,on_bus,46.551867,15.650010
5802,G1,46.552068,15.650254,1768973175,98.09,5.00,on_bus,46.551867,15.650010
2300,G1,46.532492,15.666403,1768973175,91.71,5.00,waiting_at_station,46.551867,15.650010
2400,G1,46.527460,15.684315,1768973175,56.14,35.00,waiting_at_station,46.551867,15.650010
2700,G1,46.554258,15.650561,1768973175,74.00,20.00,waiting_at_station,46.551867,15.650010
2701,G1,46.554441,15.650547,1768973175,71.22,20.00,waiting_at_station,46.551867,15.650010
5800,G1,46.551906,15.650064,1768973177,99.38,5.00,on_bus,46.551774,15.650010
5801,G1,46.551733,15.649876,1768973177,74.38,20.00,on_bus,46.551774,15.650010
5802,G1,46.551824,15.649948,1768973177,83.71,10.00,on_bus,46.551774,15.650010
5803,G1,46.551769,15.650059,1768973177,86.95,10.00,on_bus,46.551774,15.650010
5804,G1,46.552115,15.649985,1768973177,69.56,20.00,on_bus,46.551774,15.650010
2100,G1,46.552853,15.650152,1768973177,64.60,20.00,waiting_at_station,46.551774,15.650010
2101,G1,46.552518,15.650108,1768973177,91.13,5.00,waiting_at_station,46.551774,15.650010
2300,G1,46.532197,15.666763,1768973177,83.93,10.00,waiting_at_station,46.551774,15.650010
2301,G1,46.532417,15.666831,1768973177,68.31,20.00,waiting_at_station,46.551774,15.650010
2302,G1,46.532910,15.666707,1768973177,77.22,10.00,waiting_at_station,46.551774,15.650010
5900,G1,46.551630,15.650041,1768973177,91.55,5.00,on_bus,46.551681,15.650011
5901,G1,46.551672,15.650038,1768973177,83.35,10.00,on_bus,46.551681,15.650011
2600,G1,46.539950,15.647979,1768973177,96.08,5.00,waiting_at_station,46.551681,15.650011
2601,G1,46.539677,15.648222,1768973177,42.81,50.00,waiting_at_station,46.551681,15.650011
5900,G1,46.551670,15.650020,1768973177,100.00,5.00,on_bus,46.551645,15.649989
5901,G1,46.551605,15.649952,1768973177,61.13,20.00,on_bus,46.551645,15.649989
5902,G1,46.551734,15.649987,1768973177,94.43,5.00,on_bus,46.551645,15.649989
2000,G1,46.559596,15.656085,1768973177,73.91,20.00,waiting_at_station,46.551645,15.649989
2001,G1,46.559504,15.655877,1768973177,52.42,35.00,waiting_at_station,46.551645,15.649989
2002,G1,46.559648,15.655767,1768973177,65.97,20.00,waiting_at_station,46.551645,15.649989
2300,G1,46.532396,15.666714,1768973177,81.98,10.00,waiting_at_station,46.551645,15.649989
2301,G1,46.532502,15.666842,1768973177,56.66,35.00,waiting_at_station,46.551645,15.649989
2302,G1,46.532588,15.666849,1768973177,58.25,35.00,waiting_at_station,46.551645,15.649989
2500,G1,46.530891,15.670425,1768973177,58.29,35.00,waiting_at_station,46.551645,15.649989
2501,G1,46.530431,15.669992,1768973177,41.29,50.00,waiting_at_station,46.551645,15.649989
2502,G1,46.531118,15.669992,1768973177,82.14,10.00,waiting_at_station,46.551645,15.649989
2800,G1,46.558938,15.655575,1768973177,86.63,10.00,waiting_at_station,46.551645,15.649989
2801,G1,46.558416,15.655716,1768973177,94.83,5.00,waiting_at_station,46.551645,15.649989
2802,G1,46.558515,15.655765,1768973177,84.94,10.00,waiting_at_station,46.551645,15.649989
5900,G1,46.551549,15.649871,1768973177,83.66,10.00,on_bus,46.551609,15.649967
5901,G1,46.551491,15.649945,1768973177,85.14,10.00,on_bus,46.551609,15.649967
5902,G1,46.551530,15.650137,1768973177,67.49,20.00,on_bus,46.551609,15.649967
5903,G1,46.551454,15.650008,1768973177,73.97,20.00,on_bus,46.551609,15.649967
5904,G1,46.551683,15.649881,1768973177,63.99,20.00,on_bus,46.551609,15.649967
5905,G1,46.551653,15.649903,1768973177,68.88,20.00,on_bus,46.551609,15.649967
2200,G1,46.540174,15.649669,1768973177,68.92,20.00,waiting_at_station,46.551609,15.649967
2201,G1,46.540014,15.649511,1768973177,69.95,20.00,waiting_at_station,46.551609,15.649967
2202,G1,46.540059,15.649918,1768973177,86.45,10.00,waiting_at_station,46.551609,15.649967
2300,G1,46.533026,15.666834,1768973177,100.00,5.00,waiting_at_station,46.551609,15.649967
2301,G1,46.532607,15.667106,1768973177,79.10,10.00,waiting_at_station,46.551609,15.649967
5900,G1,46.551494,15.650134,1768973178,76.97,10.00,on_bus,46.551573,15.649945
5901,G1,46.551575,15.649757,1768973178,81.79,10.00,on_bus,46.551573,15.649945
5902,G1,46.551680,15.649926,1768973178,100.00,5.00,on_bus,46.551573,15.649945
2000,G1,46.559232,15.656098,1768973178,75.39,10.00,waiting_at_station,46.551573,15.649945
2001,G1,46.559721,15.655704,1768973178,70.22,20.00,waiting_at_station,46.551573,15.649945
2200,G1,46.540303,15.649730,1768973178,82.52,10.00,waiting_at_station,46.551573,15.649945
2201,G1,46.540038,15.649613,1768973178,70.61,20.00,waiting_at_station,46.551573,15.649945
2500,G1,46.530743,15.670157,1768973178,59.67,35.00,waiting_at_station,46.551573,15.649945
2501,G1,46.530866,15.670398,1768973178,79.27,10.00,waiting_at_station,46.551573,15.649945
2502,G1,46.530734,15.670827,1768973178,100.00,5.00,waiting_at_station,46.551573,15.649945
2600,G1,46.539817,15.648218,1768973178,88.95,10.00,waiting_at_station,46.551573,15.649945
2700,G1,46.554291,15.649358,1768973178,88.61,10.00,waiting_at_station,46.551573,15.649945
2701,G1,46.554142,15.649925,1768973178,51.98,35.00,waiting_at_station,46.551573,15.649945
2800,G1,46.558531,15.656703,1768973178,33.28,50.00,waiting_at_station,46.551573,15.649945
2801,G1,46.558534,15.655540,1768973178,88.48,10.00,waiting_at_station,46.551573,15.649945
5900,G1,46.551625,15.649828,1768973179,86.59,10.00,on_bus,46.551537,15.649923
5901,G1,46.551511,15.649898,1768973179,65.20,20.00,on_bus,46.551537,15.649923
5902,G1,46.551422,15.649906,1768973179,95.49,5.00,on_bus,46.551537,15.649923
2200,G1,46.540294,15.649577,1768973179,65.07,20.00,waiting_at_station,46.551537,15.649923
2201,G1,46.540076,15.649799,1768973179,87.63,10.00,waiting_at_station,46.551537,15.649923
2300,G1,46.532652,15.666725,1768973179,80.13,10.00,waiting_at_station,46.551537,15.649923
6000,G1,46.551413,15.649572,1768973178,90.76,5.00,on_bus,46.551501,15.649901
6001,G1,46.551506,15.649956,1768973178,82.18,10.00,on_bus,46.551501,15.649901
6002,G1,46.551486,15.649761,1768973178,68.23,20.00,on_bus,46.551501,15.649901
6003,G1,46.551443,15.649906,1768973178,93.22,5.00,on_bus,46.551501,15.649901
2000,G1,46.559750,15.656165,1768973178,74.81,20.00,waiting_at_station,46.551501,15.649901
2300,G1,46.532600,15.666960,1768973178,64.09,20.00,waiting_at_station,46.551501,15.649901
2301,G1,46.532208,15.667084,1768973178,87.68,10.00,waiting_at_station,46.551501,15.649901
2302,G1,46.532474,15.666511,1768973178,63.71,20.00,waiting_at_station,46.551501,15.649901
2500,G1,46.530779,15.669944,1768973178,50.12,35.00,waiting_at_station,46.551501,15.649901
2600,G1,46.539908,15.648023,1768973178,53.14,35.00,waiting_at_station,46.551501,15.649901
2601,G1,46.539798,15.647678,1768973178,57.79,35.00,waiting_at_station,46.551501,15.649901
6000,G1,46.551391,15.649921,1768973179,98.99,5.00,on_bus,46.551421,15.649881
6001,G1,46.551442,15.649891,1768973179,87.93,10.00,on_bus,46.551421,15.649881
6002,G1,46.551446,15.649852,1768973179,100.00,5.00,on_bus,46.551421,15.649881
6003,G1,46.551430,15.649855,1768973179,90.42,5.00,on_bus,46.551421,15.649881
6004,G1,46.551310,15.649933,1768973179,99.29,5.00,on_bus,46.551421,15.649881
2000,G1,46.560044,15.656140,1768973179,69.32,20.00,waiting_at_station,46.551421,15.649881
2001,G1,46.559904,15.655768,1768973179,58.87,35.00,waiting_at_station,46.551421,15.649881
2002,G1,46.559155,15.656320,1768973179,81.66,10.00,waiting_at_station,46.551421,15.649881
6000,G1,46.551426,15.649904,1768973180,73.57,20.00,on_bus,46.551341,15.649861
6001,G1,46.551357,15.649904,1768973180,77.53,10.00,on_bus,46.551341,15.649861
6002,G1,46.551300,15.649807,1768973180,100.00,5.00,on_bus,46.551341,15.649861
6003,G1,46.551404,15.649810,1768973180,81.00,10.00,on_bus,46.551341,15.649861
6004,G1,46.551431,15.649814,1768973180,89.94,10.00,on_bus,46.551341,15.649861
6005,G1,46.551408,15.650004,1768973180,79.02,10.00,on_bus,46.551341,15.649861
2200,G1,46.540278,15.649711,1768973180,48.98,35.00,waiting_at_station,46.551341,15.649861
2400,G1,46.527986,15.684909,1768973180,100.00,5.00,waiting_at_station,46.551341,15.649861
6100,G1,46.551223,15.649952,1768973180,93.40,5.00,on_bus,46.551261,15.649841
6101,G1,46.551240,15.649932,1768973180,92.36,5.00,on_bus,46.551261,15.649841
6102,G1,46.551237,15.649752,1768973180,59.56,35.00,on_bus,46.551261,15.649841
6103,G1,46.551286,15.649824,1768973180,74.72,20.00,on_bus,46.551261,15.649841
2500,G1,46.530514,15.670012,1768973180,89.16,10.00,waiting_at_station,46.551261,15.649841
2501,G1,46.530611,15.670353,1768973180,66.59,20.00,waiting_at_station,46.551261,15.649841
2502,G1,46.530770,15.670011,1768973180,87.86,10.00,waiting_at_station,46.551261,15.649841
6100,G1,46.551233,15.649817,1768973180,54.19,35.00,on_bus,46.551218,15.649806
6101,G1,46.551229,15.649635,1768973180,71.78,20.00,on_bus,46.551218,15.649806
6102,G1,46.551083,15.649902,1768973180,87.84,10.00,on_bus,46.551218,15.649806
6103,G1,46.551201,15.649831,1768973180,80.62,10.00,on_bus,46.551218,15.649806
6104,G1,46.551059,15.649824,1768973180,77.63,10.00,on_bus,46.551218,15.649806
6105,G1,46.551109,15.649772,1768973180,92.65,5.00,on_bus,46.551218,15.649806
2300,G1,46.532562,15.666700,1768973180,84.25,10.00,waiting_at_station,46.551218,15.649806
2600,G1,46.539923,15.648107,1768973180,100.00,5.00,waiting_at_station,46.551218,15.649806
6100,G1,46.551202,15.649804,1768973180,92.17,5.00,on_bus,46.551176,15.649771
6101,G1,46.551171,15.649916,1768973180,72.75,20.00,on_bus,46.551176,15.649771
6102,G1,46.551260,15.649675,1768973180,99.71,5.00,on_bus,46.551176,15.649771
6103,G1,46.551233,15.649795,1768973180,63.93,20.00,on_bus,46.551176,15.649771
6104,G1,46.551213,15.649591,1768973180,87.48,10.00,on_bus,46.551176,15.649771
6105,G1,46.551198,15.649727,1768973180,71.50,20.00,on_bus,46.551176,15.649771
2100,G1,46.552610,15.650003,1768973180,94.47,5.00,waiting_at_station,46.551176,15.649771
2101,G1,46.552769,15.649726,1768973180,58.00,35.00,waiting_at_station,46.551176,15.649771
2102,G1,46.552493,15.649784,1768973180,75.72,10.00,waiting_at_station,46.551176,15.649771
6100,G1,46.551238,15.649714,1768973182,98.08,5.00,on_bus,46.551133,15.649736
6101,G1,46.551231,15.649594,1768973182,86.39,10.00,on_bus,46.551133,15.649736
6102,G1,46.551121,15.649766,1768973182,80.04,10.00,on_bus,46.551133,15.649736
6103,G1,46.551149,15.649678,1768973182,77.59,10.00,on_bus,46.551133,15.649736
2000,G1,46.559735,15.656245,1768973182,65.84,20.00,waiting_at_station,46.551133,15.649736
2001,G1,46.559438,15.655708,1768973182,43.61,50.00,waiting_at_station,46.551133,15.649736
2800,G1,46.558701,15.656215,1768973182,84.34,10.00,waiting_at_station,46.551133,15.649736
6200,G1,46.551163,15.649718,1768973181,73.40,20.00,on_bus,46.551091,15.649701
6201,G1,46.551139,15.649767,1768973181,74.12,20.00,on_bus,46.551091,15.649701
2200,G1,46.540153,15.649689,1768973181,77.88,10.00,waiting_at_station,46.551091,15.649701
2201,G1,46.539307,15.650477,1768973181,76.88,10.00,waiting_at_station,46.551091,15.649701
2202,G1,46.540010,15.649751,1768973181,70.74,20.00,waiting_at_station,46.551091,15.649701
2300,G1,46.532475,15.666210,1768973181,74.13,20.00,waiting_at_station,46.551091,15.649701
2301,G1,46.532534,15.667203,1768973181,76.94,10.00,waiting_at_station,46.551091,15.649701
2302,G1,46.532608,15.666905,1768973181,54.87,35.00,waiting_at_station,46.551091,15.649701
2400,G1,46.527450,15.684406,1768973181,77.95,10.00,waiting_at_station,46.551091,15.649701
2401,G1,46.527746,15.684447,1768973181,40.59,50.00,waiting_at_station,46.551091,15.649701
2402,G1,46.527220,15.684371,1768973181,54.85,35.00,waiting_at_station,46.551091,15.649701
2500,G1,46.530351,15.670481,1768973181,73.89,20.00,waiting_at_station,46.551091,15.649701
2700,G1,46.554322,15.650828,1768973181,85.10,10.00,waiting_at_station,46.551091,15.649701
2800,G1,46.558469,15.655295,1768973181,65.40,20.00,waiting_at_station,46.551091,15.649701
2801,G1,46.558824,15.655749,1768973181,65.41,20.00,waiting_at_station,46.551091,15.649701
2802,G1,46.558710,15.656024,1768973181,79.88,10.00,waiting_at_station,46.551091,15.649701
6200,G1,46.550783,15.649858,1768973181,79.92,10.00,on_bus,46.551043,15.649708
6201,G1,46.551147,15.649577,1768973181,91.08,5.00,on_bus,46.551043,15.649708
6202,G1,46.550978,15.649544,1768973181,83.19,10.00,on_bus,46.551043,15.649708
2200,G1,46.540162,15.649728,1768973181,77.88,10.00,waiting_at_station,46.551043,15.649708
2201,G1,46.540049,15.649920,1768973181,76.11,10.00,waiting_at_station,46.551043,15.649708
2202,G1,46.540102,15.649753,1768973181,98.40,5.00,waiting_at_station,46.551043,15.649708
2500,G1,46.530873,15.670536,1768973181,100.00,5.00,waiting_at_station,46.551043,15.649708
2501,G1,46.530848,15.670180,1768973181,60.60,20.00,waiting_at_station,46.551043,15.649708
2700,G1,46.554318,15.650604,1768973181,42.86,50.00,waiting_at_station,46.551043,15.649708
6200,G1,46.550892,15.649647,1768973182,75.09,10.00,on_bus,46.550995,15.649715
6201,G1,46.551027,15.649825,1768973182,73.41,20.00,on_bus,46.550995,15.649715
6202,G1,46.550943,15.649657,1768973182,75.26,10.00,on_bus,46.550995,15.649715
6203,G1,46.551041,15.649926,1768973182,70.19,20.00,on_bus,46.550995,15.649715
2200,G1,46.539916,15.650000,1768973182,93.17,5.00,waiting_at_station,46.550995,15.649715
2600,G1,46.539855,15.647954,1768973182,87.60,10.00,waiting_at_station,46.550995,15.649715
6200,G1,46.550884,15.649860,1768973183,87.39,10.00,on_bus,46.550946,15.649722
6201,G1,46.551002,15.649539,1768973183,95.55,5.00,on_bus,46.550946,15.649722
6202,G1,46.550916,15.649660,1768973183,79.27,10.00,on_bus,46.550946,15.649722
6203,G1,46.550810,15.649634,1768973183,78.95,10.00,on_bus,46.550946,15.649722
2100,G1,46.552291,15.650101,1768973183,75.32,10.00,waiting_at_station,46.550946,15.649722
2200,G1,46.540361,15.649751,1768973183,70.67,20.00,waiting_at_station,46.550946,15.649722
2201,G1,46.540280,15.650146,1768973183,82.79,10.00,waiting_at_station,46.550946,15.649722
6200,G1,46.550881,15.649694,1768973183,67.85,20.00,on_bus,46.550898,15.649729
6201,G1,46.550890,15.649749,1768973183,99.35,5.00,on_bus,46.550898,15.649729
6202,G1,46.550986,15.649755,1768973183,68.69,20.00,on_bus,46.550898,15.649729
6203,G1,46.550936,15.649652,1768973183,70.18,20.00,on_bus,46.550898,15.649729
6204,G1,46.550880,15.649701,1768973183,82.60,10.00,on_bus,46.550898,15.649729
6300,G1,46.550797,15.649863,1768973183,59.54,35.00,on_bus,46.550850,15.649736
6301,G1,46.550856,15.649735,1768973183,94.65,5.00,on_bus,46.550850,15.649736
6302,G1,46.550847,15.649806,1768973183,55.82,35.00,on_bus,46.550850,15.649736
6303,G1,46.550921,15.649751,1768973183,74.17,20.00,on_bus,46.550850,15.649736
6304,G1,46.550820,15.649741,1768973183,70.13,20.00,on_bus,46.550850,15.649736
2000,G1,46.559489,15.656043,1768973183,76.01,10.00,waiting_at_station,46.550850,15.649736
2100,G1,46.553334,15.651085,1768973183,78.33,10.00,waiting_at_station,46.550850,15.649736
2101,G1,46.553358,15.649254,1768973183,63.61,20.00,waiting_at_station,46.550850,15.649736
2102,G1,46.552735,15.649679,1768973183,74.10,20.00,waiting_at_station,46.550850,15.649736
2700,G1,46.554197,15.651027,1768973183,85.78,10.00,waiting_at_station,46.550850,15.649736
6300,G1,46.550810,15.649740,1768973183,75.67,10.00,on_bus,46.550803,15.649724
6301,G1,46.550941,15.650037,1768973183,84.55,10.00,on_bus,46.550803,15.649724
2300,G1,46.532775,15.666595,1768973183,85.61,10.00,waiting_at_station,46.550803,15.649724
2500,G1,46.530451,15.670104,1768973183,78.69,10.00,waiting_at_station,46.550803,15.649724
2501,G1,46.530992,15.670012,1768973183,61.44,20.00,waiting_at_station,46.550803,15.649724
2600,G1,46.539893,15.648487,1768973183,87.94,10.00,waiting_at_station,46.550803,15.649724
2601,G1,46.539798,15.647943,1768973183,40.27,50.00,waiting_at_station,46.550803,15.649724
6300,G1,46.550755,15.649758,1768973183,75.59,10.00,on_bus,46.550757,15.649712
6301,G1,46.550544,15.649698,1768973183,67.73,20.00,on_bus,46.550757,15.649712
6302,G1,46.550812,15.649666,1768973183,59.48,35.00,on_bus,46.550757,15.649712
6303,G1,46.550723,15.649744,1768973183,88.68,10.00,on_bus,46.550757,15.649712
6304,G1,46.550733,15.649696,1768973183,70.52,20.00,on_bus,46.550757,15.649712
6305,G1,46.550806,15.649536,1768973183,96.38,5.00,on_bus,46.550757,15.649712
2100,G1,46.552918,15.650392,1768973183,65.52,20.00,waiting_at_station,46.550757,15.649712
2300,G1,46.532263,15.667184,1768973183,77.73,10.00,waiting_at_station,46.550757,15.649712
2700,G1,46.554449,15.650500,1768973183,92.29,5.00,waiting_at_station,46.550757,15.649712
2701,G1,46.553978,15.650218,1768973183,69.79,20.00,waiting_at_station,46.550757,15.649712
6400,G1,46.550813,15.649610,1768973184,91.99,5.00,on_bus,46.550710,15.649699
6401,G1,46.550760,15.649566,1768973184,94.61,5.00,on_bus,46.550710,15.649699
6402,G1,46.550669,15.649964,1768973184,96.53,5.00,on_bus,46.550710,15.649699
6403,G1,46.550698,15.649697,1768973184,81.25,10.00,on_bus,46.550710,15.649699
6404,G1,46.550743,15.649638,1768973184,68.20,20.00,on_bus,46.550710,15.649699
2200,G1,46.539913,15.649786,1768973184,55.87,35.00,waiting_at_station,46.550710,15.649699
2201,G1,46.540470,15.648547,1768973184,72.15,20.00,waiting_at_station,46.550710,15.649699
2202,G1,46.540034,15.649835,1768973184,75.96,10.00,waiting_at_station,46.550710,15.649699
2400,G1,46.527745,15.685113,1768973184,85.12,10.00,waiting_at_station,46.550710,15.649699
2401,G1,46.527704,15.683998,1768973184,85.50,10.00,waiting_at_station,46.550710,15.649699
2402,G1,46.527383,15.684164,1768973184,83.70,10.00,waiting_at_station,46.550710,15.649699
6400,G1,46.550797,15.649622,1768973184,56.72,35.00,on_bus,46.550683,15.649693
6401,G1,46.550687,15.649683,1768973184,65.94,20.00,on_bus,46.550683,15.649693
6402,G1,46.550622,15.649634,1768973184,68.71,20.00,on_bus,46.550683,15.649693
6403,G1,46.550704,15.649568,1768973184,92.82,5.00,on_bus,46.550683,15.649693
6404,G1,46.550793,15.649705,1768973184,90.30,5.00,on_bus,46.550683,15.649693
6405,G1,46.550827,15.649661,1768973184,83.51,10.00,on_bus,46.550683,15.649693
2100,G1,46.552703,15.650832,1768973184,55.18,35.00,waiting_at_station,46.550683,15.649693
2101,G1,46.552887,15.650294,1768973184,62.03,20.00,waiting_at_station,46.550683,15.649693
2200,G1,46.540101,15.649519,1768973184,87.35,10.00,waiting_at_station,46.550683,15.649693
2201,G1,46.539869,15.649500,1768973184,92.13,5.00,waiting_at_station,46.550683,15.649693
2600,G1,46.540005,15.647924,1768973184,68.34,20.00,waiting_at_station,46.550683,15.649693
6400,G1,46.550696,15.649755,1768973184,67.95,20.00,on_bus,46.550657,15.649686
6401,G1,46.550590,15.649861,1768973184,69.46,20.00,on_bus,46.550657,15.649686
6402,G1,46.550579,15.649653,1768973184,100.00,5.00,on_bus,46.550657,15.649686
6403,G1,46.550660,15.649705,1768973184,55.91,35.00,on_bus,46.550657,15.649686
6404,G1,46.550716,15.649671,1768973184,91.97,5.00,on_bus,46.550657,15.649686
6405,G1,46.550647,15.649828,1768973184,81.61,10.00,on_bus,46.550657,15.649686
6400,G1,46.550611,15.649571,1768973184,100.00,5.00,on_bus,46.550630,15.649680
6401,G1,46.550812,15.649851,1768973184,88.60,10.00,on_bus,46.550630,15.649680
2100,G1,46.552498,15.650046,1768973184,79.84,10.00,waiting_at_station,46.550630,15.649680
2400,G1,46.527342,15.684339,1768973184,91.53,5.00,waiting_at_station,46.550630,15.649680
2401,G1,46.527670,15.684524,1768973184,40.42,50.00,waiting_at_station,46.550630,15.649680
2402,G1,46.527641,15.684415,1768973184,100.00,5.00,waiting_at_station,46.550630,15.649680
2500,G1,46.530740,15.670398,1768973184,86.44,10.00,waiting_at_station,46.550630,15.649680
2501,G1,46.531102,15.670813,1768973184,71.17,20.00,waiting_at_station,46.550630,15.649680
6400,G1,46.550719,15.649748,1768973185,61.64,20.00,on_bus,46.550603,15.649674
6401,G1,46.550594,15.649665,1768973185,77.72,10.00,on_bus,46.550603,15.649674
6402,G1,46.550634,15.649704,1768973185,83.97,10.00,on_bus,46.550603,15.649674
2700,G1,46.554600,15.650315,1768973185,88.40,10.00,waiting_at_station,46.550603,15.649674
2800,G1,46.558660,15.655761,1768973185,61.11,20.00,waiting_at_station,46.550603,15.649674
2801,G1,46.558706,15.655995,1768973185,100.00,5.00,waiting_at_station,46.550603,15.649674
2802,G1,46.558689,15.655849,1768973185,58.05,35.00,waiting_at_station,46.550603,15.649674
6400,G1,46.550647,15.649710,1768973186,74.73,20.00,on_bus,46.550577,15.649667
6401,G1,46.550568,15.649683,1768973186,100.00,5.00,on_bus,46.550577,15.649667
2400,G1,46.527398,15.684565,1768973186,50.60,35.00,waiting_at_station,46.550577,15.649667
2600,G1,46.540054,15.647600,1768973186,53.69,35.00,waiting_at_station,46.550577,15.649667
2601,G1,46.539833,15.648672,1768973186,100.00,5.00,waiting_at_station,46.550577,15.649667
6500,G1,46.550428,15.649676,1768973185,97.14,5.00,on_bus,46.550550,15.649661
6501,G1,46.550578,15.649742,1768973185,57.98,35.00,on_bus,46.550550,15.649661
6502,G1,46.550505,15.649713,1768973185,88.43,10.00,on_bus,46.550550,15.649661
2000,G1,46.559598,15.656019,1768973185,69.20,20.00,waiting_at_station,46.550550,15.649661
2001,G1,46.559656,15.656032,1768973185,71.10,20.00,waiting_at_station,46.550550,15.649661
2300,G1,46.532526,15.666669,1768973185,77.01,10.00,waiting_at_station,46.550550,15.649661
2301,G1,46.533285,15.665953,1768973185,99.08,5.00,waiting_at_station,46.550550,15.649661
6500,G1,46.550392,15.649488,1768973185,84.11,10.00,on_bus,46.550473,15.649640
6501,G1,46.550473,15.649609,1768973185,90.08,5.00,on_bus,46.550473,15.649640
6502,G1,46.550418,15.649795,1768973185,64.87,20.00,on_bus,46.550473,15.649640
6503,G1,46.550501,15.649834,1768973185,72.43,20.00,on_bus,46.550473,15.649640
2000,G1,46.559366,15.655867,1768973185,64.53,20.00,waiting_at_station,46.550473,15.649640
2500,G1,46.530677,15.670391,1768973185,79.47,10.00,waiting_at_station,46.550473,15.649640
2501,G1,46.530911,15.669619,1768973185,67.53,20.00,waiting_at_station,46.550473,15.649640
2700,G1,46.554436,15.650415,1768973185,100.00,5.00,waiting_at_station,46.550473,15.649640
2701,G1,46.554389,15.650632,1768973185,100.00,5.00,waiting_at_station,46.550473,15.649640
2702,G1,46.554429,15.650778,1768973185,80.48,10.00,waiting_at_station,46.550473,15.649640
2800,G1,46.558632,15.655879,1768973185,82.41,10.00,waiting_at_station,46.550473,15.649640
6500,G1,46.550353,15.649588,1768973187,43.00,50.00,on_bus,46.550397,15.649619
6501,G1,46.550423,15.649587,1768973187,72.34,20.00,on_bus,46.550397,15.649619
6502,G1,46.550313,15.649766,1768973187,80.92,10.00,on_bus,46.550397,15.649619
2000,G1,46.559345,15.655741,1768973187,75.56,10.00,waiting_at_station,46.550397,15.649619
2001,G1,46.559776,15.655789,1768973187,77.18,10.00,waiting_at_station,46.550397,15.649619
2200,G1,46.540067,15.649675,1768973187,50.72,35.00,waiting_at_station,46.550397,15.649619
6500,G1,46.550323,15.649525,1768973188,83.69,10.00,on_bus,46.550320,15.649598
6501,G1,46.550329,15.649596,1768973188,80.24,10.00,on_bus,46.550320,15.649598
6502,G1,46.550434,15.649512,1768973188,68.53,20.00,on_bus,46.550320,15.649598
6503,G1,46.550414,15.649553,1768973188,91.94,5.00,on_bus,46.550320,15.649598
6504,G1,46.550232,15.649835,1768973188,87.32,10.00,on_bus,46.550320,15.649598
2700,G1,46.554552,15.650378,1768973188,57.17,35.00,waiting_at_station,46.550320,15.649598
2701,G1,46.554123,15.650272,1768973188,70.82,20.00,waiting_at_station,46.550320,15.649598
2702,G1,46.554417,15.650595,1768973188,82.70,10.00,waiting_at_station,46.550320,15.649598
6600,G1,46.550265,15.649511,1768973187,86.36,10.00,on_bus,46.550243,15.649577
6601,G1,46.550108,15.650177,1768973187,93.02,5.00,on_bus,46.550243,15.649577
2500,G1,46.530876,15.670042,1768973187,100.00,5.00,waiting_at_station,46.550243,15.649577
2501,G1,46.531027,15.669588,1768973187,63.84,20.00,waiting_at_station,46.550243,15.649577
6600,G1,46.550174,15.649286,1768973188,100.00,5.00,on_bus,46.550178,15.649555
6601,G1,46.550136,15.649467,1768973188,88.30,10.00,on_bus,46.550178,15.649555
6602,G1,46.550175,15.649572,1768973188,84.31,10.00,on_bus,46.550178,15.649555
6603,G1,46.550208,15.649682,1768973188,72.86,20.00,on_bus,46.550178,15.649555
6604,G1,46.550289,15.649668,1768973188,77.66,10.00,on_bus,46.550178,15.649555
2200,G1,46.540291,15.649721,1768973188,64.70,20.00,waiting_at_station,46.550178,15.649555
2300,G1,46.532261,15.666717,1768973188,100.00,5.00,waiting_at_station,46.550178,15.649555
2301,G1,46.532470,15.666756,1768973188,96.43,5.00,waiting_at_station,46.550178,15.649555
2302,G1,46.532589,15.666678,1768973188,62.05,20.00,waiting_at_station,46.550178,15.649555
6600,G1,46.550281,15.649567,1768973189,88.66,10.00,on_bus,46.550112,15.649532
6601,G1,46.550104,15.649527,1768973189,100.00,5.00,on_bus,46.550112,15.649532
6602,G1,46.550057,15.649282,1768973189,87.59,10.00,on_bus,46.550112,15.649532
2000,G1,46.559666,15.655919,1768973189,67.74,20.00,waiting_at_station,46.550112,15.649532
2001,G1,46.559453,15.655964,1768973189,74.09,20.00,waiting_at_station,46.550112,15.649532
2002,G1,46.559185,15.655922,1768973189,90.33,5.00,waiting_at_station,46.550112,15.649532
6600,G1,46.549855,15.649522,1768973190,92.52,5.00,on_bus,46.550047,15.649510
6601,G1,46.549966,15.649532,1768973190,65.72,20.00,on_bus,46.550047,15.649510
6602,G1,46.550032,15.649433,1768973190,81.05,10.00,on_bus,46.550047,15.649510
6603,G1,46.549888,15.649561,1768973190,87.94,10.00,on_bus,46.550047,15.649510
2200,G1,46.540068,15.649683,1768973190,86.44,10.00,waiting_at_station,46.550047,15.649510
2201,G1,46.540532,15.649919,1768973190,58.66,35.00,waiting_at_station,46.550047,15.649510
2202,G1,46.540633,15.649649,1768973190,70.09,20.00,waiting_at_station,46.550047,15.649510
2500,G1,46.530717,15.670136,1768973190,34.25,50.00,waiting_at_station,46.550047,15.649510
2501,G1,46.530992,15.670090,1768973190,90.48,5.00,waiting_at_station,46.550047,15.649510
6600,G1,46.550023,15.649648,1768973191,79.79,10.00,on_bus,46.549981,15.649488
6601,G1,46.549949,15.649545,1768973191,69.48,20.00,on_bus,46.549981,15.649488
2200,G1,46.539965,15.648755,1768973191,100.00,5.00,waiting_at_station,46.549981,15.649488
2201,G1,46.540155,15.649782,1768973191,72.46,20.00,waiting_at_station,46.549981,15.649488
2202,G1,46.540398,15.649064,1768973191,63.91,20.00,waiting_at_station,46.549981,15.649488
2300,G1,46.532186,15.665654,1768973191,59.77,35.00,waiting_at_station,46.549981,15.649488
2301,G1,46.532503,15.667101,1768973191,71.17,20.00,waiting_at_station,46.549981,15.649488
2302,G1,46.532609,15.666795,1768973191,79.21,10.00,waiting_at_station,46.549981,15.649488
2500,G1,46.531197,15.670232,1768973191,46.27,35.00,waiting_at_station,46.549981,15.649488
2501,G1,46.530708,15.670229,1768973191,62.48,20.00,waiting_at_station,46.549981,15.649488
2502,G1,46.531314,15.670131,1768973191,79.84,10.00,waiting_at_station,46.549981,15.649488
2600,G1,46.539747,15.647611,1768973191,83.18,10.00,waiting_at_station,46.549981,15.649488
2601,G1,46.539972,15.647255,1768973191,86.38,10.00,waiting_at_station,46.549981,15.649488
2602,G1,46.539787,15.647998,1768973191,84.25,10.00,waiting_at_station,46.549981,15.649488
2700,G1,46.554468,15.650617,1768973191,79.95,10.00,waiting_at_station,46.549981,15.649488
2701,G1,46.554122,15.650250,1768973191,77.88,10.00,waiting_at_station,46.549981,15.649488
2800,G1,46.558701,15.655741,1768973191,81.49,10.00,waiting_at_station,46.549981,15.649488
2801,G1,46.558436,15.655691,1768973191,79.08,10.00,waiting_at_station,46.549981,15.649488
2802,G1,46.558907,15.655547,1768973191,63.76,20.00,waiting_at_station,46.549981,15.649488
6700,G1,46.549882,15.649546,1768973190,62.03,20.00,on_bus,46.549915,15.649466
6701,G1,46.549924,15.649449,1768973190,73.14,20.00,on_bus,46.549915,15.649466
6702,G1,46.549902,15.649298,1768973190,82.68,10.00,on_bus,46.549915,15.649466
2100,G1,46.552542,15.650149,1768973190,71.26,20.00,waiting_at_station,46.549915,15.649466
2101,G1,46.552674,15.650257,1768973190,63.22,20.00,waiting_at_station,46.549915,15.649466
6700,G1,46.549959,15.649354,1768973190,79.30,10.00,on_bus,46.549826,15.649429
6701,G1,46.549718,15.649338,1768973190,75.65,10.00,on_bus,46.549826,15.649429
6702,G1,46.549826,15.649671,1768973190,100.00,5.00,on_bus,46.549826,15.649429
6703,G1,46.549678,15.649388,1768973190,80.97,10.00,on_bus,46.549826,15.649429
6704,G1,46.549735,15.649376,1768973190,100.00,5.00,on_bus,46.549826,15.649429
2000,G1,46.559768,15.656350,1768973190,47.67,35.00,waiting_at_station,46.549826,15.649429
2200,G1,46.540096,15.649783,1768973190,52.34,35.00,waiting_at_station,46.549826,15.649429
2201,G1,46.540327,15.649861,1768973190,61.09,20.00,waiting_at_station,46.549826,15.649429
6700,G1,46.549791,15.649224,1768973192,89.68,10.00,on_bus,46.549736,15.649393
6701,G1,46.549501,15.649240,1768973192,99.71,5.00,on_bus,46.549736,15.649393
2100,G1,46.552404,15.650318,1768973192,80.21,10.00,waiting_at_station,46.549736,15.649393
2400,G1,46.527187,15.684285,1768973192,73.65,20.00,waiting_at_station,46.549736,15.649393
2401,G1,46.527758,15.684608,1768973192,71.57,20.00,waiting_at_station,46.549736,15.649393
2600,G1,46.540044,15.647873,1768973192,82.54,10.00,waiting_at_station,46.549736,15.649393
2601,G1,46.539854,15.648048,1768973192,100.00,5.00,waiting_at_station,46.549736,15.649393
2602,G1,46.540020,15.647818,1768973192,74.49,20.00,waiting_at_station,46.549736,15.649393
2800,G1,46.558796,15.656266,1768973192,69.39,20.00,waiting_at_station,46.549736,15.649393
6700,G1,46.549546,15.649611,1768973193,34.31,50.00,on_bus,46.549646,15.649356
6701,G1,46.549781,15.649247,1768973193,100.00,5.00,on_bus,46.549646,15.649356
6702,G1,46.549623,15.649304,1768973193,100.00,5.00,on_bus,46.549646,15.649356
6703,G1,46.549568,15.649328,1768973193,78.57,10.00,on_bus,46.549646,15.649356
6704,G1,46.549720,15.649429,1768973193,79.81,10.00,on_bus,46.549646,15.649356
6705,G1,46.549709,15.649250,1768973193,76.82,10.00,on_bus,46.549646,15.649356
2600,G1,46.539762,15.647830,1768973193,69.88,20.00,waiting_at_station,46.549646,15.649356
2601,G1,46.539864,15.647980,1768973193,76.41,10.00,waiting_at_station,46.549646,15.649356
6800,G1,46.549587,15.648950,1768973192,99.24,5.00,on_bus,46.549557,15.649320
6801,G1,46.549500,15.649187,1768973192,84.34,10.00,on_bus,46.549557,15.649320
2400,G1,46.528011,15.684377,1768973192,86.82,10.00,waiting_at_station,46.549557,15.649320
2401,G1,46.527438,15.684340,1768973192,89.30,10.00,waiting_at_station,46.549557,15.649320
2600,G1,46.539628,15.647758,1768973192,53.91,35.00,waiting_at_station,46.549557,15.649320
2601,G1,46.540009,15.648070,1768973192,34.34,50.00,waiting_at_station,46.549557,15.649320
2700,G1,46.554347,15.650521,1768973192,58.03,35.00,waiting_at_station,46.549557,15.649320
2701,G1,46.554327,15.650430,1768973192,72.66,20.00,waiting_at_station,46.549557,15.649320
2702,G1,46.554632,15.650022,1768973192,60.72,20.00,waiting_at_station,46.549557,15.649320
6800,G1,46.549438,15.649214,1768973194,74.64,20.00,on_bus,46.549444,15.649255
6801,G1,46.549294,15.649340,1768973194,80.35,10.00,on_bus,46.549444,15.649255
6802,G1,46.549440,15.649301,1768973194,78.11,10.00,on_bus,46.549444,15.649255
6803,G1,46.549429,15.649263,1768973194,74.20,20.00,on_bus,46.549444,15.649255
6804,G1,46.549481,15.649113,1768973194,74.25,20.00,on_bus,46.549444,15.649255
2000,G1,46.559625,15.656441,1768973194,71.40,20.00,waiting_at_station,46.549444,15.649255
2001,G1,46.559518,15.655889,1768973194,45.54,35.00,waiting_at_station,46.549444,15.649255
2100,G1,46.552771,15.650386,1768973194,75.12,10.00,waiting_at_station,46.549444,15.649255
2101,G1,46.552583,15.650222,1768973194,88.74,10.00,waiting_at_station,46.549444,15.649255
2300,G1,46.532411,15.666945,1768973194,96.44,5.00,waiting_at_station,46.549444,15.649255
2301,G1,46.532810,15.666706,1768973194,90.08,5.00,waiting_at_station,46.549444,15.649255
6800,G1,46.549360,15.649196,1768973195,91.22,5.00,on_bus,46.549332,15.649191
6801,G1,46.549394,15.649249,1768973195,80.39,10.00,on_bus,46.549332,15.649191
6802,G1,46.549375,15.648914,1768973195,95.60,5.00,on_bus,46.549332,15.649191
6803,G1,46.549345,15.649501,1768973195,81.53,10.00,on_bus,46.549332,15.649191
6804,G1,46.549317,15.649158,1768973195,94.93,5.00,on_bus,46.549332,15.649191
2200,G1,46.540324,15.650328,1768973195,78.44,10.00,waiting_at_station,46.549332,15.649191
2201,G1,46.540065,15.649716,1768973195,52.81,35.00,waiting_at_station,46.549332,15.649191
2202,G1,46.540197,15.649594,1768973195,89.19,10.00,waiting_at_station,46.549332,15.649191
2700,G1,46.554449,15.650452,1768973195,85.86,10.00,waiting_at_station,46.549332,15.649191
6900,G1,46.549326,15.649170,1768973195,79.48,10.00,on_bus,46.549220,15.649126
6901,G1,46.549201,15.649147,1768973195,74.56,20.00,on_bus,46.549220,15.649126
6902,G1,46.549195,15.649030,1768973195,51.21,35.00,on_bus,46.549220,15.649126
6903,G1,46.549234,15.649105,1768973195,65.50,20.00,on_bus,46.549220,15.649126
6904,G1,46.549225,15.649130,1768973195,55.11,35.00,on_bus,46.549220,15.649126
6905,G1,46.549281,15.649091,1768973195,48.08,35.00,on_bus,46.549220,15.649126
2200,G1,46.540114,15.649818,1768973195,70.87,20.00,waiting_at_station,46.549220,15.649126
2201,G1,46.540293,15.649716,1768973195,59.01,35.00,waiting_at_station,46.549220,15.649126
2202,G1,46.540442,15.649853,1768973195,62.83,20.00,waiting_at_station,46.549220,15.649126
2400,G1,46.527315,15.684012,1768973195,56.51,35.00,waiting_at_station,46.549220,15.649126
2401,G1,46.527366,15.684656,1768973195,47.03,35.00,waiting_at_station,46.549220,15.649126
2800,G1,46.558854,15.655843,1768973195,77.64,10.00,waiting_at_station,46.549220,15.649126
2801,G1,46.558737,15.656311,1768973195,65.17,20.00,waiting_at_station,46.549220,15.649126
2802,G1,46.558505,15.655885,1768973195,70.65,20.00,waiting_at_station,46.549220,15.649126
6900,G1,46.549175,15.649099,1768973195,78.96,10.00,on_bus,46.549167,15.649098
6901,G1,46.548997,15.648990,1768973195,77.63,10.00,on_bus,46.549167,15.649098
6902,G1,46.549222,15.649295,1768973195,74.26,20.00,on_bus,46.549167,15.649098
2700,G1,46.554277,15.650545,1768973195,88.78,10.00,waiting_at_station,46.549167,15.649098
2701,G1,46.554097,15.650947,1768973195,92.75,5.00,waiting_at_station,46.549167,15.649098
6900,G1,46.549151,15.649041,1768973196,100.00,5.00,on_bus,46.549113,15.649071
6901,G1,46.549117,15.649130,1768973196,98.68,5.00,on_bus,46.549113,15.649071
6902,G1,46.549306,15.649050,1768973196,95.26,5.00,on_bus,46.549113,15.649071
6903,G1,46.549134,15.649043,1768973196,72.80,20.00,on_bus,46.549113,15.649071
6904,G1,46.549065,15.649034,1768973196,100.00,5.00,on_bus,46.549113,15.649071
2300,G1,46.532294,15.667158,1768973196,89.58,10.00,waiting_at_station,46.549113,15.649071
2301,G1,46.532277,15.667131,1768973196,78.80,10.00,waiting_at_station,46.549113,15.649071
2302,G1,46.532730,15.666556,1768973196,72.24,20.00,waiting_at_station,46.549113,15.649071
6900,G1,46.549122,15.649032,1768973197,100.00,5.00,on_bus,46.549060,15.649043
6901,G1,46.549126,15.649225,1768973197,79.84,10.00,on_bus,46.549060,15.649043
6902,G1,46.549056,15.649078,1768973197,71.14,20.00,on_bus,46.549060,15.649043
6903,G1,46.549072,15.649020,1768973197,70.99,20.00,on_bus,46.549060,15.649043
6904,G1,46.549092,15.649079,1768973197,78.89,10.00,on_bus,46.549060,15.649043
6905,G1,46.548981,15.649065,1768973197,85.26,10.00,on_bus,46.549060,15.649043
2100,G1,46.552578,15.650169,1768973197,51.44,35.00,waiting_at_station,46.549060,15.649043
2101,G1,46.552608,15.649844,1768973197,61.08,20.00,waiting_at_station,46.549060,15.649043
2700,G1,46.554080,15.649644,1768973197,71.49,20.00,waiting_at_station,46.549060,15.649043
6900,G1,46.548919,15.648938,1768973198,86.98,10.00,on_bus,46.549007,15.649015
6901,G1,46.548928,15.649101,1768973198,100.00,5.00,on_bus,46.549007,15.649015
6902,G1,46.548970,15.649056,1768973198,71.73,20.00,on_bus,46.549007,15.649015
2200,G1,46.540083,15.649831,1768973198,72.58,20.00,waiting_at_station,46.549007,15.649015
6900,G1,46.549093,15.649030,1768973198,80.24,10.00,on_bus,46.548953,15.648988
6901,G1,46.548796,15.648926,1768973198,54.93,35.00,on_bus,46.548953,15.648988
2000,G1,46.559522,15.655996,1768973198,59.14,35.00,waiting_at_station,46.548953,15.648988
2001,G1,46.559504,15.656221,1768973198,69.50,20.00,waiting_at_station,46.548953,15.648988
2600,G1,46.539995,15.648214,1768973198,69.72,20.00,waiting_at_station,46.548953,15.648988
2700,G1,46.554278,15.650925,1768973198,77.63,10.00,waiting_at_station,46.548953,15.648988
2701,G1,46.554476,15.650591,1768973198,79.56,10.00,waiting_at_station,46.548953,15.648988
2702,G1,46.554375,15.650658,1768973198,75.18,10.00,waiting_at_station,46.548953,15.648988
2800,G1,46.558539,15.655965,1768973198,80.11,10.00,waiting_at_station,46.548953,15.648988
2801,G1,46.557933,15.655200,1768973198,87.47,10.00,waiting_at_station,46.548953,15.648988
7000,G1,46.548823,15.649060,1768973197,78.42,10.00,on_bus,46.548900,15.648960
7001,G1,46.548922,15.649008,1768973197,69.60,20.00,on_bus,46.548900,15.648960
7002,G1,46.548914,15.648750,1768973197,41.39,50.00,on_bus,46.548900,15.648960
7003,G1,46.548867,15.648998,1768973197,52.68,35.00,on_bus,46.548900,15.648960
7004,G1,46.548871,15.649040,1768973197,75.49,10.00,on_bus,46.548900,15.648960
7000,G1,46.548907,15.648704,1768973198,76.04,10.00,on_bus,46.548811,15.648922
7001,G1,46.549023,15.648970,1768973198,71.48,20.00,on_bus,46.548811,15.648922
2100,G1,46.553087,15.649789,1768973198,86.37,10.00,waiting_at_station,46.548811,15.648922
2101,G1,46.552442,15.650147,1768973198,73.59,20.00,waiting_at_station,46.548811,15.648922
2102,G1,46.552712,15.650086,1768973198,82.85,10.00,waiting_at_station,46.548811,15.648922
2200,G1,46.539898,15.649442,1768973198,100.00,5.00,waiting_at_station,46.548811,15.648922
2201,G1,46.540577,15.649451,1768973198,71.65,20.00,waiting_at_station,46.548811,15.648922
2202,G1,46.540033,15.650040,1768973198,73.10,20.00,waiting_at_station,46.548811,15.648922
2600,G1,46.539531,15.648032,1768973198,73.97,20.00,waiting_at_station,46.548811,15.648922
2601,G1,46.539365,15.647933,1768973198,70.87,20.00,waiting_at_station,46.548811,15.648922
2700,G1,46.554142,15.650807,1768973198,74.99,20.00,waiting_at_station,46.548811,15.648922
2701,G1,46.554345,15.650444,1768973198,45.38,35.00,waiting_at_station,46.548811,15.648922
2702,G1,46.554260,15.650587,1768973198,65.45,20.00,waiting_at_station,46.548811,15.648922
7000,G1,46.548676,15.648942,1768973199,76.71,10.00,on_bus,46.548723,15.648884
7001,G1,46.548807,15.648836,1768973199,75.66,10.00,on_bus,46.548723,15.648884
2000,G1,46.559240,15.655939,1768973199,86.30,10.00,waiting_at_station,46.548723,15.648884
2400,G1,46.527488,15.683866,1768973199,96.38,5.00,waiting_at_station,46.548723,15.648884
2401,G1,46.527460,15.684514,1768973199,69.22,20.00,waiting_at_station,46.548723,15.648884
7000,G1,46.548793,15.648817,1768973201,78.56,10.00,on_bus,46.548634,15.648846
7001,G1,46.548615,15.648624,1768973201,72.13,20.00,on_bus,46.548634,15.648846
2300,G1,46.532581,15.666696,1768973201,52.32,35.00,waiting_at_station,46.548634,15.648846
2301,G1,46.532737,15.666827,1768973201,81.55,10.00,waiting_at_station,46.548634,15.648846
2302,G1,46.532973,15.666793,1768973201,44.56,50.00,waiting_at_station,46.548634,15.648846
2500,G1,46.530963,15.670275,1768973201,63.56,20.00,waiting_at_station,46.548634,15.648846
2600,G1,46.539653,15.647489,1768973201,74.56,20.00,waiting_at_station,46.548634,15.648846
2601,G1,46.539976,15.647728,1768973201,77.76,10.00,waiting_at_station,46.548634,15.648846
2602,G1,46.540009,15.647968,1768973201,58.99,35.00,waiting_at_station,46.548634,15.648846
2700,G1,46.554416,15.650514,1768973201,80.82,10.00,waiting_at_station,46.548634,15.648846
2701,G1,46.554308,15.649832,1768973201,99.67,5.00,waiting_at_station,46.548634,15.648846
2800,G1,46.558681,15.655930,1768973201,57.75,35.00,waiting_at_station,46.548634,15.648846
2801,G1,46.558642,15.655869,1768973201,81.95,10.00,waiting_at_station,46.548634,15.648846
7100,G1,46.548461,15.648811,1768973200,52.75,35.00,on_bus,46.548546,15.648808
7101,G1,46.548529,15.648835,1768973200,65.59,20.00,on_bus,46.548546,15.648808
7102,G1,46.548565,15.648552,1768973200,97.86,5.00,on_bus,46.548546,15.648808
7103,G1,46.548579,15.648844,1768973200,75.66,10.00,on_bus,46.548546,15.648808
2800,G1,46.558833,15.654978,1768973200,61.51,20.00,waiting_at_station,46.548546,15.648808
2801,G1,46.558425,15.655731,1768973200,72.94,20.00,waiting_at_station,46.548546,15.648808
2802,G1,46.558635,15.655979,1768973200,69.47,20.00,waiting_at_station,46.548546,15.648808
7100,G1,46.548497,15.648754,1768973200,77.36,10.00,on_bus,46.548476,15.648793
7101,G1,46.548338,15.648373,1768973200,45.80,35.00,on_bus,46.548476,15.648793
2000,G1,46.559553,15.655731,1768973200,65.41,20.00,waiting_at_station,46.548476,15.648793
2100,G1,46.552948,15.649845,1768973200,48.87,35.00,waiting_at_station,46.548476,15.648793
2101,G1,46.552660,15.649763,1768973200,78.37,10.00,waiting_at_station,46.548476,15.648793
2102,G1,46.552904,15.649872,1768973200,75.21,10.00,waiting_at_station,46.548476,15.648793
2200,G1,46.540519,15.649289,1768973200,68.83,20.00,waiting_at_station,46.548476,15.648793
2201,G1,46.540288,15.649900,1768973200,79.67,10.00,waiting_at_station,46.548476,15.648793
2202,G1,46.540333,15.650122,1768973200,87.63,10.00,waiting_at_station,46.548476,15.648793
2300,G1,46.532415,15.667183,1768973200,90.18,5.00,waiting_at_station,46.548476,15.648793
2301,G1,46.532674,15.666946,1768973200,50.58,35.00,waiting_at_station,46.548476,15.648793
2302,G1,46.532564,15.666209,1768973200,67.03,20.00,waiting_at_station,46.548476,15.648793
2400,G1,46.527321,15.684356,1768973200,91.45,5.00,waiting_at_station,46.548476,15.648793
2401,G1,46.527462,15.684243,1768973200,69.16,20.00,waiting_at_station,46.548476,15.648793
2402,G1,46.527409,15.684267,1768973200,84.28,10.00,waiting_at_station,46.548476,15.648793
2500,G1,46.530850,15.670046,1768973200,37.76,50.00,waiting_at_station,46.548476,15.648793
2501,G1,46.531084,15.670417,1768973200,71.01,20.00,waiting_at_station,46.548476,15.648793
2502,G1,46.530885,15.669804,1768973200,67.40,20.00,waiting_at_station,46.548476,15.648793
7100,G1,46.548476,15.648887,1768973202,91.35,5.00,on_bus,46.548407,15.648779
7101,G1,46.548405,15.648778,1768973202,62.20,20.00,on_bus,46.548407,15.648779
7102,G1,46.548383,15.648817,1768973202,86.65,10.00,on_bus,46.548407,15.648779
7103,G1,46.548504,15.648915,1768973202,94.67,5.00,on_bus,46.548407,15.648779
7104,G1,46.548393,15.648749,1768973202,79.23,10.00,on_bus,46.548407,15.648779
2000,G1,46.559816,15.656096,1768973202,81.75,10.00,waiting_at_station,46.548407,15.648779
2001,G1,46.559825,15.656309,1768973202,91.91,5.00,waiting_at_station,46.548407,15.648779
2100,G1,46.552668,15.649853,1768973202,52.76,35.00,waiting_at_station,46.548407,15.648779
2101,G1,46.552627,15.650105,1768973202,72.62,20.00,waiting_at_station,46.548407,15.648779
2102,G1,46.552680,15.650271,1768973202,80.52,10.00,waiting_at_station,46.548407,15.648779
2200,G1,46.540032,15.649603,1768973202,74.03,20.00,waiting_at_station,46.548407,15.648779
2500,G1,46.530990,15.670377,1768973202,52.80,35.00,waiting_at_station,46.548407,15.648779
2700,G1,46.554341,15.650706,1768973202,58.14,35.00,waiting_at_station,46.548407,15.648779
2701,G1,46.554350,15.650625,1768973202,75.02,10.00,waiting_at_station,46.548407,15.648779
7100,G1,46.548292,15.648774,1768973203,100.00,5.00,on_bus,46.548337,15.648764
7101,G1,46.548222,15.648507,1768973203,100.00,5.00,on_bus,46.548337,15.648764
7102,G1,46.548324,15.648754,1768973203,79.87,10.00,on_bus,46.548337,15.648764
7103,G1,46.548225,15.648782,1768973203,53.67,35.00,on_bus,46.548337,15.648764
2000,G1,46.559622,15.656015,1768973203,90.59,5.00,waiting_at_station,46.548337,15.648764
2001,G1,46.559543,15.655772,1768973203,59.70,35.00,waiting_at_station,46.548337,15.648764
2400,G1,46.527460,15.684432,1768973203,73.89,20.00,waiting_at_station,46.548337,15.648764
2401,G1,46.527353,15.684553,1768973203,82.58,10.00,waiting_at_station,46.548337,15.648764
7200,G1,46.548255,15.648911,1768973202,69.43,20.00,on_bus,46.548267,15.648750
7201,G1,46.548140,15.648710,1768973202,74.49,20.00,on_bus,46.548267,15.648750
7202,G1,46.548216,15.648631,1768973202,72.21,20.00,on_bus,46.548267,15.648750
7203,G1,46.548237,15.648719,1768973202,72.45,20.00,on_bus,46.548267,15.648750
2000,G1,46.559566,15.655762,1768973202,75.62,10.00,waiting_at_station,46.548267,15.648750
2001,G1,46.559550,15.656198,1768973202,76.05,10.00,waiting_at_station,46.548267,15.648750
2002,G1,46.559721,15.656220,1768973202,85.00,10.00,waiting_at_station,46.548267,15.648750
2600,G1,46.539532,15.647563,1768973202,60.78,20.00,waiting_at_station,46.548267,15.648750
2601,G1,46.539795,15.648038,1768973202,64.01,20.00,waiting_at_station,46.548267,15.648750
2800,G1,46.558648,15.655837,1768973202,73.51,20.00,waiting_at_station,46.548267,15.648750
7200,G1,46.548178,15.648803,1768973202,80.19,10.00,on_bus,46.548208,15.648742
7201,G1,46.548224,15.648661,1768973202,100.00,5.00,on_bus,46.548208,15.648742
7202,G1,46.548157,15.648660,1768973202,96.80,5.00,on_bus,46.548208,15.648742
7203,G1,46.548154,15.648842,1768973202,71.91,20.00,on_bus,46.548208,15.648742
7204,G1,46.548220,15.648803,1768973202,69.99,20.00,on_bus,46.548208,15.648742
7205,G1,46.548137,15.648661,1768973202,91.73,5.00,on_bus,46.548208,15.648742
2000,G1,46.559803,15.655900,1768973202,81.43,10.00,waiting_at_station,46.548208,15.648742
2001,G1,46.559600,15.656109,1768973202,67.58,20.00,waiting_at_station,46.548208,15.648742
2002,G1,46.559876,15.655064,1768973202,82.34,10.00,waiting_at_station,46.548208,15.648742
2500,G1,46.531093,15.669754,1768973202,84.24,10.00,waiting_at_station,46.548208,15.648742
7200,G1,46.548240,15.648866,1768973203,63.27,20.00,on_bus,46.548148,15.648733
7201,G1,46.548214,15.648649,1768973203,100.00,5.00,on_bus,46.548148,15.648733
7202,G1,46.548176,15.648755,1768973203,75.28,10.00,on_bus,46.548148,15.648733
7203,G1,46.548158,15.648595,1768973203,72.95,20.00,on_bus,46.548148,15.648733
7204,G1,46.548072,15.648858,1768973203,59.95,35.00,on_bus,46.548148,15.648733
2000,G1,46.559659,15.655670,1768973203,94.45,5.00,waiting_at_station,46.548148,15.648733
2001,G1,46.559469,15.656198,1768973203,89.99,10.00,waiting_at_station,46.548148,15.648733
2002,G1,46.559530,15.655568,1768973203,94.24,5.00,waiting_at_station,46.548148,15.648733
2200,G1,46.540099,15.649556,1768973203,83.70,10.00,waiting_at_station,46.548148,15.648733
2201,G1,46.540073,15.649826,1768973203,77.36,10.00,waiting_at_station,46.548148,15.648733
2400,G1,46.527413,15.684260,1768973203,74.40,20.00,waiting_at_station,46.548148,15.648733
2401,G1,46.527409,15.684461,1768973203,81.43,10.00,waiting_at_station,46.548148,15.648733
2402,G1,46.527077,15.684234,1768973203,71.86,20.00,waiting_at_station,46.548148,15.648733
2600,G1,46.539902,15.648029,1768973203,70.49,20.00,waiting_at_station,46.548148,15.648733
2601,G1,46.539873,15.647687,1768973203,72.99,20.00,waiting_at_station,46.548148,15.648733
2602,G1,46.539720,15.648167,1768973203,95.44,5.00,waiting_at_station,46.548148,15.648733
7200,G1,46.548035,15.648923,1768973204,79.23,10.00,on_bus,46.548089,15.648725
7201,G1,46.548164,15.648705,1768973204,99.65,5.00,on_bus,46.548089,15.648725
7202,G1,46.548111,15.648646,1768973204,93.12,5.00,on_bus,46.548089,15.648725
2000,G1,46.559997,15.655821,1768973204,56.41,35.00,waiting_at_station,46.548089,15.648725
2001,G1,46.559431,15.655890,1768973204,61.01,20.00,waiting_at_station,46.548089,15.648725
2002,G1,46.559780,15.655758,1768973204,47.50,35.00,waiting_at_station,46.548089,15.648725
2200,G1,46.540029,15.648715,1768973204,76.06,10.00,waiting_at_station,46.548089,15.648725
2201,G1,46.540363,15.649781,1768973204,100.00,5.00,waiting_at_station,46.548089,15.648725
2500,G1,46.530803,15.670173,1768973204,72.34,20.00,waiting_at_station,46.548089,15.648725
2501,G1,46.530865,15.670250,1768973204,94.79,5.00,waiting_at_station,46.548089,15.648725
2600,G1,46.539039,15.646246,1768973204,72.19,20.00,waiting_at_station,46.548089,15.648725
2601,G1,46.540067,15.647678,1768973204,91.28,5.00,waiting_at_station,46.548089,15.648725
2602,G1,46.539688,15.647905,1768973204,42.85,50.00,waiting_at_station,46.548089,15.648725
7200,G1,46.548033,15.648696,1768973205,88.88,10.00,on_bus,46.548029,15.648717
7201,G1,46.547964,15.648777,1768973205,79.13,10.00,on_bus,46.548029,15.648717
7202,G1,46.548007,15.648698,1768973205,75.26,10.00,on_bus,46.548029,15.648717
7203,G1,46.548053,15.648687,1768973205,77.26,10.00,on_bus,46.548029,15.648717
7204,G1,46.548004,15.648722,1768973205,89.73,10.00,on_bus,46.548029,15.648717
7205,G1,46.548064,15.648744,1768973205,92.23,5.00,on_bus,46.548029,15.648717
2100,G1,46.552618,15.650401,1768973205,70.87,20.00,waiting_at_station,46.548029,15.648717
7300,G1,46.547988,15.648585,1768973204,62.23,20.00,on_bus,46.547970,15.648708
7301,G1,46.547924,15.648721,1768973204,51.77,35.00,on_bus,46.547970,15.648708
7302,G1,46.547962,15.648904,1768973204,86.85,10.00,on_bus,46.547970,15.648708
7303,G1,46.548033,15.648634,1768973204,91.67,5.00,on_bus,46.547970,15.648708
7304,G1,46.547990,15.648666,1768973204,65.19,20.00,on_bus,46.547970,15.648708
7305,G1,46.547972,15.648701,1768973204,63.65,20.00,on_bus,46.547970,15.648708
2500,G1,46.530846,15.670557,1768973204,46.13,35.00,waiting_at_station,46.547970,15.648708
2501,G1,46.530743,15.670179,1768973204,95.41,5.00,waiting_at_station,46.547970,15.648708
2502,G1,46.530639,15.669975,1768973204,64.29,20.00,waiting_at_station,46.547970,15.648708
2700,G1,46.554470,15.650542,1768973204,55.78,35.00,waiting_at_station,46.547970,15.648708
7300,G1,46.547921,15.648722,1768973204,83.51,10.00,on_bus,46.547922,15.648711
7301,G1,46.547716,15.648614,1768973204,98.47,5.00,on_bus,46.547922,15.648711
7302,G1,46.547936,15.648663,1768973204,79.49,10.00,on_bus,46.547922,15.648711
7303,G1,46.547917,15.648787,1768973204,97.96,5.00,on_bus,46.547922,15.648711
7304,G1,46.547901,15.648729,1768973204,88.19,10.00,on_bus,46.547922,15.648711
7305,G1,46.547955,15.648630,1768973204,73.61,20.00,on_bus,46.547922,15.648711
2100,G1,46.552496,15.650151,1768973204,93.42,5.00,waiting_at_station,46.547922,15.648711
2101,G1,46.552577,15.650078,1768973204,60.28,20.00,waiting_at_station,46.547922,15.648711
2102,G1,46.552789,15.650523,1768973204,68.74,20.00,waiting_at_station,46.547922,15.648711
2200,G1,46.540110,15.650098,1768973204,74.69,20.00,waiting_at_station,46.547922,15.648711
2201,G1,46.539955,15.650028,1768973204,74.15,20.00,waiting_at_station,46.547922,15.648711
2202,G1,46.540011,15.649954,1768973204,67.81,20.00,waiting_at_station,46.547922,15.648711
7300,G1,46.547847,15.648619,1768973204,70.15,20.00,on_bus,46.547874,15.648713
7301,G1,46.547832,15.648925,1768973204,61.20,20.00,on_bus,46.547874,15.648713
7302,G1,46.547776,15.648543,1768973204,58.31,35.00,on_bus,46.547874,15.648713
7303,G1,46.547966,15.648689,1768973204,80.46,10.00,on_bus,46.547874,15.648713
2100,G1,46.552763,15.650051,1768973204,78.25,10.00,waiting_at_station,46.547874,15.648713
2200,G1,46.540079,15.649778,1768973204,100.00,5.00,waiting_at_station,46.547874,15.648713
2201,G1,46.540144,15.649773,1768973204,75.04,10.00,waiting_at_station,46.547874,15.648713
2600,G1,46.539991,15.648174,1768973204,88.82,10.00,waiting_at_station,46.547874,15.648713
7300,G1,46.547819,15.648828,1768973206,74.73,20.00,on_bus,46.547827,15.648716
7301,G1,46.547965,15.648749,1768973206,44.00,50.00,on_bus,46.547827,15.648716
7302,G1,46.547808,15.648704,1768973206,90.18,5.00,on_bus,46.547827,15.648716
7303,G1,46.547800,15.648910,1768973206,78.97,10.00,on_bus,46.547827,15.648716
7304,G1,46.547817,15.648529,1768973206,57.86,35.00,on_bus,46.547827,15.648716
2200,G1,46.540149,15.649827,1768973206,75.47,10.00,waiting_at_station,46.547827,15.648716
2300,G1,46.532275,15.667346,1768973206,70.85,20.00,waiting_at_station,46.547827,15.648716
2301,G1,46.532405,15.666524,1768973206,65.25,20.00,waiting_at_station,46.547827,15.648716
2400,G1,46.527422,15.684295,1768973206,76.31,10.00,waiting_at_station,46.547827,15.648716
2401,G1,46.527922,15.684496,1768973206,77.33,10.00,waiting_at_station,46.547827,15.648716
2700,G1,46.554164,15.650254,1768973206,95.53,5.00,waiting_at_station,46.547827,15.648716
7300,G1,46.547782,15.648782,1768973206,89.84,10.00,on_bus,46.547779,15.648718
7301,G1,46.547696,15.648422,1768973206,73.12,20.00,on_bus,46.547779,15.648718
7302,G1,46.547666,15.648642,1768973206,100.00,5.00,on_bus,46.547779,15.648718
7303,G1,46.547841,15.648650,1768973206,64.85,20.00,on_bus,46.547779,15.648718
7304,G1,46.547725,15.648564,1768973206,75.28,10.00,on_bus,46.547779,15.648718
7305,G1,46.547800,15.648530,1768973206,74.65,20.00,on_bus,46.547779,15.648718
2000,G1,46.559508,15.656206,1768973206,80.46,10.00,waiting_at_station,46.547779,15.648718
2001,G1,46.559609,15.656075,1768973206,49.30,35.00,waiting_at_station,46.547779,15.648718
2002,G1,46.559183,15.655932,1768973206,89.77,10.00,waiting_at_station,46.547779,15.648718
2200,G1,46.540121,15.649828,1768973206,66.14,20.00,waiting_at_station,46.547779,15.648718
2400,G1,46.527292,15.684476,1768973206,61.85,20.00,waiting_at_station,46.547779,15.648718
2401,G1,46.527602,15.684613,1768973206,87.10,10.00,waiting_at_station,46.547779,15.648718
2600,G1,46.539611,15.648277,1768973206,100.00,5.00,waiting_at_station,46.547779,15.648718
7400,G1,46.547681,15.648794,1768973206,79.17,10.00,on_bus,46.547731,15.648721
7401,G1,46.547714,15.648723,1768973206,77.96,10.00,on_bus,46.547731,15.648721
7402,G1,46.547740,15.648718,1768973206,62.99,20.00,on_bus,46.547731,15.648721
7403,G1,46.547798,15.648706,1768973206,81.83,10.00,on_bus,46.547731,15.648721
7404,G1,46.547709,15.648727,1768973206,90.95,5.00,on_bus,46.547731,15.648721
2100,G1,46.552695,15.650336,1768973206,77.72,10.00,waiting_at_station,46.547731,15.648721
2101,G1,46.552843,15.650445,1768973206,74.90,20.00,waiting_at_station,46.547731,15.648721
2102,G1,46.552703,15.650333,1768973206,70.12,20.00,waiting_at_station,46.547731,15.648721
2600,G1,46.540172,15.648117,1768973206,56.99,35.00,waiting_at_station,46.547731,15.648721
2601,G1,46.540567,15.648019,1768973206,71.41,20.00,waiting_at_station,46.547731,15.648721
2602,G1,46.539765,15.647957,1768973206,55.98,35.00,waiting_at_station,46.547731,15.648721
2700,G1,46.554510,15.650866,1768973206,76.44,10.00,waiting_at_station,46.547731,15.648721
2701,G1,46.554238,15.650917,1768973206,99.62,5.00,waiting_at_station,46.547731,15.648721
7400,G1,46.547661,15.648775,1768973206,100.00,5.00,on_bus,46.547674,15.648706
7401,G1,46.547517,15.648616,1768973206,97.43,5.00,on_bus,46.547674,15.648706
7402,G1,46.547659,15.648754,1768973206,78.98,10.00,on_bus,46.547674,15.648706
7403,G1,46.547662,15.648666,1768973206,77.70,10.00,on_bus,46.547674,15.648706
7400,G1,46.547605,15.648676,1768973207,87.67,10.00,on_bus,46.547616,15.648691
7401,G1,46.547587,15.648756,1768973207,63.13,20.00,on_bus,46.547616,15.648691
7402,G1,46.547608,15.648738,1768973207,73.96,20.00,on_bus,46.547616,15.648691
7403,G1,46.547664,15.648687,1768973207,88.97,10.00,on_bus,46.547616,15.648691
2500,G1,46.531196,15.671026,1768973207,97.81,5.00,waiting_at_station,46.547616,15.648691
2501,G1,46.530771,15.670313,1768973207,83.95,10.00,waiting_at_station,46.547616,15.648691
2502,G1,46.530608,15.670340,1768973207,74.12,20.00,waiting_at_station,46.547616,15.648691
2700,G1,46.554407,15.650796,1768973207,41.65,50.00,waiting_at_station,46.547616,15.648691
7400,G1,46.547533,15.648688,1768973208,65.60,20.00,on_bus,46.547558,15.648676
7401,G1,46.547580,15.648785,1768973208,90.14,5.00,on_bus,46.547558,15.648676
7402,G1,46.547543,15.648483,1768973208,61.21,20.00,on_bus,46.547558,15.648676
7403,G1,46.547609,15.648503,1768973208,79.36,10.00,on_bus,46.547558,15.648676
7404,G1,46.547487,15.648643,1768973208,100.00,5.00,on_bus,46.547558,15.648676
7405,G1,46.547441,15.648279,1768973208,80.49,10.00,on_bus,46.547558,15.648676
2100,G1,46.552281,15.650088,1768973208,56.04,35.00,waiting_at_station,46.547558,15.648676
2101,G1,46.553187,15.650131,1768973208,67.84,20.00,waiting_at_station,46.547558,15.648676
2200,G1,46.540406,15.649880,1768973208,63.81,20.00,waiting_at_station,46.547558,15.648676
2201,G1,46.539942,15.650254,1768973208,43.91,50.00,waiting_at_station,46.547558,15.648676
2202,G1,46.540547,15.649108,1768973208,72.55,20.00,waiting_at_station,46.547558,15.648676
7500,G1,46.547519,15.648750,1768973207,96.76,5.00,on_bus,46.547501,15.648661
7501,G1,46.547387,15.648585,1768973207,81.22,10.00,on_bus,46.547501,15.648661
2400,G1,46.527311,15.684896,1768973207,100.00,5.00,waiting_at_station,46.547501,15.648661
2401,G1,46.527160,15.684262,1768973207,86.57,10.00,waiting_at_station,46.547501,15.648661
2600,G1,46.539605,15.649151,1768973207,60.05,20.00,waiting_at_station,46.547501,15.648661
2601,G1,46.539778,15.648227,1768973207,95.35,5.00,waiting_at_station,46.547501,15.648661
7500,G1,46.547441,15.648486,1768973208,92.97,5.00,on_bus,46.547435,15.648671
7501,G1,46.547409,15.648683,1768973208,75.44,10.00,on_bus,46.547435,15.648671
7502,G1,46.547379,15.648706,1768973208,90.67,5.00,on_bus,46.547435,15.648671
7503,G1,46.547415,15.648713,1768973208,100.00,5.00,on_bus,46.547435,15.648671
7504,G1,46.547431,15.648675,1768973208,86.73,10.00,on_bus,46.547435,15.648671
2000,G1,46.559927,15.655755,1768973208,69.10,20.00,waiting_at_station,46.547435,15.648671
2300,G1,46.532425,15.666981,1768973208,69.94,20.00,waiting_at_station,46.547435,15.648671
2301,G1,46.532383,15.666818,1768973208,82.84,10.00,waiting_at_station,46.547435,15.648671
2302,G1,46.532801,15.666809,1768973208,94.64,5.00,waiting_at_station,46.547435,15.648671
7500,G1,46.547301,15.648680,1768973209,82.93,10.00,on_bus,46.547370,15.648681
7501,G1,46.547379,15.648691,1768973209,86.07,10.00,on_bus,46.547370,15.648681
7502,G1,46.547368,15.648675,1768973209,88.14,10.00,on_bus,46.547370,15.648681
2000,G1,46.559494,15.655900,1768973209,99.38,5.00,waiting_at_station,46.547370,15.648681
2001,G1,46.559480,15.656222,1768973209,35.14,50.00,waiting_at_station,46.547370,15.648681
2002,G1,46.559405,15.656057,1768973209,70.46,20.00,waiting_at_station,46.547370,15.648681
2300,G1,46.532252,15.666749,1768973209,97.78,5.00,waiting_at_station,46.547370,15.648681
2301,G1,46.532290,15.667071,1768973209,75.50,10.00,waiting_at_station,46.547370,15.648681
2600,G1,46.540206,15.647830,1768973209,76.22,10.00,waiting_at_station,46.547370,15.648681
2601,G1,46.539952,15.647424,1768973209,86.05,10.00,waiting_at_station,46.547370,15.648681
7500,G1,46.547371,15.648706,1768973209,95.02,5.00,on_bus,46.547304,15.648691
7501,G1,46.547289,15.648739,1768973209,63.63,20.00,on_bus,46.547304,15.648691
2100,G1,46.552741,15.650243,1768973209,61.88,20.00,waiting_at_station,46.547304,15.648691
2101,G1,46.552753,15.649822,1768973209,82.77,10.00,waiting_at_station,46.547304,15.648691
2102,G1,46.552820,15.649979,1768973209,48.16,35.00,waiting_at_station,46.547304,15.648691
7500,G1,46.547136,15.648663,1768973211,89.15,10.00,on_bus,46.547239,15.648700
7501,G1,46.547352,15.648847,1768973211,98.72,5.00,on_bus,46.547239,15.648700
7502,G1,46.547296,15.648688,1768973211,88.05,10.00,on_bus,46.547239,15.648700
7503,G1,46.547163,15.648639,1768973211,83.11,10.00,on_bus,46.547239,15.648700
7504,G1,46.547170,15.648385,1768973211,69.05,20.00,on_bus,46.547239,15.648700
2200,G1,46.540031,15.649917,1768973211,72.53,20.00,waiting_at_station,46.547239,15.648700
2400,G1,46.527455,15.684516,1768973211,77.93,10.00,waiting_at_station,46.547239,15.648700
2700,G1,46.554391,15.650530,1768973211,58.93,35.00,waiting_at_station,46.547239,15.648700
2701,G1,46.554322,15.649992,1768973211,83.14,10.00,waiting_at_station,46.547239,15.648700
7500,G1,46.547202,15.648595,1768973212,65.51,20.00,on_bus,46.547173,15.648710
7501,G1,46.547094,15.648824,1768973212,74.09,20.00,on_bus,46.547173,15.648710
7502,G1,46.547165,15.648658,1768973212,79.53,10.00,on_bus,46.547173,15.648710
2400,G1,46.527391,15.684112,1768973212,49.93,35.00,waiting_at_station,46.547173,15.648710
7600,G1,46.547107,15.648728,1768973210,78.92,10.00,on_bus,46.547108,15.648720
7601,G1,46.547069,15.648692,1768973210,65.99,20.00,on_bus,46.547108,15.648720
2200,G1,46.540187,15.649641,1768973210,46.49,35.00,waiting_at_station,46.547108,15.648720
2201,G1,46.540270,15.649708,1768973210,67.82,20.00,waiting_at_station,46.547108,15.648720
2202,G1,46.540038,15.649519,1768973210,62.36,20.00,waiting_at_station,46.547108,15.648720
2300,G1,46.532434,15.666908,1768973210,93.05,5.00,waiting_at_station,46.547108,15.648720
2301,G1,46.532815,15.666650,1768973210,66.41,20.00,waiting_at_station,46.547108,15.648720
2302,G1,46.532601,15.667092,1768973210,100.00,5.00,waiting_at_station,46.547108,15.648720
2400,G1,46.527320,15.684855,1768973210,76.16,10.00,waiting_at_station,46.547108,15.648720
2700,G1,46.554343,15.650572,1768973210,77.04,10.00,waiting_at_station,46.547108,15.648720
2701,G1,46.554292,15.650505,1768973210,100.00,5.00,waiting_at_station,46.547108,15.648720
7600,G1,46.547117,15.648799,1768973210,100.00,5.00,on_bus,46.547040,15.648724
7601,G1,46.547091,15.648653,1768973210,77.55,10.00,on_bus,46.547040,15.648724
7602,G1,46.547037,15.648679,1768973210,80.83,10.00,on_bus,46.547040,15.648724
7603,G1,46.547028,15.648735,1768973210,88.21,10.00,on_bus,46.547040,15.648724
7604,G1,46.547100,15.648775,1768973210,81.12,10.00,on_bus,46.547040,15.648724
7605,G1,46.547030,15.648726,1768973210,61.75,20.00,on_bus,46.547040,15.648724
2200,G1,46.539609,15.649465,1768973210,100.00,5.00,waiting_at_station,46.547040,15.648724
2201,G1,46.540041,15.649442,1768973210,72.71,20.00,waiting_at_station,46.547040,15.648724
2300,G1,46.532220,15.666586,1768973210,66.24,20.00,waiting_at_station,46.547040,15.648724
7600,G1,46.546948,15.648716,1768973212,74.99,20.00,on_bus,46.546973,15.648728
7601,G1,46.546954,15.648790,1768973212,78.10,10.00,on_bus,46.546973,15.648728
7602,G1,46.546924,15.648625,1768973212,68.80,20.00,on_bus,46.546973,15.648728
2300,G1,46.532365,15.666755,1768973212,66.99,20.00,waiting_at_station,46.546973,15.648728
2301,G1,46.532701,15.667027,1768973212,100.00,5.00,waiting_at_station,46.546973,15.648728
2600,G1,46.539634,15.648085,1768973212,73.06,20.00,waiting_at_station,46.546973,15.648728
7600,G1,46.546852,15.648834,1768973213,81.49,10.00,on_bus,46.546905,15.648731
7601,G1,46.546810,15.648552,1768973213,93.20,5.00,on_bus,46.546905,15.648731
7602,G1,46.546781,15.648881,1768973213,55.07,35.00,on_bus,46.546905,15.648731
7603,G1,46.546985,15.648585,1768973213,68.32,20.00,on_bus,46.546905,15.648731
7604,G1,46.546867,15.648738,1768973213,55.76,35.00,on_bus,46.546905,15.648731
7605,G1,46.546930,15.648668,1768973213,73.48,20.00,on_bus,46.546905,15.648731
2200,G1,46.540133,15.649850,1768973213,79.67,10.00,waiting_at_station,46.546905,15.648731
2201,G1,46.539871,15.649243,1768973213,83.11,10.00,waiting_at_station,46.546905,15.648731
2300,G1,46.532818,15.665890,1768973213,57.52,35.00,waiting_at_station,46.546905,15.648731
2301,G1,46.532432,15.666835,1768973213,75.80,10.00,waiting_at_station,46.546905,15.648731
2302,G1,46.532807,15.666019,1768973213,76.17,10.00,waiting_at_station,46.546905,15.648731
2600,G1,46.540070,15.648032,1768973213,84.90,10.00,waiting_at_station,46.546905,15.648731
2700,G1,46.553999,15.650760,1768973213,65.16,20.00,waiting_at_station,46.546905,15.648731
7600,G1,46.546777,15.648857,1768973213,52.73,35.00,on_bus,46.546838,15.648735
7601,G1,46.546803,15.648760,1768973213,77.43,10.00,on_bus,46.546838,15.648735
7602,G1,46.546816,15.648739,1768973213,55.62,35.00,on_bus,46.546838,15.648735
7603,G1,46.546755,15.648731,1768973213,82.83,10.00,on_bus,46.546838,15.648735
7604,G1,46.546817,15.648816,1768973213,71.38,20.00,on_bus,46.546838,15.648735
7605,G1,46.546708,15.648714,1768973213,100.00,5.00,on_bus,46.546838,15.648735
2300,G1,46.532471,15.666822,1768973213,73.84,20.00,waiting_at_station,46.546838,15.648735
2301,G1,46.532216,15.666672,1768973213,73.73,20.00,waiting_at_station,46.546838,15.648735
2600,G1,46.539689,15.647777,1768973213,89.92,10.00,waiting_at_station,46.546838,15.648735
2601,G1,46.539578,15.648451,1768973213,75.54,10.00,waiting_at_station,46.546838,15.648735
2602,G1,46.540146,15.648335,1768973213,65.05,20.00,waiting_at_station,46.546838,15.648735
7700,G1,46.546814,15.648728,1768973212,82.08,10.00,on_bus,46.546770,15.648739
7701,G1,46.546698,15.648607,1768973212,87.46,10.00,on_bus,46.546770,15.648739
7702,G1,46.546838,15.648873,1768973212,70.75,20.00,on_bus,46.546770,15.648739
7703,G1,46.546709,15.648783,1768973212,59.16,35.00,on_bus,46.546770,15.648739
2200,G1,46.540465,15.649823,1768973212,87.80,10.00,waiting_at_station,46.546770,15.648739
2201,G1,46.540417,15.650144,1768973212,100.00,5.00,waiting_at_station,46.546770,15.648739
2300,G1,46.532554,15.666781,1768973212,81.12,10.00,waiting_at_station,46.546770,15.648739
2301,G1,46.532703,15.667225,1768973212,87.50,10.00,waiting_at_station,46.546770,15.648739
2302,G1,46.532557,15.666869,1768973212,72.05,20.00,waiting_at_station,46.546770,15.648739
2400,G1,46.527336,15.684832,1768973212,65.60,20.00,waiting_at_station,46.546770,15.648739
2401,G1,46.527499,15.684112,1768973212,57.74,35.00,waiting_at_station,46.546770,15.648739
2402,G1,46.527255,15.683953,1768973212,49.68,35.00,waiting_at_station,46.546770,15.648739
7700,G1,46.546604,15.648588,1768973213,95.21,5.00,on_bus,46.546685,15.648748
7701,G1,46.546680,15.648557,1768973213,74.56,20.00,on_bus,46.546685,15.648748
7702,G1,46.546671,15.648773,1768973213,75.74,10.00,on_bus,46.546685,15.648748
7703,G1,46.546612,15.648632,1768973213,78.47,10.00,on_bus,46.546685,15.648748
2100,G1,46.552928,15.650501,1768973213,43.13,50.00,waiting_at_station,46.546685,15.648748
2200,G1,46.540051,15.649665,1768973213,88.37,10.00,waiting_at_station,46.546685,15.648748
2700,G1,46.554691,15.650786,1768973213,70.46,20.00,waiting_at_station,46.546685,15.648748
2701,G1,46.554522,15.650221,1768973213,55.48,35.00,waiting_at_station,46.546685,15.648748
7700,G1,46.546561,15.648745,1768973214,86.99,10.00,on_bus,46.546600,15.648757
7701,G1,46.546742,15.648628,1768973214,100.00,5.00,on_bus,46.546600,15.648757
7702,G1,46.546611,15.648662,1768973214,73.92,20.00,on_bus,46.546600,15.648757
2200,G1,46.539941,15.649672,1768973214,88.06,10.00,waiting_at_station,46.546600,15.648757
2201,G1,46.539938,15.649443,1768973214,94.98,5.00,waiting_at_station,46.546600,15.648757
7700,G1,46.546465,15.648647,1768973216,49.20,35.00,on_bus,46.546515,15.648765
7701,G1,46.546491,15.648707,1768973216,86.74,10.00,on_bus,46.546515,15.648765
7702,G1,46.546473,15.648793,1768973216,74.16,20.00,on_bus,46.546515,15.648765
7703,G1,46.546583,15.648791,1768973216,85.71,10.00,on_bus,46.546515,15.648765
2200,G1,46.540463,15.649515,1768973216,76.64,10.00,waiting_at_station,46.546515,15.648765
2700,G1,46.554622,15.650334,1768973216,65.98,20.00,waiting_at_station,46.546515,15.648765
2701,G1,46.554226,15.650784,1768973216,83.89,10.00,waiting_at_station,46.546515,15.648765
2800,G1,46.558634,15.655731,1768973216,58.09,35.00,waiting_at_station,46.546515,15.648765
7800,G1,46.546387,15.648699,1768973215,91.31,5.00,on_bus,46.546430,15.648774
7801,G1,46.546412,15.648660,1768973215,91.31,5.00,on_bus,46.546430,15.648774
2200,G1,46.539742,15.649923,1768973215,73.97,20.00,waiting_at_station,46.546430,15.648774
2201,G1,46.540129,15.649553,1768973215,71.49,20.00,waiting_at_station,46.546430,15.648774
2202,G1,46.540057,15.649906,1768973215,67.00,20.00,waiting_at_station,46.546430,15.648774
2400,G1,46.527352,15.684654,1768973215,74.73,20.00,waiting_at_station,46.546430,15.648774
2401,G1,46.527259,15.684621,1768973215,66.86,20.00,waiting_at_station,46.546430,15.648774
2500,G1,46.531135,15.669732,1768973215,93.27,5.00,waiting_at_station,46.546430,15.648774
2501,G1,46.531081,15.669983,1768973215,54.61,35.00,waiting_at_station,46.546430,15.648774
2502,G1,46.530623,15.670133,1768973215,65.42,20.00,waiting_at_station,46.546430,15.648774
2700,G1,46.554266,15.650478,1768973215,45.61,35.00,waiting_at_station,46.546430,15.648774
2701,G1,46.554615,15.650618,1768973215,82.88,10.00,waiting_at_station,46.546430,15.648774
2702,G1,46.553905,15.650432,1768973215,97.96,5.00,waiting_at_station,46.546430,15.648774
7800,G1,46.546285,15.648729,1768973215,61.16,20.00,on_bus,46.546335,15.648796
7801,G1,46.546343,15.648800,1768973215,62.02,20.00,on_bus,46.546335,15.648796
7802,G1,46.546351,15.648691,1768973215,66.09,20.00,on_bus,46.546335,15.648796
7803,G1,46.546390,15.648895,1768973215,85.26,10.00,on_bus,46.546335,15.648796
2100,G1,46.552826,15.650146,1768973215,57.85,35.00,waiting_at_station,46.546335,15.648796
2101,G1,46.552363,15.650118,1768973215,59.67,35.00,waiting_at_station,46.546335,15.648796
2600,G1,46.539589,15.647895,1768973215,80.62,10.00,waiting_at_station,46.546335,15.648796
2601,G1,46.539942,15.647823,1768973215,54.67,35.00,waiting_at_station,46.546335,15.648796
2602,G1,46.539528,15.647796,1768973215,75.69,10.00,waiting_at_station,46.546335,15.648796
2700,G1,46.554310,15.650619,1768973215,68.03,20.00,waiting_at_station,46.546335,15.648796
2701,G1,46.554274,15.650566,1768973215,89.03,10.00,waiting_at_station,46.546335,15.648796
7800,G1,46.546245,15.648725,1768973217,72.39,20.00,on_bus,46.546240,15.648817
7801,G1,46.546252,15.648775,1768973217,65.59,20.00,on_bus,46.546240,15.648817
7802,G1,46.546341,15.648684,1768973217,90.77,5.00,on_bus,46.546240,15.648817
7803,G1,46.546249,15.648797,1768973217,100.00,5.00,on_bus,46.546240,15.648817
7800,G1,46.545925,15.648618,1768973218,54.34,35.00,on_bus,46.546145,15.648839
7801,G1,46.546151,15.648763,1768973218,99.45,5.00,on_bus,46.546145,15.648839
7802,G1,46.545995,15.648870,1768973218,68.44,20.00,on_bus,46.546145,15.648839
7803,G1,46.546216,15.648897,1768973218,81.07,10.00,on_bus,46.546145,15.648839
7804,G1,46.546116,15.648774,1768973218,55.97,35.00,on_bus,46.546145,15.648839
7805,G1,46.546266,15.648636,1768973218,53.59,35.00,on_bus,46.546145,15.648839
2300,G1,46.532597,15.666779,1768973218,95.16,5.00,waiting_at_station,46.546145,15.648839
2301,G1,46.532570,15.666651,1768973218,87.35,10.00,waiting_at_station,46.546145,15.648839
2500,G1,46.530817,15.670118,1768973218,70.10,20.00,waiting_at_station,46.546145,15.648839
2501,G1,46.530863,15.670401,1768973218,62.04,20.00,waiting_at_station,46.546145,15.648839
2502,G1,46.530454,15.669761,1768973218,62.59,20.00,waiting_at_station,46.546145,15.648839
7900,G1,46.546057,15.648786,1768973218,80.94,10.00,on_bus,46.546050,15.648861
7901,G1,46.545981,15.648627,1768973218,56.46,35.00,on_bus,46.546050,15.648861
7902,G1,46.546073,15.648876,1768973218,64.72,20.00,on_bus,46.546050,15.648861
2100,G1,46.552697,15.650272,1768973218,52.83,35.00,waiting_at_station,46.546050,15.648861
2101,G1,46.552612,15.650087,1768973218,79.45,10.00,waiting_at_station,46.546050,15.648861
2200,G1,46.540214,15.649396,1768973218,58.82,35.00,waiting_at_station,46.546050,15.648861
2201,G1,46.540005,15.649885,1768973218,68.23,20.00,waiting_at_station,46.546050,15.648861
2202,G1,46.539971,15.649381,1768973218,71.51,20.00,waiting_at_station,46.546050,15.648861
2400,G1,46.527303,15.684450,1768973218,82.03,10.00,waiting_at_station,46.546050,15.648861
2700,G1,46.554535,15.650356,1768973218,100.00,5.00,waiting_at_station,46.546050,15.648861
7900,G1,46.545875,15.648889,1768973219,73.94,20.00,on_bus,46.545922,15.648861
7901,G1,46.545910,15.648812,1768973219,71.99,20.00,on_bus,46.545922,15.648861
7902,G1,46.546015,15.648778,1768973219,92.57,5.00,on_bus,46.545922,15.648861
7903,G1,46.545934,15.648837,1768973219,79.97,10.00,on_bus,46.545922,15.648861
7904,G1,46.545994,15.648794,1768973219,85.60,10.00,on_bus,46.545922,15.648861
7905,G1,46.545964,15.648877,1768973219,86.38,10.00,on_bus,46.545922,15.648861
2200,G1,46.540266,15.649578,1768973219,76.37,10.00,waiting_at_station,46.545922,15.648861
2700,G1,46.554416,15.650311,1768973219,76.80,10.00,waiting_at_station,46.545922,15.648861
2701,G1,46.554128,15.650835,1768973219,85.32,10.00,waiting_at_station,46.545922,15.648861
7900,G1,46.545626,15.648884,1768973221,100.00,5.00,on_bus,46.545794,15.648861
7901,G1,46.545827,15.648934,1768973221,64.96,20.00,on_bus,46.545794,15.648861
7902,G1,46.545803,15.648896,1768973221,89.92,10.00,on_bus,46.545794,15.648861
7903,G1,46.545773,15.648888,1768973221,66.30,20.00,on_bus,46.545794,15.648861
7904,G1,46.545796,15.648788,1768973221,82.48,10.00,on_bus,46.545794,15.648861
7905,G1,46.545806,15.648850,1768973221,89.65,10.00,on_bus,46.545794,15.648861
2100,G1,46.552623,15.650187,1768973221,62.11,20.00,waiting_at_station,46.545794,15.648861
2101,G1,46.552641,15.650142,1768973221,57.35,35.00,waiting_at_station,46.545794,15.648861
2200,G1,46.540156,15.648876,1768973221,74.05,20.00,waiting_at_station,46.545794,15.648861
2201,G1,46.540128,15.650016,1768973221,91.59,5.00,waiting_at_station,46.545794,15.648861
8000,G1,46.545834,15.649002,1768973220,74.27,20.00,on_bus,46.545666,15.648861
8001,G1,46.545608,15.648982,1768973220,60.22,20.00,on_bus,46.545666,15.648861
8002,G1,46.545834,15.648752,1768973220,88.20,10.00,on_bus,46.545666,15.648861
2100,G1,46.552623,15.649895,1768973220,72.36,20.00,waiting_at_station,46.545666,15.648861
2200,G1,46.540108,15.649486,1768973220,81.69,10.00,waiting_at_station,46.545666,15.648861
2201,G1,46.540761,15.649349,1768973220,72.98,20.00,waiting_at_station,46.545666,15.648861
2400,G1,46.527417,15.684340,1768973220,72.68,20.00,waiting_at_station,46.545666,15.648861
2700,G1,46.554372,15.650018,1768973220,76.97,10.00,waiting_at_station,46.545666,15.648861
8000,G1,46.545571,15.648943,1768973221,66.96,20.00,on_bus,46.545590,15.648863
8001,G1,46.545549,15.648820,1768973221,49.56,35.00,on_bus,46.545590,15.648863
8002,G1,46.545490,15.648949,1768973221,83.80,10.00,on_bus,46.545590,15.648863
2000,G1,46.559586,15.656176,1768973221,84.89,10.00,waiting_at_station,46.545590,15.648863
2100,G1,46.552808,15.650381,1768973221,66.18,20.00,waiting_at_station,46.545590,15.648863
2101,G1,46.552563,15.650288,1768973221,73.45,20.00,waiting_at_station,46.545590,15.648863
2102,G1,46.552627,15.650123,1768973221,82.80,10.00,waiting_at_station,46.545590,15.648863
2300,G1,46.532492,15.666898,1768973221,100.00,5.00,waiting_at_station,46.545590,15.648863
2301,G1,46.532649,15.666947,1768973221,66.20,20.00,waiting_at_station,46.545590,15.648863
2302,G1,46.532375,15.666529,1768973221,70.03,20.00,waiting_at_station,46.545590,15.648863
2600,G1,46.539784,15.648281,1768973221,88.31,10.00,waiting_at_station,46.545590,15.648863
2601,G1,46.539771,15.647601,1768973221,81.08,10.00,waiting_at_station,46.545590,15.648863
2800,G1,46.558627,15.655852,1768973221,81.27,10.00,waiting_at_station,46.545590,15.648863
2801,G1,46.558744,15.655668,1768973221,53.34,35.00,waiting_at_station,46.545590,15.648863
8000,G1,46.545506,15.648868,1768973222,68.85,20.00,on_bus,46.545515,15.648866
8001,G1,46.545548,15.648875,1768973222,90.62,5.00,on_bus,46.545515,15.648866
8002,G1,46.545475,15.648916,1768973222,86.60,10.00,on_bus,46.545515,15.648866
8003,G1,46.545507,15.648883,1768973222,57.53,35.00,on_bus,46.545515,15.648866
8004,G1,46.545569,15.648773,1768973222,75.95,10.00,on_bus,46.545515,15.648866
8005,G1,46.545461,15.648661,1768973222,76.89,10.00,on_bus,46.545515,15.648866
2000,G1,46.559521,15.656060,1768973222,76.73,10.00,waiting_at_station,46.545515,15.648866
2001,G1,46.559354,15.656400,1768973222,97.77,5.00,waiting_at_station,46.545515,15.648866
2002,G1,46.559848,15.656397,1768973222,89.50,10.00,waiting_at_station,46.545515,15.648866
2100,G1,46.552340,15.650545,1768973222,66.23,20.00,waiting_at_station,46.545515,15.648866
2101,G1,46.552884,15.650027,1768973222,80.60,10.00,waiting_at_station,46.545515,15.648866
2200,G1,46.540089,15.649214,1768973222,54.45,35.00,waiting_at_station,46.545515,15.648866
2201,G1,46.539663,15.650013,1768973222,77.33,10.00,waiting_at_station,46.545515,15.648866
2202,G1,46.539907,15.649478,1768973222,45.93,35.00,waiting_at_station,46.545515,15.648866
2400,G1,46.527423,15.684329,1768973222,57.49,35.00,waiting_at_station,46.545515,15.648866
2700,G1,46.554274,15.650555,1768973222,100.00,5.00,waiting_at_station,46.545515,15.648866
8000,G1,46.545484,15.648937,1768973223,43.19,50.00,on_bus,46.545439,15.648868
8001,G1,46.545387,15.648770,1768973223,76.04,10.00,on_bus,46.545439,15.648868
8002,G1,46.545473,15.648774,1768973223,63.29,20.00,on_bus,46.545439,15.648868
8003,G1,46.545472,15.648841,1768973223,81.83,10.00,on_bus,46.545439,15.648868
8004,G1,46.545374,15.648870,1768973223,83.16,10.00,on_bus,46.545439,15.648868
8005,G1,46.545327,15.648885,1768973223,78.31,10.00,on_bus,46.545439,15.648868
2500,G1,46.530833,15.670154,1768973223,66.31,20.00,waiting_at_station,46.545439,15.648868
2501,G1,46.530542,15.670504,1768973223,55.37,35.00,waiting_at_station,46.545439,15.648868
2600,G1,46.539682,15.648361,1768973223,77.02,10.00,waiting_at_station,46.545439,15.648868
2601,G1,46.539668,15.648362,1768973223,65.98,20.00,waiting_at_station,46.545439,15.648868
2602,G1,46.539818,15.648128,1768973223,71.01,20.00,waiting_at_station,46.545439,15.648868
2800,G1,46.558642,15.655890,1768973223,80.68,10.00,waiting_at_station,46.545439,15.648868
2801,G1,46.558419,15.655902,1768973223,100.00,5.00,waiting_at_station,46.545439,15.648868
8000,G1,46.545438,15.648784,1768973225,92.21,5.00,on_bus,46.545364,15.648870
8001,G1,46.545324,15.649005,1768973225,71.47,20.00,on_bus,46.545364,15.648870
8002,G1,46.545474,15.648825,1768973225,57.47,35.00,on_bus,46.545364,15.648870
8003,G1,46.545334,15.648905,1768973225,90.61,5.00,on_bus,46.545364,15.648870
8004,G1,46.545386,15.648953,1768973225,93.66,5.00,on_bus,46.545364,15.648870
8005,G1,46.545435,15.648978,1768973225,100.00,5.00,on_bus,46.545364,15.648870
2100,G1,46.552865,15.650621,1768973225,68.19,20.00,waiting_at_station,46.545364,15.648870
2101,G1,46.552588,15.650583,1768973225,100.00,5.00,waiting_at_station,46.545364,15.648870
2200,G1,46.540383,15.649866,1768973225,69.30,20.00,waiting_at_station,46.545364,15.648870
2600,G1,46.539979,15.648192,1768973225,91.71,5.00,waiting_at_station,46.545364,15.648870
2601,G1,46.539973,15.648100,1768973225,82.48,10.00,waiting_at_station,46.545364,15.648870
8100,G1,46.545315,15.648918,1768973223,70.88,20.00,on_bus,46.545288,15.648872
8101,G1,46.545279,15.648865,1768973223,98.99,5.00,on_bus,46.545288,15.648872
8102,G1,46.545267,15.648661,1768973223,62.41,20.00,on_bus,46.545288,15.648872
8103,G1,46.545266,15.649032,1768973223,73.41,20.00,on_bus,46.545288,15.648872
8104,G1,46.545285,15.648895,1768973223,56.01,35.00,on_bus,46.545288,15.648872
8105,G1,46.545331,15.648834,1768973223,93.67,5.00,on_bus,46.545288,15.648872
2500,G1,46.530830,15.670213,1768973223,84.66,10.00,waiting_at_station,46.545288,15.648872
2501,G1,46.530818,15.670831,1768973223,91.61,5.00,waiting_at_station,46.545288,15.648872
2700,G1,46.554330,15.650806,1768973223,87.09,10.00,waiting_at_station,46.545288,15.648872
8100,G1,46.545335,15.648641,1768973223,85.90,10.00,on_bus,46.545239,15.648873
8101,G1,46.545264,15.648733,1768973223,49.61,35.00,on_bus,46.545239,15.648873
2000,G1,46.559640,15.656972,1768973223,91.18,5.00,waiting_at_station,46.545239,15.648873
2001,G1,46.559526,15.655923,1768973223,64.31,20.00,waiting_at_station,46.545239,15.648873
2002,G1,46.559827,15.655866,1768973223,72.86,20.00,waiting_at_station,46.545239,15.648873
2400,G1,46.527602,15.683832,1768973223,55.06,35.00,waiting_at_station,46.545239,15.648873
2401,G1,46.527481,15.684286,1768973223,79.40,10.00,waiting_at_station,46.545239,15.648873
2402,G1,46.527398,15.684628,1768973223,79.35,10.00,waiting_at_station,46.545239,15.648873
2700,G1,46.554400,15.650670,1768973223,86.47,10.00,waiting_at_station,46.545239,15.648873
8100,G1,46.545138,15.648814,1768973223,77.46,10.00,on_bus,46.545190,15.648874
8101,G1,46.545083,15.648815,1768973223,91.10,5.00,on_bus,46.545190,15.648874
2000,G1,46.559525,15.656094,1768973223,100.00,5.00,waiting_at_station,46.545190,15.648874
2001,G1,46.559657,15.655575,1768973223,81.87,10.00,waiting_at_station,46.545190,15.648874
2200,G1,46.540204,15.649594,1768973223,69.19,20.00,waiting_at_station,46.545190,15.648874
2300,G1,46.532382,15.666213,1768973223,65.31,20.00,waiting_at_station,46.545190,15.648874
2400,G1,46.527407,15.684444,1768973223,82.78,10.00,waiting_at_station,46.545190,15.648874
2401,G1,46.527398,15.684580,1768973223,73.34,20.00,waiting_at_station,46.545190,15.648874
2402,G1,46.527481,15.684327,1768973223,62.78,20.00,waiting_at_station,46.545190,15.648874
2500,G1,46.531034,15.670212,1768973223,81.34,10.00,waiting_at_station,46.545190,15.648874
2501,G1,46.530759,15.669995,1768973223,37.67,50.00,waiting_at_station,46.545190,15.648874
2502,G1,46.530909,15.669857,1768973223,60.81,20.00,waiting_at_station,46.545190,15.648874
8100,G1,46.545145,15.648903,1768973225,84.78,10.00,on_bus,46.545141,15.648875
8101,G1,46.545126,15.648895,1768973225,88.99,10.00,on_bus,46.545141,15.648875
8102,G1,46.545231,15.648743,1768973225,82.48,10.00,on_bus,46.545141,15.648875
8103,G1,46.545100,15.648872,1768973225,69.12,20.00,on_bus,46.545141,15.648875
2400,G1,46.527407,15.684826,1768973225,69.63,20.00,waiting_at_station,46.545141,15.648875
2401,G1,46.527177,15.684322,1768973225,64.53,20.00,waiting_at_station,46.545141,15.648875
2402,G1,46.527051,15.684594,1768973225,72.50,20.00,waiting_at_station,46.545141,15.648875
2500,G1,46.530788,15.670268,1768973225,46.64,35.00,waiting_at_station,46.545141,15.648875
2501,G1,46.530837,15.669978,1768973225,59.81,35.00,waiting_at_station,46.545141,15.648875
2502,G1,46.530774,15.670180,1768973225,96.20,5.00,waiting_at_station,46.545141,15.648875
2700,G1,46.554267,15.650663,1768973225,69.17,20.00,waiting_at_station,46.545141,15.648875
8100,G1,46.545082,15.648939,1768973225,89.37,10.00,on_bus,46.545092,15.648876
8101,G1,46.545099,15.648864,1768973225,100.00,5.00,on_bus,46.545092,15.648876
8102,G1,46.544974,15.649032,1768973225,72.70,20.00,on_bus,46.545092,15.648876
8103,G1,46.545071,15.648944,1768973225,87.88,10.00,on_bus,46.545092,15.648876
8104,G1,46.545067,15.648834,1768973225,60.85,20.00,on_bus,46.545092,15.648876
2100,G1,46.552274,15.650421,1768973225,70.14,20.00,waiting_at_station,46.545092,15.648876
2101,G1,46.552764,15.650085,1768973225,92.81,5.00,waiting_at_station,46.545092,15.648876
2200,G1,46.540207,15.649519,1768973225,77.55,10.00,waiting_at_station,46.545092,15.648876
2201,G1,46.540276,15.649422,1768973225,71.18,20.00,waiting_at_station,46.545092,15.648876
2202,G1,46.540436,15.650051,1768973225,60.17,20.00,waiting_at_station,46.545092,15.648876
2300,G1,46.532332,15.667351,1768973225,85.94,10.00,waiting_at_station,46.545092,15.648876
2400,G1,46.527300,15.684487,1768973225,65.77,20.00,waiting_at_station,46.545092,15.648876
2401,G1,46.527642,15.684506,1768973225,77.25,10.00,waiting_at_station,46.545092,15.648876
8100,G1,46.544957,15.648853,1768973226,74.00,20.00,on_bus,46.545043,15.648877
8101,G1,46.545021,15.648828,1768973226,86.44,10.00,on_bus,46.545043,15.648877
8102,G1,46.545079,15.648776,1768973226,94.93,5.00,on_bus,46.545043,15.648877
8103,G1,46.544940,15.648891,1768973226,88.63,10.00,on_bus,46.545043,15.648877
8104,G1,46.545035,15.648878,1768973226,71.00,20.00,on_bus,46.545043,15.648877
2300,G1,46.532425,15.666706,1768973226,61.23,20.00,waiting_at_station,46.545043,15.648877
2700,G1,46.554358,15.650957,1768973226,72.97,20.00,waiting_at_station,46.545043,15.648877
2701,G1,46.554384,15.650731,1768973226,81.95,10.00,waiting_at_station,46.545043,15.648877
8200,G1,46.545000,15.648860,1768973225,74.74,20.00,on_bus,46.544994,15.648878
8201,G1,46.544973,15.648871,1768973225,82.47,10.00,on_bus,46.544994,15.648878
8202,G1,46.545067,15.648907,1768973225,100.00,5.00,on_bus,46.544994,15.648878
8203,G1,46.545107,15.648975,1768973225,62.46,20.00,on_bus,46.544994,15.648878
8204,G1,46.544974,15.648895,1768973225,62.07,20.00,on_bus,46.544994,15.648878
2000,G1,46.559461,15.655918,1768973225,57.29,35.00,waiting_at_station,46.544994,15.648878
2001,G1,46.560142,15.656047,1768973225,52.03,35.00,waiting_at_station,46.544994,15.648878
2100,G1,46.552649,15.649951,1768973225,100.00,5.00,waiting_at_station,46.544994,15.648878
2101,G1,46.553008,15.650534,1768973225,71.46,20.00,waiting_at_station,46.544994,15.648878
2600,G1,46.539794,15.648022,1768973225,84.66,10.00,waiting_at_station,46.544994,15.648878
2601,G1,46.540081,15.648156,1768973225,58.13,35.00,waiting_at_station,46.544994,15.648878
2700,G1,46.554609,15.650480,1768973225,78.62,10.00,waiting_at_station,46.544994,15.648878
2701,G1,46.554525,15.650547,1768973225,62.69,20.00,waiting_at_station,46.544994,15.648878
8200,G1,46.544909,15.648854,1768973225,92.00,5.00,on_bus,46.544910,15.648882
8201,G1,46.544689,15.649086,1768973225,75.58,10.00,on_bus,46.544910,15.648882
8202,G1,46.544823,15.648670,1768973225,80.49,10.00,on_bus,46.544910,15.648882
8203,G1,46.544914,15.648862,1768973225,75.70,10.00,on_bus,46.544910,15.648882
8204,G1,46.544970,15.649044,1768973225,98.71,5.00,on_bus,46.544910,15.648882
8205,G1,46.544835,15.648792,1768973225,81.69,10.00,on_bus,46.544910,15.648882
2000,G1,46.559665,15.655800,1768973225,78.60,10.00,waiting_at_station,46.544910,15.648882
2001,G1,46.559408,15.656546,1768973225,87.03,10.00,waiting_at_station,46.544910,15.648882
8200,G1,46.544837,15.648911,1768973227,75.43,10.00,on_bus,46.544825,15.648887
8201,G1,46.544811,15.648854,1768973227,78.50,10.00,on_bus,46.544825,15.648887
8202,G1,46.544840,15.648916,1768973227,100.00,5.00,on_bus,46.544825,15.648887
8300,G1,46.544708,15.648908,1768973227,82.28,10.00,on_bus,46.544741,15.648891
8301,G1,46.544717,15.649058,1768973227,87.67,10.00,on_bus,46.544741,15.648891
8302,G1,46.544704,15.649001,1768973227,67.33,20.00,on_bus,46.544741,15.648891
2400,G1,46.527389,15.684583,1768973227,61.13,20.00,waiting_at_station,46.544741,15.648891
2800,G1,46.558609,15.655741,1768973227,97.92,5.00,waiting_at_station,46.544741,15.648891
2801,G1,46.558243,15.655924,1768973227,78.51,10.00,waiting_at_station,46.544741,15.648891
8300,G1,46.544640,15.648859,1768973227,68.77,20.00,on_bus,46.544692,15.648855
8301,G1,46.544834,15.648707,1768973227,45.03,35.00,on_bus,46.544692,15.648855
2600,G1,46.540007,15.648123,1768973227,56.12,35.00,waiting_at_station,46.544692,15.648855
8300,G1,46.544551,15.648813,1768973228,62.32,20.00,on_bus,46.544643,15.648818
8301,G1,46.544596,15.648731,1768973228,74.89,20.00,on_bus,46.544643,15.648818
8302,G1,46.544657,15.648904,1768973228,56.40,35.00,on_bus,46.544643,15.648818
8303,G1,46.544526,15.648816,1768973228,89.38,10.00,on_bus,46.544643,15.648818
8304,G1,46.544770,15.648855,1768973228,89.02,10.00,on_bus,46.544643,15.648818
2500,G1,46.530646,15.671062,1768973228,40.55,50.00,waiting_at_station,46.544643,15.648818
2501,G1,46.530660,15.670338,1768973228,48.67,35.00,waiting_at_station,46.544643,15.648818
2502,G1,46.530863,15.669839,1768973228,77.62,10.00,waiting_at_station,46.544643,15.648818
2600,G1,46.539753,15.648303,1768973228,88.50,10.00,waiting_at_station,46.544643,15.648818
2601,G1,46.539941,15.647927,1768973228,78.80,10.00,waiting_at_station,46.544643,15.648818
2602,G1,46.539864,15.648295,1768973228,70.43,20.00,waiting_at_station,46.544643,15.648818
8400,G1,46.544620,15.648695,1768973228,90.09,5.00,on_bus,46.544594,15.648782
8401,G1,46.544575,15.648758,1768973228,64.21,20.00,on_bus,46.544594,15.648782
8402,G1,46.544477,15.648798,1768973228,85.95,10.00,on_bus,46.544594,15.648782
8403,G1,46.544611,15.648847,1768973228,74.32,20.00,on_bus,46.544594,15.648782
8404,G1,46.544653,15.648748,1768973228,93.05,5.00,on_bus,46.544594,15.648782
8405,G1,46.544653,15.648784,1768973228,81.70,10.00,on_bus,46.544594,15.648782
2000,G1,46.559761,15.656623,1768973228,61.24,20.00,waiting_at_station,46.544594,15.648782
2001,G1,46.559407,15.656228,1768973228,97.57,5.00,waiting_at_station,46.544594,15.648782
2002,G1,46.559773,15.655646,1768973228,79.08,10.00,waiting_at_station,46.544594,15.648782
2100,G1,46.552686,15.649891,1768973228,79.18,10.00,waiting_at_station,46.544594,15.648782
2101,G1,46.552103,15.649873,1768973228,72.66,20.00,waiting_at_station,46.544594,15.648782
2102,G1,46.552136,15.649808,1768973228,85.75,10.00,waiting_at_station,46.544594,15.648782
2800,G1,46.558775,15.656006,1768973228,61.63,20.00,waiting_at_station,46.544594,15.648782
2801,G1,46.558778,15.655741,1768973228,87.16,10.00,waiting_at_station,46.544594,15.648782
8400,G1,46.544576,15.648833,1768973228,73.14,20.00,on_bus,46.544497,15.648807
8401,G1,46.544633,15.648851,1768973228,59.68,35.00,on_bus,46.544497,15.648807
8402,G1,46.544492,15.648934,1768973228,72.95,20.00,on_bus,46.544497,15.648807
8403,G1,46.544492,15.648819,1768973228,75.09,10.00,on_bus,46.544497,15.648807
2000,G1,46.559506,15.656308,1768973228,87.97,10.00,waiting_at_station,46.544497,15.648807
2001,G1,46.559674,15.655428,1768973228,78.95,10.00,waiting_at_station,46.544497,15.648807
2002,G1,46.559720,15.656691,1768973228,79.04,10.00,waiting_at_station,46.544497,15.648807
2800,G1,46.558989,15.655448,1768973228,59.97,35.00,waiting_at_station,46.544497,15.648807
2801,G1,46.558660,15.656016,1768973228,62.81,20.00,waiting_at_station,46.544497,15.648807
8400,G1,46.544441,15.648766,1768973230,87.16,10.00,on_bus,46.544399,15.648831
8401,G1,46.544506,15.648624,1768973230,66.99,20.00,on_bus,46.544399,15.648831
8402,G1,46.544438,15.648732,1768973230,84.53,10.00,on_bus,46.544399,15.648831
8403,G1,46.544404,15.648779,1768973230,77.03,10.00,on_bus,46.544399,15.648831
8404,G1,46.544398,15.648687,1768973230,81.52,10.00,on_bus,46.544399,15.648831
8405,G1,46.544453,15.648810,1768973230,94.94,5.00,on_bus,46.544399,15.648831
2200,G1,46.540215,15.649247,1768973230,53.29,35.00,waiting_at_station,46.544399,15.648831
2201,G1,46.540000,15.649694,1768973230,100.00,5.00,waiting_at_station,46.544399,15.648831
2500,G1,46.530814,15.670021,1768973230,88.58,10.00,waiting_at_station,46.544399,15.648831
2700,G1,46.554467,15.650406,1768973230,70.25,20.00,waiting_at_station,46.544399,15.648831
2701,G1,46.554066,15.651034,1768973230,87.96,10.00,waiting_at_station,46.544399,15.648831
8400,G1,46.544317,15.648914,1768973231,87.90,10.00,on_bus,46.544302,15.648855
8401,G1,46.544335,15.648759,1768973231,100.00,5.00,on_bus,46.544302,15.648855
8402,G1,46.544423,15.648642,1768973231,76.78,10.00,on_bus,46.544302,15.648855
8403,G1,46.544330,15.648925,1768973231,71.62,20.00,on_bus,46.544302,15.648855
8404,G1,46.544365,15.648751,1768973231,86.42,10.00,on_bus,46.544302,15.648855
8405,G1,46.544187,15.648886,1768973231,83.95,10.00,on_bus,46.544302,15.648855
2300,G1,46.532880,15.666672,1768973231,87.01,10.00,waiting_at_station,46.544302,15.648855
2301,G1,46.532665,15.666848,1768973231,83.72,10.00,waiting_at_station,46.544302,15.648855
2500,G1,46.530634,15.670303,1768973231,54.81,35.00,waiting_at_station,46.544302,15.648855
2501,G1,46.530757,15.670159,1768973231,80.31,10.00,waiting_at_station,46.544302,15.648855
2502,G1,46.530578,15.670049,1768973231,100.00,5.00,waiting_at_station,46.544302,15.648855
8500,G1,46.544116,15.648608,1768973231,84.85,10.00,on_bus,46.544205,15.648880
8501,G1,46.544099,15.648876,1768973231,61.60,20.00,on_bus,46.544205,15.648880
8502,G1,46.544337,15.648751,1768973231,73.47,20.00,on_bus,46.544205,15.648880
2000,G1,46.559629,15.656007,1768973231,74.76,20.00,waiting_at_station,46.544205,15.648880
2001,G1,46.560003,15.655875,1768973231,65.66,20.00,waiting_at_station,46.544205,15.648880
2002,G1,46.559651,15.655804,1768973231,91.94,5.00,waiting_at_station,46.544205,15.648880
2500,G1,46.531657,15.669678,1768973231,96.17,5.00,waiting_at_station,46.544205,15.648880
2600,G1,46.539688,15.647659,1768973231,82.76,10.00,waiting_at_station,46.544205,15.648880
8500,G1,46.544059,15.648613,1768973231,75.13,10.00,on_bus,46.544128,15.648882
8501,G1,46.543989,15.648936,1768973231,91.85,5.00,on_bus,46.544128,15.648882
8502,G1,46.544107,15.648957,1768973231,71.44,20.00,on_bus,46.544128,15.648882
8503,G1,46.544138,15.648795,1768973231,99.98,5.00,on_bus,46.544128,15.648882
2100,G1,46.552815,15.650257,1768973231,44.03,50.00,waiting_at_station,46.544128,15.648882
2300,G1,46.532297,15.666923,1768973231,74.46,20.00,waiting_at_station,46.544128,15.648882
2301,G1,46.532130,15.666702,1768973231,100.00,5.00,waiting_at_station,46.544128,15.648882
2400,G1,46.527627,15.684238,1768973231,83.24,10.00,waiting_at_station,46.544128,15.648882
2401,G1,46.527631,15.684600,1768973231,59.78,35.00,waiting_at_station,46.544128,15.648882
2500,G1,46.530780,15.670193,1768973231,72.07,20.00,waiting_at_station,46.544128,15.648882
8500,G1,46.544054,15.648885,1768973233,89.68,10.00,on_bus,46.544050,15.648884
8501,G1,46.544157,15.648815,1768973233,100.00,5.00,on_bus,46.544050,15.648884
8502,G1,46.543999,15.648846,1768973233,91.92,5.00,on_bus,46.544050,15.648884
8503,G1,46.543975,15.648858,1768973233,83.76,10.00,on_bus,46.544050,15.648884
2400,G1,46.527538,15.684224,1768973233,55.09,35.00,waiting_at_station,46.544050,15.648884
8500,G1,46.543908,15.648934,1768973234,74.63,20.00,on_bus,46.543973,15.648886
8501,G1,46.543841,15.648842,1768973234,64.40,20.00,on_bus,46.543973,15.648886
8502,G1,46.543825,15.648944,1768973234,85.74,10.00,on_bus,46.543973,15.648886
8503,G1,46.543965,15.649033,1768973234,86.74,10.00,on_bus,46.543973,15.648886
8504,G1,46.543997,15.648825,1768973234,95.81,5.00,on_bus,46.543973,15.648886
2200,G1,46.540166,15.649652,1768973234,78.22,10.00,waiting_at_station,46.543973,15.648886
2201,G1,46.540423,15.649710,1768973234,92.15,5.00,waiting_at_station,46.543973,15.648886
2202,G1,46.540282,15.649832,1768973234,98.31,5.00,waiting_at_station,46.543973,15.648886
2500,G1,46.530699,15.669828,1768973234,79.79,10.00,waiting_at_station,46.543973,15.648886
8600,G1,46.543882,15.649092,1768973233,83.63,10.00,on_bus,46.543896,15.648888
8601,G1,46.543885,15.648902,1768973233,100.00,5.00,on_bus,46.543896,15.648888
8602,G1,46.543929,15.648756,1768973233,92.37,5.00,on_bus,46.543896,15.648888
8603,G1,46.543819,15.648925,1768973233,94.10,5.00,on_bus,46.543896,15.648888
8604,G1,46.543864,15.648940,1768973233,49.52,35.00,on_bus,46.543896,15.648888
2000,G1,46.559678,15.656294,1768973233,57.96,35.00,waiting_at_station,46.543896,15.648888
2100,G1,46.552701,15.650189,1768973233,90.76,5.00,waiting_at_station,46.543896,15.648888
2101,G1,46.552804,15.650379,1768973233,65.65,20.00,waiting_at_station,46.543896,15.648888
2102,G1,46.552649,15.650202,1768973233,98.30,5.00,waiting_at_station,46.543896,15.648888
2500,G1,46.530715,15.670942,1768973233,50.02,35.00,waiting_at_station,46.543896,15.648888
2501,G1,46.530420,15.670310,1768973233,94.41,5.00,waiting_at_station,46.543896,15.648888
2502,G1,46.530787,15.670044,1768973233,54.90,35.00,waiting_at_station,46.543896,15.648888
2700,G1,46.554615,15.649837,1768973233,47.55,35.00,waiting_at_station,46.543896,15.648888
2701,G1,46.555109,15.650110,1768973233,87.46,10.00,waiting_at_station,46.543896,15.648888
8600,G1,46.543763,15.648859,1768973233,89.63,10.00,on_bus,46.543831,15.648890
8601,G1,46.543808,15.648973,1768973233,90.86,5.00,on_bus,46.543831,15.648890
8602,G1,46.543850,15.648984,1768973233,58.69,35.00,on_bus,46.543831,15.648890
2500,G1,46.530913,15.670147,1768973233,68.52,20.00,waiting_at_station,46.543831,15.648890
8600,G1,46.543817,15.649033,1768973235,80.17,10.00,on_bus,46.543766,15.648892
8601,G1,46.543593,15.648722,1768973235,71.86,20.00,on_bus,46.543766,15.648892
8602,G1,46.543707,15.648606,1768973235,60.60,20.00,on_bus,46.543766,15.648892
8603,G1,46.543768,15.648806,1768973235,90.22,5.00,on_bus,46.543766,15.648892
8604,G1,46.543713,15.649064,1768973235,70.84,20.00,on_bus,46.543766,15.648892
2100,G1,46.552571,15.650243,1768973235,56.92,35.00,waiting_at_station,46.543766,15.648892
2101,G1,46.552842,15.650039,1768973235,73.27,20.00,waiting_at_station,46.543766,15.648892
2400,G1,46.527459,15.684794,1768973235,78.79,10.00,waiting_at_station,46.543766,15.648892
2700,G1,46.554401,15.650616,1768973235,87.25,10.00,waiting_at_station,46.543766,15.648892
2701,G1,46.554405,15.650549,1768973235,81.34,10.00,waiting_at_station,46.543766,15.648892
8600,G1,46.543830,15.648994,1768973235,81.79,10.00,on_bus,46.543700,15.648893
8601,G1,46.543672,15.648899,1768973235,77.85,10.00,on_bus,46.543700,15.648893
8602,G1,46.543684,15.648808,1768973235,100.00,5.00,on_bus,46.543700,15.648893
8603,G1,46.543697,15.648841,1768973235,93.33,5.00,on_bus,46.543700,15.648893
8604,G1,46.543725,15.648901,1768973235,100.00,5.00,on_bus,46.543700,15.648893
8605,G1,46.543709,15.648895,1768973235,65.62,20.00,on_bus,46.543700,15.648893
2600,G1,46.539718,15.648167,1768973235,67.54,20.00,waiting_at_station,46.543700,15.648893
2601,G1,46.539925,15.648139,1768973235,91.00,5.00,waiting_at_station,46.543700,15.648893
2602,G1,46.539903,15.648120,1768973235,100.00,5.00,waiting_at_station,46.543700,15.648893
8600,G1,46.543670,15.648894,1768973236,99.85,5.00,on_bus,46.543635,15.648895
8601,G1,46.543635,15.648812,1768973236,87.06,10.00,on_bus,46.543635,15.648895
8602,G1,46.543875,15.648917,1768973236,95.43,5.00,on_bus,46.543635,15.648895
8603,G1,46.543653,15.648949,1768973236,75.62,10.00,on_bus,46.543635,15.648895
2300,G1,46.532449,15.666804,1768973236,60.43,20.00,waiting_at_station,46.543635,15.648895
2400,G1,46.527996,15.684279,1768973236,60.83,20.00,waiting_at_station,46.543635,15.648895
2401,G1,46.527415,15.684358,1768973236,77.20,10.00,waiting_at_station,46.543635,15.648895
8700,G1,46.543507,15.648888,1768973235,80.72,10.00,on_bus,46.543570,15.648897
8701,G1,46.543556,15.649068,1768973235,70.73,20.00,on_bus,46.543570,15.648897
8702,G1,46.543796,15.649389,1768973235,100.00,5.00,on_bus,46.543570,15.648897
8703,G1,46.543551,15.649102,1768973235,80.19,10.00,on_bus,46.543570,15.648897
8704,G1,46.543630,15.648884,1768973235,62.64,20.00,on_bus,46.543570,15.648897
2200,G1,46.540245,15.649037,1768973235,68.96,20.00,waiting_at_station,46.543570,15.648897
2500,G1,46.530349,15.669756,1768973235,92.87,5.00,waiting_at_station,46.543570,15.648897
2600,G1,46.539981,15.647986,1768973235,68.70,20.00,waiting_at_station,46.543570,15.648897
2601,G1,46.539681,15.648343,1768973235,48.73,35.00,waiting_at_station,46.543570,15.648897
2602,G1,46.539971,15.648692,1768973235,93.14,5.00,waiting_at_station,46.543570,15.648897
2700,G1,46.553884,15.650126,1768973235,70.62,20.00,waiting_at_station,46.543570,15.648897
8700,G1,46.543398,15.649020,1768973237,65.89,20.00,on_bus,46.543405,15.648890
8701,G1,46.543502,15.648802,1768973237,84.89,10.00,on_bus,46.543405,15.648890
2500,G1,46.530687,15.670408,1768973237,95.48,5.00,waiting_at_station,46.543405,15.648890
2501,G1,46.530760,15.670772,1768973237,88.07,10.00,waiting_at_station,46.543405,15.648890
2502,G1,46.530381,15.669990,1768973237,100.00,5.00,waiting_at_station,46.543405,15.648890
2700,G1,46.554378,15.650696,1768973237,83.94,10.00,waiting_at_station,46.543405,15.648890
2800,G1,46.559155,15.655131,1768973237,76.34,10.00,waiting_at_station,46.543405,15.648890
2801,G1,46.558657,15.655838,1768973237,78.99,10.00,waiting_at_station,46.543405,15.648890
2802,G1,46.558666,15.655701,1768973237,77.57,10.00,waiting_at_station,46.543405,15.648890
8700,G1,46.543108,15.648921,1768973240,80.10,10.00,on_bus,46.543240,15.648882
8701,G1,46.543141,15.648816,1768973240,58.79,35.00,on_bus,46.543240,15.648882
8702,G1,46.543271,15.648821,1768973240,64.02,20.00,on_bus,46.543240,15.648882
8703,G1,46.543200,15.648938,1768973240,81.20,10.00,on_bus,46.543240,15.648882
8704,G1,46.543226,15.648925,1768973240,65.92,20.00,on_bus,46.543240,15.648882
2000,G1,46.559851,15.656153,1768973240,83.41,10.00,waiting_at_station,46.543240,15.648882
2001,G1,46.559579,15.656455,1768973240,70.03,20.00,waiting_at_station,46.543240,15.648882
2100,G1,46.552891,15.650523,1768973240,76.16,10.00,waiting_at_station,46.543240,15.648882
2101,G1,46.552819,15.649411,1768973240,77.23,10.00,waiting_at_station,46.543240,15.648882
2102,G1,46.552705,15.650321,1768973240,65.27,20.00,waiting_at_station,46.543240,15.648882
2300,G1,46.532469,15.666691,1768973240,72.09,20.00,waiting_at_station,46.543240,15.648882
2600,G1,46.539996,15.648308,1768973240,91.22,5.00,waiting_at_station,46.543240,15.648882
2800,G1,46.558734,15.655758,1768973240,60.23,20.00,waiting_at_station,46.543240,15.648882
2801,G1,46.558553,15.655556,1768973240,87.45,10.00,waiting_at_station,46.543240,15.648882
8800,G1,46.543015,15.649005,1768973239,79.09,10.00,on_bus,46.543075,15.648875
8801,G1,46.543067,15.648891,1768973239,74.54,20.00,on_bus,46.543075,15.648875
8802,G1,46.542891,15.648848,1768973239,81.05,10.00,on_bus,46.543075,15.648875
2300,G1,46.532593,15.666748,1768973239,77.57,10.00,waiting_at_station,46.543075,15.648875
2301,G1,46.532487,15.666967,1768973239,39.86,50.00,waiting_at_station,46.543075,15.648875
2400,G1,46.527476,15.684195,1768973239,62.32,20.00,waiting_at_station,46.543075,15.648875
2700,G1,46.554325,15.650481,1768973239,97.74,5.00,waiting_at_station,46.543075,15.648875
2701,G1,46.554306,15.650425,1768973239,70.33,20.00,waiting_at_station,46.543075,15.648875
2702,G1,46.554101,15.650828,1768973239,77.91,10.00,waiting_at_station,46.543075,15.648875
2800,G1,46.558401,15.655991,1768973239,57.95,35.00,waiting_at_station,46.543075,15.648875
2801,G1,46.558601,15.655807,1768973239,74.60,20.00,waiting_at_station,46.543075,15.648875
2802,G1,46.558598,15.656114,1768973239,85.90,10.00,waiting_at_station,46.543075,15.648875
8800,G1,46.542994,15.648805,1768973240,74.32,20.00,on_bus,46.542966,15.648845
8801,G1,46.542915,15.648851,1768973240,94.18,5.00,on_bus,46.542966,15.648845
8802,G1,46.543006,15.648758,1768973240,82.73,10.00,on_bus,46.542966,15.648845
8803,G1,46.542972,15.648871,1768973240,96.75,5.00,on_bus,46.542966,15.648845
2300,G1,46.532846,15.666844,1768973240,100.00,5.00,waiting_at_station,46.542966,15.648845
2400,G1,46.527712,15.684634,1768973240,75.41,10.00,waiting_at_station,46.542966,15.648845
2600,G1,46.539809,15.647658,1768973240,79.83,10.00,waiting_at_station,46.542966,15.648845
2601,G1,46.540215,15.647775,1768973240,46.24,35.00,waiting_at_station,46.542966,15.648845
2602,G1,46.540021,15.647993,1768973240,96.46,5.00,waiting_at_station,46.542966,15.648845
2800,G1,46.558663,15.655946,1768973240,55.62,35.00,waiting_at_station,46.542966,15.648845
2801,G1,46.558984,15.656067,1768973240,71.41,20.00,waiting_at_station,46.542966,15.648845
8800,G1,46.542848,15.648810,1768973242,63.74,20.00,on_bus,46.542858,15.648815
8801,G1,46.542850,15.648821,1768973242,97.47,5.00,on_bus,46.542858,15.648815
8802,G1,46.542848,15.648885,1768973242,48.85,35.00,on_bus,46.542858,15.648815
8803,G1,46.542866,15.648817,1768973242,74.11,20.00,on_bus,46.542858,15.648815
2000,G1,46.559507,15.656007,1768973242,74.41,20.00,waiting_at_station,46.542858,15.648815
2200,G1,46.539982,15.650080,1768973242,98.25,5.00,waiting_at_station,46.542858,15.648815
2201,G1,46.540006,15.649707,1768973242,79.97,10.00,waiting_at_station,46.542858,15.648815
2202,G1,46.540259,15.649993,1768973242,71.94,20.00,waiting_at_station,46.542858,15.648815
2300,G1,46.532377,15.666759,1768973242,54.87,35.00,waiting_at_station,46.542858,15.648815
2301,G1,46.532540,15.666871,1768973242,49.04,35.00,waiting_at_station,46.542858,15.648815
2302,G1,46.532395,15.666181,1768973242,67.33,20.00,waiting_at_station,46.542858,15.648815
2500,G1,46.531298,15.669988,1768973242,77.97,10.00,waiting_at_station,46.542858,15.648815
8800,G1,46.542687,15.648540,1768973243,95.31,5.00,on_bus,46.542749,15.648784
8801,G1,46.542760,15.648647,1768973243,78.26,10.00,on_bus,46.542749,15.648784
8802,G1,46.542742,15.648767,1768973243,100.00,5.00,on_bus,46.542749,15.648784
8803,G1,46.542721,15.648701,1768973243,86.42,10.00,on_bus,46.542749,15.648784
2500,G1,46.531162,15.670497,1768973243,60.51,20.00,waiting_at_station,46.542749,15.648784
2501,G1,46.530704,15.669940,1768973243,85.54,10.00,waiting_at_station,46.542749,15.648784
2502,G1,46.530708,15.670611,1768973243,76.44,10.00,waiting_at_station,46.542749,15.648784
8800,G1,46.542682,15.648716,1768973245,60.98,20.00,on_bus,46.542641,15.648754
8801,G1,46.542541,15.648753,1768973245,90.78,5.00,on_bus,46.542641,15.648754
8802,G1,46.542646,15.648785,1768973245,90.90,5.00,on_bus,46.542641,15.648754
8803,G1,46.542697,15.648782,1768973245,73.88,20.00,on_bus,46.542641,15.648754
8804,G1,46.542627,15.648281,1768973245,86.20,10.00,on_bus,46.542641,15.648754
8805,G1,46.542616,15.648762,1768973245,60.88,20.00,on_bus,46.542641,15.648754
2100,G1,46.552585,15.650655,1768973245,55.15,35.00,waiting_at_station,46.542641,15.648754
2101,G1,46.552684,15.650119,1768973245,93.58,5.00,waiting_at_station,46.542641,15.648754
2200,G1,46.540152,15.649586,1768973245,98.88,5.00,waiting_at_station,46.542641,15.648754
2500,G1,46.530894,15.670140,1768973245,94.14,5.00,waiting_at_station,46.542641,15.648754
2501,G1,46.531055,15.670058,1768973245,63.68,20.00,waiting_at_station,46.542641,15.648754
2502,G1,46.530735,15.670025,1768973245,97.70,5.00,waiting_at_station,46.542641,15.648754
8900,G1,46.542320,15.648815,1768973243,93.67,5.00,on_bus,46.542532,15.648724
8901,G1,46.542646,15.648665,1768973243,53.47,35.00,on_bus,46.542532,15.648724
8902,G1,46.542570,15.648742,1768973243,58.26,35.00,on_bus,46.542532,15.648724
8903,G1,46.542549,15.648662,1768973243,74.31,20.00,on_bus,46.542532,15.648724
2000,G1,46.559597,15.655528,1768973243,73.54,20.00,waiting_at_station,46.542532,15.648724
2001,G1,46.559587,15.656171,1768973243,75.93,10.00,waiting_at_station,46.542532,15.648724
2002,G1,46.559432,15.655904,1768973243,49.00,35.00,waiting_at_station,46.542532,15.648724
2400,G1,46.527417,15.684307,1768973243,88.86,10.00,waiting_at_station,46.542532,15.648724
2401,G1,46.527754,15.685189,1768973243,74.06,20.00,waiting_at_station,46.542532,15.648724
2402,G1,46.527691,15.684170,1768973243,87.01,10.00,waiting_at_station,46.542532,15.648724
2700,G1,46.554091,15.650468,1768973243,72.41,20.00,waiting_at_station,46.542532,15.648724
2701,G1,46.554244,15.650390,1768973243,80.34,10.00,waiting_at_station,46.542532,15.648724
8900,G1,46.542417,15.648551,1768973244,62.55,20.00,on_bus,46.542429,15.648678
8901,G1,46.542419,15.648631,1768973244,84.96,10.00,on_bus,46.542429,15.648678
8902,G1,46.542442,15.648683,1768973244,72.51,20.00,on_bus,46.542429,15.648678
8903,G1,46.542381,15.648684,1768973244,79.91,10.00,on_bus,46.542429,15.648678
8904,G1,46.542432,15.648671,1768973244,61.50,20.00,on_bus,46.542429,15.648678
8905,G1,46.542581,15.649083,1768973244,62.13,20.00,on_bus,46.542429,15.648678
2000,G1,46.559496,15.656148,1768973244,62.23,20.00,waiting_at_station,46.542429,15.648678
2001,G1,46.559637,15.656198,1768973244,79.15,10.00,waiting_at_station,46.542429,15.648678
2400,G1,46.527396,15.684836,1768973244,85.77,10.00,waiting_at_station,46.542429,15.648678
8900,G1,46.542412,15.648665,1768973246,56.01,35.00,on_bus,46.542327,15.648633
8901,G1,46.542236,15.648365,1768973246,77.98,10.00,on_bus,46.542327,15.648633
8902,G1,46.542307,15.648624,1768973246,100.00,5.00,on_bus,46.542327,15.648633
8903,G1,46.542352,15.648723,1768973246,63.49,20.00,on_bus,46.542327,15.648633
8904,G1,46.542336,15.648654,1768973246,55.60,35.00,on_bus,46.542327,15.648633
2000,G1,46.559652,15.655777,1768973246,76.13,10.00,waiting_at_station,46.542327,15.648633
2001,G1,46.559986,15.655267,1768973246,79.65,10.00,waiting_at_station,46.542327,15.648633
2002,G1,46.559412,15.656139,1768973246,87.62,10.00,waiting_at_station,46.542327,15.648633
2300,G1,46.532525,15.666915,1768973246,74.50,20.00,waiting_at_station,46.542327,15.648633
2500,G1,46.530734,15.670385,1768973246,60.93,20.00,waiting_at_station,46.542327,15.648633
2501,G1,46.531021,15.670329,1768973246,99.75,5.00,waiting_at_station,46.542327,15.648633
8900,G1,46.542280,15.648470,1768973247,98.83,5.00,on_bus,46.542225,15.648588
8901,G1,46.542150,15.648555,1768973247,68.22,20.00,on_bus,46.542225,15.648588
8902,G1,46.542536,15.648166,1768973247,83.43,10.00,on_bus,46.542225,15.648588
8903,G1,46.542264,15.648737,1768973247,68.11,20.00,on_bus,46.542225,15.648588
2300,G1,46.532578,15.667047,1768973247,80.12,10.00,waiting_at_station,46.542225,15.648588
2301,G1,46.532602,15.667045,1768973247,48.24,35.00,waiting_at_station,46.542225,15.648588
2302,G1,46.532388,15.666988,1768973247,89.46,10.00,waiting_at_station,46.542225,15.648588
2500,G1,46.530962,15.670160,1768973247,83.80,10.00,waiting_at_station,46.542225,15.648588
9000,G1,46.542119,15.648511,1768973246,76.69,10.00,on_bus,46.542122,15.648542
9001,G1,46.542076,15.648520,1768973246,81.24,10.00,on_bus,46.542122,15.648542
2000,G1,46.559416,15.655970,1768973246,42.53,50.00,waiting_at_station,46.542122,15.648542
2200,G1,46.540192,15.649797,1768973246,71.02,20.00,waiting_at_station,46.542122,15.648542
2400,G1,46.527522,15.684176,1768973246,82.43,10.00,waiting_at_station,46.542122,15.648542
9000,G1,46.542171,15.648710,1768973247,87.65,10.00,on_bus,46.541993,15.648482
9001,G1,46.542115,15.648536,1768973247,76.70,10.00,on_bus,46.541993,15.648482
9002,G1,46.542004,15.648477,1768973247,82.65,10.00,on_bus,46.541993,15.648482
2400,G1,46.527287,15.684549,1768973247,73.61,20.00,waiting_at_station,46.541993,15.648482
2401,G1,46.527680,15.684052,1768973247,68.24,20.00,waiting_at_station,46.541993,15.648482
2700,G1,46.554361,15.650624,1768973247,61.32,20.00,waiting_at_station,46.541993,15.648482
2701,G1,46.554206,15.650479,1768973247,90.37,5.00,waiting_at_station,46.541993,15.648482
2702,G1,46.554261,15.651164,1768973247,81.46,10.00,waiting_at_station,46.541993,15.648482
9000,G1,46.541768,15.648429,1768973249,71.81,20.00,on_bus,46.541863,15.648422
9001,G1,46.541698,15.648188,1768973249,78.77,10.00,on_bus,46.541863,15.648422
9002,G1,46.541828,15.648406,1768973249,95.89,5.00,on_bus,46.541863,15.648422
9003,G1,46.541849,15.648340,1768973249,67.65,20.00,on_bus,46.541863,15.648422
2000,G1,46.559622,15.655797,1768973249,99.02,5.00,waiting_at_station,46.541863,15.648422
2300,G1,46.532414,15.667078,1768973249,77.52,10.00,waiting_at_station,46.541863,15.648422
2400,G1,46.527637,15.684456,1768973249,42.48,50.00,waiting_at_station,46.541863,15.648422
2401,G1,46.527675,15.684206,1768973249,70.60,20.00,waiting_at_station,46.541863,15.648422
2402,G1,46.527332,15.684254,1768973249,70.26,20.00,waiting_at_station,46.541863,15.648422
2500,G1,46.530765,15.670028,1768973249,97.52,5.00,waiting_at_station,46.541863,15.648422
2501,G1,46.530912,15.669865,1768973249,48.40,35.00,waiting_at_station,46.541863,15.648422
9100,G1,46.541697,15.648533,1768973249,46.87,35.00,on_bus,46.541734,15.648362
9101,G1,46.541751,15.648397,1768973249,76.88,10.00,on_bus,46.541734,15.648362
2100,G1,46.552732,15.650022,1768973249,58.85,35.00,waiting_at_station,46.541734,15.648362
2101,G1,46.552647,15.650187,1768973249,78.11,10.00,waiting_at_station,46.541734,15.648362
2500,G1,46.530735,15.670063,1768973249,97.12,5.00,waiting_at_station,46.541734,15.648362
2600,G1,46.539820,15.648069,1768973249,93.39,5.00,waiting_at_station,46.541734,15.648362
9100,G1,46.541685,15.648423,1768973249,98.70,5.00,on_bus,46.541673,15.648334
9101,G1,46.541651,15.648449,1768973249,82.21,10.00,on_bus,46.541673,15.648334
9102,G1,46.541723,15.648247,1768973249,89.04,10.00,on_bus,46.541673,15.648334
9103,G1,46.541581,15.648174,1768973249,73.29,20.00,on_bus,46.541673,15.648334
9104,G1,46.541661,15.648263,1768973249,85.19,10.00,on_bus,46.541673,15.648334
9105,G1,46.541670,15.648451,1768973249,59.55,35.00,on_bus,46.541673,15.648334
2000,G1,46.559473,15.656402,1768973249,84.16,10.00,waiting_at_station,46.541673,15.648334
2100,G1,46.552929,15.650048,1768973249,70.30,20.00,waiting_at_station,46.541673,15.648334
2400,G1,46.527616,15.684373,1768973249,60.59,20.00,waiting_at_station,46.541673,15.648334
2500,G1,46.531041,15.670111,1768973249,77.75,10.00,waiting_at_station,46.541673,15.648334
2501,G1,46.530797,15.670223,1768973249,82.53,10.00,waiting_at_station,46.541673,15.648334
2502,G1,46.530877,15.670098,1768973249,93.68,5.00,waiting_at_station,46.541673,15.648334
2700,G1,46.554293,15.650489,1768973249,51.23,35.00,waiting_at_station,46.541673,15.648334
2701,G1,46.554160,15.650674,1768973249,54.36,35.00,waiting_at_station,46.541673,15.648334
9100,G1,46.541724,15.648263,1768973250,82.60,10.00,on_bus,46.541612,15.648306
9101,G1,46.541630,15.648297,1768973250,95.89,5.00,on_bus,46.541612,15.648306
9102,G1,46.541442,15.648457,1768973250,93.22,5.00,on_bus,46.541612,15.648306
9103,G1,46.541607,15.648233,1768973250,82.45,10.00,on_bus,46.541612,15.648306
2300,G1,46.532279,15.666326,1768973250,93.06,5.00,waiting_at_station,46.541612,15.648306
9100,G1,46.541561,15.648251,1768973251,72.19,20.00,on_bus,46.541550,15.648277
9101,G1,46.541461,15.648516,1768973251,64.13,20.00,on_bus,46.541550,15.648277
2100,G1,46.553010,15.650299,1768973251,72.94,20.00,waiting_at_station,46.541550,15.648277
2101,G1,46.552597,15.650011,1768973251,83.02,10.00,waiting_at_station,46.541550,15.648277
2200,G1,46.539917,15.649494,1768973251,79.82,10.00,waiting_at_station,46.541550,15.648277
2201,G1,46.540491,15.649167,1768973251,70.89,20.00,waiting_at_station,46.541550,15.648277
2202,G1,46.539869,15.650368,1768973251,68.34,20.00,waiting_at_station,46.541550,15.648277
2400,G1,46.527669,15.684703,1768973251,70.05,20.00,waiting_at_station,46.541550,15.648277
2401,G1,46.527146,15.684329,1768973251,74.76,20.00,waiting_at_station,46.541550,15.648277
2500,G1,46.530836,15.670131,1768973251,61.03,20.00,waiting_at_station,46.541550,15.648277
2700,G1,46.554158,15.650924,1768973251,67.35,20.00,waiting_at_station,46.541550,15.648277
9100,G1,46.541461,15.648434,1768973252,100.00,5.00,on_bus,46.541489,15.648249
9101,G1,46.541193,15.648232,1768973252,65.95,20.00,on_bus,46.541489,15.648249
9100,G1,46.541493,15.648160,1768973253,87.03,10.00,on_bus,46.541428,15.648221
9101,G1,46.541500,15.648236,1768973253,73.33,20.00,on_bus,46.541428,15.648221
9102,G1,46.541396,15.648119,1768973253,84.59,10.00,on_bus,46.541428,15.648221
9103,G1,46.541373,15.648376,1768973253,76.28,10.00,on_bus,46.541428,15.648221
9104,G1,46.541431,15.648205,1768973253,68.15,20.00,on_bus,46.541428,15.648221
9200,G1,46.541364,15.648293,1768973251,79.39,10.00,on_bus,46.541367,15.648193
9201,G1,46.541443,15.648186,1768973251,73.99,20.00,on_bus,46.541367,15.648193
2400,G1,46.527655,15.684657,1768973251,73.71,20.00,waiting_at_station,46.541367,15.648193
2401,G1,46.527549,15.684353,1768973251,66.35,20.00,waiting_at_station,46.541367,15.648193
9200,G1,46.541152,15.648291,1768973253,70.53,20.00,on_bus,46.541254,15.648143
9201,G1,46.541188,15.648108,1768973253,100.00,5.00,on_bus,46.541254,15.648143
2000,G1,46.559678,15.655953,1768973253,96.09,5.00,waiting_at_station,46.541254,15.648143
9200,G1,46.541109,15.648524,1768973254,57.04,35.00,on_bus,46.541140,15.648093
9201,G1,46.541092,15.648085,1768973254,84.30,10.00,on_bus,46.541140,15.648093
9202,G1,46.541262,15.648338,1768973254,74.51,20.00,on_bus,46.541140,15.648093
9203,G1,46.541137,15.647904,1768973254,54.90,35.00,on_bus,46.541140,15.648093
9200,G1,46.540998,15.647992,1768973256,82.47,10.00,on_bus,46.541027,15.648042
9201,G1,46.541006,15.647884,1768973256,78.42,10.00,on_bus,46.541027,15.648042
9202,G1,46.541032,15.648020,1768973256,71.80,20.00,on_bus,46.541027,15.648042
9203,G1,46.541026,15.647948,1768973256,72.69,20.00,on_bus,46.541027,15.648042
2300,G1,46.532553,15.667380,1768973256,73.85,20.00,waiting_at_station,46.541027,15.648042
2301,G1,46.532594,15.666824,1768973256,75.21,10.00,waiting_at_station,46.541027,15.648042
9300,G1,46.540925,15.648145,1768973255,66.34,20.00,on_bus,46.540913,15.647992
9301,G1,46.540817,15.647891,1768973255,80.92,10.00,on_bus,46.540913,15.647992
9302,G1,46.541086,15.648287,1768973255,100.00,5.00,on_bus,46.540913,15.647992
2100,G1,46.552725,15.650126,1768973255,57.20,35.00,waiting_at_station,46.540913,15.647992
2101,G1,46.552547,15.650485,1768973255,55.52,35.00,waiting_at_station,46.540913,15.647992
2102,G1,46.552869,15.650104,1768973255,75.63,10.00,waiting_at_station,46.540913,15.647992
2200,G1,46.539913,15.649640,1768973255,73.94,20.00,waiting_at_station,46.540913,15.647992
2500,G1,46.530584,15.670157,1768973255,65.22,20.00,waiting_at_station,46.540913,15.647992
2501,G1,46.530939,15.670350,1768973255,95.33,5.00,waiting_at_station,46.540913,15.647992
2800,G1,46.558757,15.655393,1768973255,100.00,5.00,waiting_at_station,46.540913,15.647992
9300,G1,46.540789,15.648021,1768973256,75.51,10.00,on_bus,46.540813,15.647948
9301,G1,46.540893,15.647977,1768973256,78.44,10.00,on_bus,46.540813,15.647948
2100,G1,46.552621,15.650513,1768973256,91.00,5.00,waiting_at_station,46.540813,15.647948
2101,G1,46.552712,15.649776,1768973256,72.80,20.00,waiting_at_station,46.540813,15.647948
2102,G1,46.552926,15.649686,1768973256,62.35,20.00,waiting_at_station,46.540813,15.647948
2400,G1,46.527635,15.684212,1768973256,60.07,20.00,waiting_at_station,46.540813,15.647948
2401,G1,46.527420,15.684226,1768973256,56.71,35.00,waiting_at_station,46.540813,15.647948
2600,G1,46.540026,15.647900,1768973256,73.54,20.00,waiting_at_station,46.540813,15.647948
2601,G1,46.539926,15.648001,1768973256,87.22,10.00,waiting_at_station,46.540813,15.647948
9300,G1,46.540733,15.647847,1768973258,88.17,10.00,on_bus,46.540714,15.647903
9301,G1,46.540568,15.647921,1768973258,90.56,5.00,on_bus,46.540714,15.647903
9302,G1,46.540698,15.647796,1768973258,76.68,10.00,on_bus,46.540714,15.647903
2000,G1,46.559438,15.656552,1768973258,61.09,20.00,waiting_at_station,46.540714,15.647903
2001,G1,46.559920,15.654852,1768973258,58.21,35.00,waiting_at_station,46.540714,15.647903
2200,G1,46.540342,15.649613,1768973258,68.38,20.00,waiting_at_station,46.540714,15.647903
2400,G1,46.527560,15.683988,1768973258,67.49,20.00,waiting_at_station,46.540714,15.647903
2401,G1,46.527571,15.684514,1768973258,77.03,10.00,waiting_at_station,46.540714,15.647903
2402,G1,46.527483,15.684365,1768973258,76.31,10.00,waiting_at_station,46.540714,15.647903
2800,G1,46.558792,15.655305,1768973258,85.24,10.00,waiting_at_station,46.540714,15.647903
9300,G1,46.540617,15.647862,1768973259,84.38,10.00,on_bus,46.540615,15.647858
9301,G1,46.540670,15.647889,1768973259,74.04,20.00,on_bus,46.540615,15.647858
9302,G1,46.540649,15.647845,1768973259,71.63,20.00,on_bus,46.540615,15.647858
9303,G1,46.540648,15.648024,1768973259,90.88,5.00,on_bus,46.540615,15.647858
9304,G1,46.540619,15.647901,1768973259,81.31,10.00,on_bus,46.540615,15.647858
2100,G1,46.552480,15.649660,1768973259,80.43,10.00,waiting_at_station,46.540615,15.647858
2101,G1,46.552637,15.650176,1768973259,77.20,10.00,waiting_at_station,46.540615,15.647858
2500,G1,46.530710,15.670048,1768973259,60.47,20.00,waiting_at_station,46.540615,15.647858
2501,G1,46.530839,15.669964,1768973259,70.91,20.00,waiting_at_station,46.540615,15.647858
9400,G1,46.540367,15.647771,1768973258,75.95,10.00,on_bus,46.540515,15.647814
9401,G1,46.540575,15.647913,1768973258,69.58,20.00,on_bus,46.540515,15.647814
9402,G1,46.540439,15.647891,1768973258,68.61,20.00,on_bus,46.540515,15.647814
9403,G1,46.540577,15.647695,1768973258,70.61,20.00,on_bus,46.540515,15.647814
9404,G1,46.540482,15.647758,1768973258,60.30,20.00,on_bus,46.540515,15.647814
9405,G1,46.540548,15.647754,1768973258,88.00,10.00,on_bus,46.540515,15.647814
2200,G1,46.540072,15.649733,1768973258,93.86,5.00,waiting_at_station,46.540515,15.647814
2201,G1,46.539932,15.649649,1768973258,62.71,20.00,waiting_at_station,46.540515,15.647814
2202,G1,46.540209,15.649584,1768973258,68.04,20.00,waiting_at_station,46.540515,15.647814
2400,G1,46.527574,15.684485,1768973258,85.49,10.00,waiting_at_station,46.540515,15.647814
2401,G1,46.527292,15.684198,1768973258,91.65,5.00,waiting_at_station,46.540515,15.647814
2700,G1,46.554047,15.650263,1768973258,80.28,10.00,waiting_at_station,46.540515,15.647814
2701,G1,46.554259,15.650442,1768973258,100.00,5.00,waiting_at_station,46.540515,15.647814
2702,G1,46.554601,15.650613,1768973258,72.72,20.00,waiting_at_station,46.540515,15.647814
9400,G1,46.540467,15.647782,1768973259,100.00,5.00,on_bus,46.540416,15.647770
9401,G1,46.540413,15.647661,1768973259,100.00,5.00,on_bus,46.540416,15.647770
9402,G1,46.540447,15.647787,1768973259,84.94,10.00,on_bus,46.540416,15.647770
9400,G1,46.540353,15.647731,1768973261,75.81,10.00,on_bus,46.540318,15.647726
9401,G1,46.540345,15.647436,1768973261,80.63,10.00,on_bus,46.540318,15.647726
9402,G1,46.540450,15.647724,1768973261,90.09,5.00,on_bus,46.540318,15.647726
9403,G1,46.540288,15.647794,1768973261,98.32,5.00,on_bus,46.540318,15.647726
9404,G1,46.540048,15.647835,1768973261,53.31,35.00,on_bus,46.540318,15.647726
9405,G1,46.540299,15.647650,1768973261,74.69,20.00,on_bus,46.540318,15.647726
2200,G1,46.540230,15.649800,1768973261,83.49,10.00,waiting_at_station,46.540318,15.647726
2500,G1,46.530676,15.670008,1768973261,62.93,20.00,waiting_at_station,46.540318,15.647726
9400,G1,46.540217,15.647870,1768973262,91.73,5.00,on_bus,46.540219,15.647682
9401,G1,46.540188,15.647783,1768973262,67.23,20.00,on_bus,46.540219,15.647682
9402,G1,46.540198,15.647787,1768973262,70.32,20.00,on_bus,46.540219,15.647682
9403,G1,46.540231,15.647689,1768973262,87.75,10.00,on_bus,46.540219,15.647682
9404,G1,46.540020,15.647666,1768973262,70.44,20.00,on_bus,46.540219,15.647682
2200,G1,46.540223,15.649869,1768973262,28.58,50.00,waiting_at_station,46.540219,15.647682
2201,G1,46.540186,15.650130,1768973262,69.89,20.00,waiting_at_station,46.540219,15.647682
2202,G1,46.540084,15.649836,1768973262,66.21,20.00,waiting_at_station,46.540219,15.647682
2700,G1,46.554380,15.650556,1768973262,65.64,20.00,waiting_at_station,46.540219,15.647682
2701,G1,46.554278,15.650039,1768973262,88.30,10.00,waiting_at_station,46.540219,15.647682
2702,G1,46.554532,15.650716,1768973262,76.58,10.00,waiting_at_station,46.540219,15.647682
2800,G1,46.558676,15.655834,1768973262,88.91,10.00,waiting_at_station,46.540219,15.647682
2801,G1,46.558848,15.655421,1768973262,71.20,20.00,waiting_at_station,46.540219,15.647682
9500,G1,46.539927,15.647449,1768973260,73.64,20.00,on_bus,46.540120,15.647638
9501,G1,46.540046,15.647762,1768973260,65.98,20.00,on_bus,46.540120,15.647638
9502,G1,46.540106,15.647574,1768973260,66.77,20.00,on_bus,46.540120,15.647638
9503,G1,46.540163,15.647648,1768973260,68.75,20.00,on_bus,46.540120,15.647638
2000,G1,46.559517,15.655997,1768973260,80.96,10.00,waiting_at_station,46.540120,15.647638
2001,G1,46.559660,15.655932,1768973260,75.11,10.00,waiting_at_station,46.540120,15.647638
2002,G1,46.559181,15.655940,1768973260,67.59,20.00,waiting_at_station,46.540120,15.647638
2800,G1,46.558566,15.656401,1768973260,88.13,10.00,waiting_at_station,46.540120,15.647638
2801,G1,46.558687,15.655692,1768973260,71.21,20.00,waiting_at_station,46.540120,15.647638
9500,G1,46.539978,15.647754,1768973262,81.43,10.00,on_bus,46.539996,15.647581
9501,G1,46.540086,15.647759,1768973262,100.00,5.00,on_bus,46.539996,15.647581
9502,G1,46.539797,15.647710,1768973262,100.00,5.00,on_bus,46.539996,15.647581
2400,G1,46.527284,15.684051,1768973262,74.68,20.00,waiting_at_station,46.539996,15.647581
2401,G1,46.527162,15.684419,1768973262,80.51,10.00,waiting_at_station,46.539996,15.647581
2500,G1,46.530737,15.670327,1768973262,77.06,10.00,waiting_at_station,46.539996,15.647581
2501,G1,46.530985,15.670436,1768973262,64.87,20.00,waiting_at_station,46.539996,15.647581
9500,G1,46.539687,15.647613,1768973264,100.00,5.00,on_bus,46.539871,15.647523
9501,G1,46.540065,15.647409,1768973264,85.97,10.00,on_bus,46.539871,15.647523
9502,G1,46.539889,15.647501,1768973264,75.39,10.00,on_bus,46.539871,15.647523
9503,G1,46.539965,15.647602,1768973264,60.87,20.00,on_bus,46.539871,15.647523
2000,G1,46.559706,15.655488,1768973264,71.94,20.00,waiting_at_station,46.539871,15.647523
2001,G1,46.559722,15.655985,1768973264,99.30,5.00,waiting_at_station,46.539871,15.647523
2600,G1,46.539853,15.647929,1768973264,96.28,5.00,waiting_at_station,46.539871,15.647523
2601,G1,46.539985,15.647916,1768973264,92.33,5.00,waiting_at_station,46.539871,15.647523
9600,G1,46.539774,15.647468,1768973263,94.86,5.00,on_bus,46.539747,15.647466
9601,G1,46.539624,15.647356,1768973263,76.88,10.00,on_bus,46.539747,15.647466
9602,G1,46.539800,15.647443,1768973263,100.00,5.00,on_bus,46.539747,15.647466
9603,G1,46.539749,15.647373,1768973263,79.99,10.00,on_bus,46.539747,15.647466
9604,G1,46.539732,15.647485,1768973263,100.00,5.00,on_bus,46.539747,15.647466
2100,G1,46.552597,15.649631,1768973263,91.77,5.00,waiting_at_station,46.539747,15.647466
2101,G1,46.552771,15.650424,1768973263,96.84,5.00,waiting_at_station,46.539747,15.647466
2200,G1,46.539937,15.649681,1768973263,75.12,10.00,waiting_at_station,46.539747,15.647466
2600,G1,46.540071,15.648065,1768973263,71.62,20.00,waiting_at_station,46.539747,15.647466
9600,G1,46.539612,15.647698,1768973265,77.89,10.00,on_bus,46.539722,15.647623
9601,G1,46.539708,15.647543,1768973265,54.98,35.00,on_bus,46.539722,15.647623
9602,G1,46.539762,15.647640,1768973265,57.72,35.00,on_bus,46.539722,15.647623
9603,G1,46.539728,15.647616,1768973265,92.10,5.00,on_bus,46.539722,15.647623
2100,G1,46.553114,15.650117,1768973265,53.68,35.00,waiting_at_station,46.539722,15.647623
2101,G1,46.552557,15.650250,1768973265,82.14,10.00,waiting_at_station,46.539722,15.647623
2800,G1,46.559297,15.655635,1768973265,51.10,35.00,waiting_at_station,46.539722,15.647623
2801,G1,46.558887,15.655841,1768973265,72.20,20.00,waiting_at_station,46.539722,15.647623
9600,G1,46.539585,15.647791,1768973266,66.36,20.00,on_bus,46.539697,15.647781
9601,G1,46.539828,15.647905,1768973266,100.00,5.00,on_bus,46.539697,15.647781
9602,G1,46.539762,15.647676,1768973266,84.97,10.00,on_bus,46.539697,15.647781
9603,G1,46.539656,15.647822,1768973266,61.77,20.00,on_bus,46.539697,15.647781
9604,G1,46.539654,15.647834,1768973266,81.16,10.00,on_bus,46.539697,15.647781
2000,G1,46.559362,15.656197,1768973266,70.49,20.00,waiting_at_station,46.539697,15.647781
2001,G1,46.559572,15.656470,1768973266,71.24,20.00,waiting_at_station,46.539697,15.647781
2002,G1,46.559905,15.655441,1768973266,65.99,20.00,waiting_at_station,46.539697,15.647781
9600,G1,46.539740,15.647858,1768973268,64.33,20.00,on_bus,46.539672,15.647939
9601,G1,46.539557,15.648032,1768973268,65.73,20.00,on_bus,46.539672,15.647939
2000,G1,46.559571,15.655865,1768973268,76.91,10.00,waiting_at_station,46.539672,15.647939
2001,G1,46.559520,15.656001,1768973268,84.43,10.00,waiting_at_station,46.539672,15.647939
2100,G1,46.552285,15.649956,1768973268,70.72,20.00,waiting_at_station,46.539672,15.647939
2600,G1,46.539698,15.648364,1768973268,76.14,10.00,waiting_at_station,46.539672,15.647939
2601,G1,46.539798,15.647978,1768973268,53.34,35.00,waiting_at_station,46.539672,15.647939
2800,G1,46.558744,15.655726,1768973268,74.45,20.00,waiting_at_station,46.539672,15.647939
2801,G1,46.558420,15.655779,1768973268,52.66,35.00,waiting_at_station,46.539672,15.647939
9700,G1,46.539686,15.648084,1768973266,83.19,10.00,on_bus,46.539647,15.648096
9701,G1,46.539676,15.648101,1768973266,75.45,10.00,on_bus,46.539647,15.648096
2300,G1,46.532642,15.667298,1768973266,68.10,20.00,waiting_at_station,46.539647,15.648096
2301,G1,46.532697,15.666989,1768973266,44.24,50.00,waiting_at_station,46.539647,15.648096
2700,G1,46.554378,15.650526,1768973266,66.61,20.00,waiting_at_station,46.539647,15.648096
2701,G1,46.554402,15.650470,1768973266,97.30,5.00,waiting_at_station,46.539647,15.648096
9700,G1,46.539701,15.648220,1768973267,61.82,20.00,on_bus,46.539661,15.648220
9701,G1,46.539669,15.648225,1768973267,82.95,10.00,on_bus,46.539661,15.648220
2000,G1,46.559490,15.656299,1768973267,100.00,5.00,waiting_at_station,46.539661,15.648220
2001,G1,46.559816,15.656027,1768973267,75.25,10.00,waiting_at_station,46.539661,15.648220
2200,G1,46.540393,15.649962,1768973267,72.93,20.00,waiting_at_station,46.539661,15.648220
2201,G1,46.539829,15.649697,1768973267,83.58,10.00,waiting_at_station,46.539661,15.648220
2202,G1,46.540153,15.649895,1768973267,73.47,20.00,waiting_at_station,46.539661,15.648220
2300,G1,46.532523,15.666673,1768973267,79.98,10.00,waiting_at_station,46.539661,15.648220
2301,G1,46.532552,15.666550,1768973267,81.49,10.00,waiting_at_station,46.539661,15.648220
2400,G1,46.527211,15.684233,1768973267,68.13,20.00,waiting_at_station,46.539661,15.648220
2401,G1,46.527456,15.684390,1768973267,50.77,35.00,waiting_at_station,46.539661,15.648220
2402,G1,46.527699,15.684491,1768973267,61.40,20.00,waiting_at_station,46.539661,15.648220
2800,G1,46.558868,15.655878,1768973267,70.82,20.00,waiting_at_station,46.539661,15.648220
2801,G1,46.558773,15.655589,1768973267,89.47,10.00,waiting_at_station,46.539661,15.648220
9700,G1,46.539639,15.648333,1768973268,79.82,10.00,on_bus,46.539674,15.648343
9701,G1,46.539718,15.648538,1768973268,72.09,20.00,on_bus,46.539674,15.648343
9702,G1,46.539651,15.648318,1768973268,81.58,10.00,on_bus,46.539674,15.648343
9703,G1,46.539696,15.648303,1768973268,85.61,10.00,on_bus,46.539674,15.648343
9704,G1,46.539743,15.648394,1768973268,63.90,20.00,on_bus,46.539674,15.648343
9705,G1,46.539685,15.648182,1768973268,61.18,20.00,on_bus,46.539674,15.648343
2100,G1,46.552407,15.650048,1768973268,99.63,5.00,waiting_at_station,46.539674,15.648343
2101,G1,46.552732,15.650181,1768973268,86.44,10.00,waiting_at_station,46.539674,15.648343
2102,G1,46.552288,15.650316,1768973268,56.40,35.00,waiting_at_station,46.539674,15.648343
2300,G1,46.532379,15.666840,1768973268,73.70,20.00,waiting_at_station,46.539674,15.648343
2301,G1,46.532775,15.666222,1768973268,77.22,10.00,waiting_at_station,46.539674,15.648343
2302,G1,46.532377,15.666943,1768973268,68.05,20.00,waiting_at_station,46.539674,15.648343
2800,G1,46.559019,15.655676,1768973268,79.99,10.00,waiting_at_station,46.539674,15.648343
2801,G1,46.558875,15.655392,1768973268,76.43,10.00,waiting_at_station,46.539674,15.648343
9700,G1,46.539735,15.648174,1768973270,75.56,10.00,on_bus,46.539687,15.648467
9701,G1,46.539792,15.648485,1768973270,89.73,10.00,on_bus,46.539687,15.648467
9702,G1,46.539834,15.648467,1768973270,77.52,10.00,on_bus,46.539687,15.648467
9703,G1,46.539839,15.648384,1768973270,78.84,10.00,on_bus,46.539687,15.648467
2000,G1,46.559485,15.655973,1768973270,71.61,20.00,waiting_at_station,46.539687,15.648467
2100,G1,46.552625,15.650622,1768973270,64.19,20.00,waiting_at_station,46.539687,15.648467
2101,G1,46.553694,15.651525,1768973270,84.92,10.00,waiting_at_station,46.539687,15.648467
2200,G1,46.540146,15.649581,1768973270,56.61,35.00,waiting_at_station,46.539687,15.648467
2400,G1,46.527424,15.684191,1768973270,75.09,10.00,waiting_at_station,46.539687,15.648467
2500,G1,46.530645,15.670047,1768973270,68.61,20.00,waiting_at_station,46.539687,15.648467
9800,G1,46.539775,15.648611,1768973269,78.39,10.00,on_bus,46.539701,15.648591
9801,G1,46.539774,15.648436,1768973269,100.00,5.00,on_bus,46.539701,15.648591
9802,G1,46.539732,15.648545,1768973269,99.44,5.00,on_bus,46.539701,15.648591
9803,G1,46.539614,15.648535,1768973269,95.03,5.00,on_bus,46.539701,15.648591
9804,G1,46.539795,15.648654,1768973269,89.09,10.00,on_bus,46.539701,15.648591
2300,G1,46.532716,15.667267,1768973269,57.60,35.00,waiting_at_station,46.539701,15.648591
9800,G1,46.539720,15.648870,1768973270,71.12,20.00,on_bus,46.539756,15.648716
9801,G1,46.539860,15.648624,1768973270,88.08,10.00,on_bus,46.539756,15.648716
9802,G1,46.539694,15.648533,1768973270,100.00,5.00,on_bus,46.539756,15.648716
9803,G1,46.539821,15.648816,1768973270,75.74,10.00,on_bus,46.539756,15.648716
9804,G1,46.539697,15.648772,1768973270,79.25,10.00,on_bus,46.539756,15.648716
9805,G1,46.539748,15.648913,1768973270,94.63,5.00,on_bus,46.539756,15.648716
2300,G1,46.532579,15.667154,1768973270,100.00,5.00,waiting_at_station,46.539756,15.648716
2301,G1,46.532822,15.667171,1768973270,100.00,5.00,waiting_at_station,46.539756,15.648716
2500,G1,46.531057,15.670078,1768973270,82.51,10.00,waiting_at_station,46.539756,15.648716
2501,G1,46.530571,15.670551,1768973270,81.18,10.00,waiting_at_station,46.539756,15.648716
2502,G1,46.530896,15.669904,1768973270,94.92,5.00,waiting_at_station,46.539756,15.648716
2800,G1,46.558678,15.655434,1768973270,43.39,50.00,waiting_at_station,46.539756,15.648716
9800,G1,46.539665,15.648886,1768973272,87.46,10.00,on_bus,46.539810,15.648841
9801,G1,46.539791,15.649019,1768973272,51.63,35.00,on_bus,46.539810,15.648841
9802,G1,46.539850,15.648832,1768973272,77.10,10.00,on_bus,46.539810,15.648841
2100,G1,46.552510,15.650209,1768973272,78.99,10.00,waiting_at_station,46.539810,15.648841
2200,G1,46.540192,15.649695,1768973272,68.15,20.00,waiting_at_station,46.539810,15.648841
2500,G1,46.530858,15.670062,1768973272,79.29,10.00,waiting_at_station,46.539810,15.648841
2600,G1,46.540115,15.647760,1768973272,80.73,10.00,waiting_at_station,46.539810,15.648841
9900,G1,46.539806,15.648906,1768973271,100.00,5.00,on_bus,46.539865,15.648966
9901,G1,46.539910,15.648842,1768973271,87.07,10.00,on_bus,46.539865,15.648966
9902,G1,46.539765,15.648833,1768973271,88.56,10.00,on_bus,46.539865,15.648966
9903,G1,46.539929,15.648962,1768973271,89.38,10.00,on_bus,46.539865,15.648966
9904,G1,46.539655,15.649066,1768973271,93.96,5.00,on_bus,46.539865,15.648966
2000,G1,46.559574,15.655966,1768973271,66.24,20.00,waiting_at_station,46.539865,15.648966
2300,G1,46.532461,15.666893,1768973271,100.00,5.00,waiting_at_station,46.539865,15.648966
2301,G1,46.532369,15.667575,1768973271,68.88,20.00,waiting_at_station,46.539865,15.648966
2800,G1,46.559366,15.656182,1768973271,53.61,35.00,waiting_at_station,46.539865,15.648966
2801,G1,46.558526,15.655912,1768973271,73.05,20.00,waiting_at_station,46.539865,15.648966
9900,G1,46.539844,15.649069,1768973271,83.02,10.00,on_bus,46.539887,15.649041
9901,G1,46.539931,15.648938,1768973271,84.30,10.00,on_bus,46.539887,15.649041
2100,G1,46.552573,15.650093,1768973271,90.67,5.00,waiting_at_station,46.539887,15.649041
2101,G1,46.552556,15.650413,1768973271,48.86,35.00,waiting_at_station,46.539887,15.649041
2400,G1,46.527570,15.684586,1768973271,59.59,35.00,waiting_at_station,46.539887,15.649041
2800,G1,46.558870,15.655792,1768973271,76.32,10.00,waiting_at_station,46.539887,15.649041
2801,G1,46.558848,15.655424,1768973271,66.02,20.00,waiting_at_station,46.539887,15.649041
2802,G1,46.558276,15.655182,1768973271,39.26,50.00,waiting_at_station,46.539887,15.649041
9900,G1,46.539914,15.649051,1768973273,59.29,35.00,on_bus,46.539909,15.649116
9901,G1,46.539910,15.649154,1768973273,100.00,5.00,on_bus,46.539909,15.649116
9902,G1,46.539856,15.649179,1768973273,92.98,5.00,on_bus,46.539909,15.649116
9903,G1,46.539922,15.649244,1768973273,88.69,10.00,on_bus,46.539909,15.649116
9904,G1,46.539860,15.649123,1768973273,90.42,5.00,on_bus,46.539909,15.649116
9905,G1,46.539801,15.649012,1768973273,88.11,10.00,on_bus,46.539909,15.649116
2500,G1,46.530857,15.670136,1768973273,79.14,10.00,waiting_at_station,46.539909,15.649116
2501,G1,46.530897,15.669692,1768973273,78.55,10.00,waiting_at_station,46.539909,15.649116
2800,G1,46.558781,15.655667,1768973273,79.92,10.00,waiting_at_station,46.539909,15.649116
2801,G1,46.558812,15.655531,1768973273,80.86,10.00,waiting_at_station,46.539909,15.649116
9900,G1,46.540036,15.649073,1768973273,75.73,10.00,on_bus,46.539930,15.649191
9901,G1,46.539980,15.649187,1768973273,42.86,50.00,on_bus,46.539930,15.649191
9902,G1,46.539987,15.649143,1768973273,74.83,20.00,on_bus,46.539930,15.649191
9903,G1,46.539868,15.649182,1768973273,97.45,5.00,on_bus,46.539930,15.649191
2000,G1,46.559322,15.656024,1768973273,100.00,5.00,waiting_at_station,46.539930,15.649191
2100,G1,46.552643,15.650123,1768973273,93.30,5.00,waiting_at_station,46.539930,15.649191
2101,G1,46.552808,15.650492,1768973273,94.87,5.00,waiting_at_station,46.539930,15.649191
2102,G1,46.552616,15.650806,1768973273,65.63,20.00,waiting_at_station,46.539930,15.649191
9900,G1,46.539942,15.649255,1768973274,59.48,35.00,on_bus,46.539952,15.649266
9901,G1,46.540016,15.649184,1768973274,91.07,5.00,on_bus,46.539952,15.649266
2000,G1,46.559787,15.655853,1768973274,84.63,10.00,waiting_at_station,46.539952,15.649266
2100,G1,46.552615,15.650332,1768973274,72.72,20.00,waiting_at_station,46.539952,15.649266
2500,G1,46.530649,15.670445,1768973274,72.76,20.00,waiting_at_station,46.539952,15.649266
2501,G1,46.530958,15.670099,1768973274,85.84,10.00,waiting_at_station,46.539952,15.649266
2700,G1,46.554172,15.650481,1768973274,45.55,35.00,waiting_at_station,46.539952,15.649266
2701,G1,46.554145,15.650192,1768973274,69.34,20.00,waiting_at_station,46.539952,15.649266
10000,G1,46.540030,15.649134,1768973273,50.59,35.00,on_bus,46.539974,15.649341
10001,G1,46.539976,15.649342,1768973273,58.24,35.00,on_bus,46.539974,15.649341
10002,G1,46.539968,15.649385,1768973273,76.01,10.00,on_bus,46.539974,15.649341
10003,G1,46.540039,15.649280,1768973273,87.61,10.00,on_bus,46.539974,15.649341
2700,G1,46.554326,15.650630,1768973273,52.92,35.00,waiting_at_station,46.539974,15.649341
2701,G1,46.554528,15.650467,1768973273,69.64,20.00,waiting_at_station,46.539974,15.649341
10000,G1,46.540057,15.649337,1768973273,96.21,5.00,on_bus,46.540005,15.649438
10001,G1,46.540020,15.649454,1768973273,69.50,20.00,on_bus,46.540005,15.649438
10002,G1,46.540110,15.649714,1768973273,64.39,20.00,on_bus,46.540005,15.649438
2300,G1,46.532233,15.667214,1768973273,88.48,10.00,waiting_at_station,46.540005,15.649438
2600,G1,46.539973,15.648018,1768973273,94.33,5.00,waiting_at_station,46.540005,15.649438
2601,G1,46.539827,15.647910,1768973273,100.00,5.00,waiting_at_station,46.540005,15.649438
2700,G1,46.554344,15.650709,1768973273,81.19,10.00,waiting_at_station,46.540005,15.649438
2800,G1,46.558733,15.656018,1768973273,82.69,10.00,waiting_at_station,46.540005,15.649438
2801,G1,46.558648,15.655690,1768973273,64.97,20.00,waiting_at_station,46.540005,15.649438
2802,G1,46.558707,15.655705,1768973273,85.90,10.00,waiting_at_station,46.540005,15.649438
10000,G1,46.539989,15.649673,1768973275,82.14,10.00,on_bus,46.540036,15.649535
10001,G1,46.540046,15.649476,1768973275,68.18,20.00,on_bus,46.540036,15.649535
10002,G1,46.540110,15.649463,1768973275,67.34,20.00,on_bus,46.540036,15.649535
10003,G1,46.540002,15.649498,1768973275,100.00,5.00,on_bus,46.540036,15.649535
10004,G1,46.540034,15.649530,1768973275,65.38,20.00,on_bus,46.540036,15.649535
2300,G1,46.532670,15.667135,1768973275,58.46,35.00,waiting_at_station,46.540036,15.649535
10000,G1,46.540104,15.649616,1768973276,83.97,10.00,on_bus,46.540068,15.649633
10001,G1,46.540000,15.649398,1768973276,100.00,5.00,on_bus,46.540068,15.649633
10002,G1,46.540126,15.649591,1768973276,66.49,20.00,on_bus,46.540068,15.649633
10003,G1,46.540197,15.649651,1768973276,80.35,10.00,on_bus,46.540068,15.649633
2000,G1,46.559612,15.656136,1768973276,84.48,10.00,waiting_at_station,46.540068,15.649633
2001,G1,46.559580,15.656011,1768973276,71.01,20.00,waiting_at_station,46.540068,15.649633
2002,G1,46.559521,15.655733,1768973276,82.15,10.00,waiting_at_station,46.540068,15.649633
2100,G1,46.552569,15.649875,1768973276,100.00,5.00,waiting_at_station,46.540068,15.649633
2101,G1,46.552609,15.650262,1768973276,93.49,5.00,waiting_at_station,46.540068,15.649633
2200,G1,46.540043,15.649805,1768973276,74.74,20.00,waiting_at_station,46.540068,15.649633
2201,G1,46.540141,15.649744,1768973276,67.60,20.00,waiting_at_station,46.540068,15.649633
2600,G1,46.540156,15.647893,1768973276,84.58,10.00,waiting_at_station,46.540068,15.649633
2601,G1,46.539871,15.647988,1768973276,81.92,10.00,waiting_at_station,46.540068,15.649633
10100,G1,46.540177,15.649822,1768973275,88.14,10.00,on_bus,46.540099,15.649730
10101,G1,46.540046,15.649797,1768973275,50.49,35.00,on_bus,46.540099,15.649730
10102,G1,46.540176,15.649695,1768973275,63.08,20.00,on_bus,46.540099,15.649730
10103,G1,46.540101,15.649975,1768973275,100.00,5.00,on_bus,46.540099,15.649730
10104,G1,46.540050,15.649977,1768973275,73.08,20.00,on_bus,46.540099,15.649730
10105,G1,46.540108,15.649980,1768973275,76.35,10.00,on_bus,46.540099,15.649730
2000,G1,46.559752,15.656071,1768973275,93.76,5.00,waiting_at_station,46.540099,15.649730
2001,G1,46.559595,15.655942,1768973275,79.61,10.00,waiting_at_station,46.540099,15.649730
2600,G1,46.540011,15.647201,1768973275,100.00,5.00,waiting_at_station,46.540099,15.649730
2601,G1,46.540146,15.647581,1768973275,73.26,20.00,waiting_at_station,46.540099,15.649730
10100,G1,46.540178,15.649844,1768973275,82.80,10.00,on_bus,46.540128,15.649825
10101,G1,46.540160,15.649854,1768973275,65.80,20.00,on_bus,46.540128,15.649825
10102,G1,46.540140,15.649762,1768973275,56.56,35.00,on_bus,46.540128,15.649825
10103,G1,46.540095,15.649828,1768973275,47.31,35.00,on_bus,46.540128,15.649825
10104,G1,46.540163,15.649734,1768973275,100.00,5.00,on_bus,46.540128,15.649825
10105,G1,46.539923,15.649717,1768973275,84.84,10.00,on_bus,46.540128,15.649825
2700,G1,46.554299,15.650729,1768973275,70.91,20.00,waiting_at_station,46.540128,15.649825
10100,G1,46.540018,15.650295,1768973277,72.31,20.00,on_bus,46.540157,15.649920
10101,G1,46.540119,15.649848,1768973277,68.34,20.00,on_bus,46.540157,15.649920
10102,G1,46.540168,15.649905,1768973277,84.18,10.00,on_bus,46.540157,15.649920
10103,G1,46.540167,15.649913,1768973277,65.30,20.00,on_bus,46.540157,15.649920
10104,G1,46.540118,15.649900,1768973277,87.80,10.00,on_bus,46.540157,15.649920
2200,G1,46.539536,15.650142,1768973277,57.74,35.00,waiting_at_station,46.540157,15.649920
2201,G1,46.539978,15.650203,1768973277,66.10,20.00,waiting_at_station,46.540157,15.649920
2202,G1,46.540173,15.649621,1768973277,74.91,20.00,waiting_at_station,46.540157,15.649920
2700,G1,46.554309,15.650282,1768973277,86.54,10.00,waiting_at_station,46.540157,15.649920
2701,G1,46.553878,15.650529,1768973277,72.00,20.00,waiting_at_station,46.540157,15.649920
2702,G1,46.554509,15.650959,1768973277,86.35,10.00,waiting_at_station,46.540157,15.649920
10100,G1,46.540206,15.649919,1768973278,64.86,20.00,on_bus,46.540186,15.650015
10101,G1,46.540247,15.649956,1768973278,62.88,20.00,on_bus,46.540186,15.650015
10102,G1,46.540183,15.650004,1768973278,62.82,20.00,on_bus,46.540186,15.650015
10103,G1,46.540237,15.650056,1768973278,100.00,5.00,on_bus,46.540186,15.650015
10200,G1,46.540184,15.650190,1768973277,88.14,10.00,on_bus,46.540215,15.650110
10201,G1,46.540302,15.650100,1768973277,66.07,20.00,on_bus,46.540215,15.650110
10202,G1,46.540261,15.650075,1768973277,52.20,35.00,on_bus,46.540215,15.650110
2100,G1,46.552747,15.650249,1768973277,65.11,20.00,waiting_at_station,46.540215,15.650110
2200,G1,46.540124,15.649993,1768973277,71.87,20.00,waiting_at_station,46.540215,15.650110
2201,G1,46.540189,15.650744,1768973277,98.97,5.00,waiting_at_station,46.540215,15.650110
2300,G1,46.532560,15.666877,1768973277,60.21,20.00,waiting_at_station,46.540215,15.650110
2301,G1,46.532411,15.667001,1768973277,80.54,10.00,waiting_at_station,46.540215,15.650110
10200,G1,46.540178,15.650192,1768973277,81.88,10.00,on_bus,46.540230,15.650178
10201,G1,46.540283,15.650232,1768973277,81.28,10.00,on_bus,46.540230,15.650178
10202,G1,46.540061,15.650249,1768973277,100.00,5.00,on_bus,46.540230,15.650178
10203,G1,46.540096,15.650047,1768973277,90.46,5.00,on_bus,46.540230,15.650178
10204,G1,46.540209,15.650152,1768973277,100.00,5.00,on_bus,46.540230,15.650178
2000,G1,46.559581,15.656356,1768973277,60.21,20.00,waiting_at_station,46.540230,15.650178
2001,G1,46.559240,15.656546,1768973277,94.13,5.00,waiting_at_station,46.540230,15.650178
2100,G1,46.552632,15.650391,1768973277,84.64,10.00,waiting_at_station,46.540230,15.650178
2101,G1,46.552451,15.649774,1768973277,66.19,20.00,waiting_at_station,46.540230,15.650178
2102,G1,46.552826,15.649985,1768973277,71.63,20.00,waiting_at_station,46.540230,15.650178
2500,G1,46.530878,15.670518,1768973277,84.02,10.00,waiting_at_station,46.540230,15.650178
2501,G1,46.530514,15.668935,1768973277,72.04,20.00,waiting_at_station,46.540230,15.650178
2502,G1,46.530775,15.670630,1768973277,73.58,20.00,waiting_at_station,46.540230,15.650178
10200,G1,46.540297,15.650175,1768973278,90.29,5.00,on_bus,46.540244,15.650247
10201,G1,46.540250,15.650209,1768973278,96.73,5.00,on_bus,46.540244,15.650247
10202,G1,46.540310,15.650164,1768973278,73.93,20.00,on_bus,46.540244,15.650247
10203,G1,46.540187,15.650184,1768973278,70.77,20.00,on_bus,46.540244,15.650247
10204,G1,46.540236,15.650224,1768973278,66.21,20.00,on_bus,46.540244,15.650247
10205,G1,46.540316,15.650269,1768973278,93.89,5.00,on_bus,46.540244,15.650247
2000,G1,46.559562,15.655926,1768973278,58.63,35.00,waiting_at_station,46.540244,15.650247
2500,G1,46.530783,15.669948,1768973278,87.09,10.00,waiting_at_station,46.540244,15.650247
2501,G1,46.530824,15.670353,1768973278,55.11,35.00,waiting_at_station,46.540244,15.650247
2502,G1,46.531059,15.669964,1768973278,58.89,35.00,waiting_at_station,46.540244,15.650247
2800,G1,46.558837,15.656063,1768973278,72.02,20.00,waiting_at_station,46.540244,15.650247
10200,G1,46.540238,15.650324,1768973279,51.20,35.00,on_bus,46.540259,15.650315
10201,G1,46.540204,15.650145,1768973279,74.55,20.00,on_bus,46.540259,15.650315
10202,G1,46.540145,15.650204,1768973279,68.84,20.00,on_bus,46.540259,15.650315
10203,G1,46.540354,15.650354,1768973279,74.97,20.00,on_bus,46.540259,15.650315
10204,G1,46.540197,15.650063,1768973279,73.74,20.00,on_bus,46.540259,15.650315
10205,G1,46.540136,15.650317,1768973279,100.00,5.00,on_bus,46.540259,15.650315
2100,G1,46.552939,15.650024,1768973279,73.10,20.00,waiting_at_station,46.540259,15.650315
2101,G1,46.552554,15.650251,1768973279,69.52,20.00,waiting_at_station,46.540259,15.650315
2300,G1,46.532424,15.667012,1768973279,69.06,20.00,waiting_at_station,46.540259,15.650315
2301,G1,46.532427,15.667213,1768973279,64.33,20.00,waiting_at_station,46.540259,15.650315
2500,G1,46.531082,15.670337,1768973279,45.85,35.00,waiting_at_station,46.540259,15.650315
2501,G1,46.531034,15.670659,1768973279,93.86,5.00,waiting_at_station,46.540259,15.650315
2502,G1,46.531092,15.670173,1768973279,82.60,10.00,waiting_at_station,46.540259,15.650315
2600,G1,46.539621,15.647866,1768973279,60.83,20.00,waiting_at_station,46.540259,15.650315
2601,G1,46.539773,15.648047,1768973279,58.75,35.00,waiting_at_station,46.540259,15.650315
10200,G1,46.540288,15.650265,1768973279,81.41,10.00,on_bus,46.540273,15.650384
10201,G1,46.540205,15.650311,1768973279,98.31,5.00,on_bus,46.540273,15.650384
10202,G1,46.540281,15.650361,1768973279,63.98,20.00,on_bus,46.540273,15.650384
10203,G1,46.540275,15.650375,1768973279,67.86,20.00,on_bus,46.540273,15.650384
10204,G1,46.540214,15.650417,1768973279,86.03,10.00,on_bus,46.540273,15.650384
2100,G1,46.552726,15.650088,1768973279,54.16,35.00,waiting_at_station,46.540273,15.650384
2500,G1,46.530740,15.669600,1768973279,82.00,10.00,waiting_at_station,46.540273,15.650384
2501,G1,46.530563,15.669861,1768973279,82.28,10.00,waiting_at_station,46.540273,15.650384
2600,G1,46.539709,15.648167,1768973279,57.58,35.00,waiting_at_station,46.540273,15.650384
2700,G1,46.554435,15.650124,1768973279,67.04,20.00,waiting_at_station,46.540273,15.650384
10200,G1,46.540251,15.650553,1768973280,76.05,10.00,on_bus,46.540287,15.650453
10201,G1,46.540433,15.650639,1768973280,56.72,35.00,on_bus,46.540287,15.650453
2400,G1,46.527518,15.684636,1768973280,63.00,20.00,waiting_at_station,46.540287,15.650453
2401,G1,46.527592,15.684530,1768973280,75.82,10.00,waiting_at_station,46.540287,15.650453
2402,G1,46.527364,15.684753,1768973280,58.75,35.00,waiting_at_station,46.540287,15.650453
10300,G1,46.540417,15.650727,1768973279,60.89,20.00,on_bus,46.540302,15.650521
10301,G1,46.540282,15.650445,1768973279,88.76,10.00,on_bus,46.540302,15.650521
10302,G1,46.540403,15.650659,1768973279,100.00,5.00,on_bus,46.540302,15.650521
10303,G1,46.540387,15.650510,1768973279,57.50,35.00,on_bus,46.540302,15.650521
10304,G1,46.540333,15.650546,1768973279,79.23,10.00,on_bus,46.540302,15.650521
2200,G1,46.540219,15.649770,1768973279,83.08,10.00,waiting_at_station,46.540302,15.650521
2201,G1,46.540165,15.649487,1768973279,38.65,50.00,waiting_at_station,46.540302,15.650521
2300,G1,46.532450,15.666673,1768973279,80.25,10.00,waiting_at_station,46.540302,15.650521
2500,G1,46.530818,15.669887,1768973279,34.28,50.00,waiting_at_station,46.540302,15.650521
2600,G1,46.539572,15.648337,1768973279,85.33,10.00,waiting_at_station,46.540302,15.650521
2601,G1,46.540013,15.647744,1768973279,97.07,5.00,waiting_at_station,46.540302,15.650521
2602,G1,46.539661,15.648015,1768973279,81.26,10.00,waiting_at_station,46.540302,15.650521
10300,G1,46.540231,15.650674,1768973280,70.24,20.00,on_bus,46.540322,15.650653
10301,G1,46.540159,15.650470,1768973280,77.20,10.00,on_bus,46.540322,15.650653
10302,G1,46.540279,15.650564,1768973280,95.82,5.00,on_bus,46.540322,15.650653
10303,G1,46.540299,15.650655,1768973280,69.83,20.00,on_bus,46.540322,15.650653
2000,G1,46.559520,15.656163,1768973280,68.39,20.00,waiting_at_station,46.540322,15.650653
2001,G1,46.559514,15.655763,1768973280,69.72,20.00,waiting_at_station,46.540322,15.650653
2002,G1,46.559188,15.655982,1768973280,67.06,20.00,waiting_at_station,46.540322,15.650653
2500,G1,46.531196,15.669348,1768973280,42.44,50.00,waiting_at_station,46.540322,15.650653
10300,G1,46.540435,15.650726,1768973281,92.00,5.00,on_bus,46.540342,15.650786
10301,G1,46.540360,15.650971,1768973281,83.76,10.00,on_bus,46.540342,15.650786
2000,G1,46.559411,15.655646,1768973281,71.94,20.00,waiting_at_station,46.540342,15.650786
2400,G1,46.527117,15.684049,1768973281,88.30,10.00,waiting_at_station,46.540342,15.650786
2401,G1,46.527070,15.684119,1768973281,79.26,10.00,waiting_at_station,46.540342,15.650786
2402,G1,46.527388,15.684523,1768973281,70.50,20.00,waiting_at_station,46.540342,15.650786
2800,G1,46.558591,15.656027,1768973281,93.10,5.00,waiting_at_station,46.540342,15.650786
10400,G1,46.540375,15.651090,1768973281,88.20,10.00,on_bus,46.540362,15.650918
10401,G1,46.540390,15.650953,1768973281,100.00,5.00,on_bus,46.540362,15.650918
10402,G1,46.540385,15.650953,1768973281,89.94,10.00,on_bus,46.540362,15.650918
10403,G1,46.540401,15.650807,1768973281,98.60,5.00,on_bus,46.540362,15.650918
10404,G1,46.540348,15.651002,1768973281,90.89,5.00,on_bus,46.540362,15.650918
2100,G1,46.552913,15.650516,1768973281,89.79,10.00,waiting_at_station,46.540362,15.650918
2101,G1,46.552761,15.650045,1768973281,82.00,10.00,waiting_at_station,46.540362,15.650918
2400,G1,46.527447,15.684586,1768973281,80.29,10.00,waiting_at_station,46.540362,15.650918
2401,G1,46.527668,15.684107,1768973281,100.00,5.00,waiting_at_station,46.540362,15.650918
2402,G1,46.526722,15.683856,1768973281,57.62,35.00,waiting_at_station,46.540362,15.650918
10400,G1,46.540420,15.650846,1768973281,82.76,10.00,on_bus,46.540365,15.650993
10401,G1,46.540435,15.651265,1768973281,87.44,10.00,on_bus,46.540365,15.650993
10402,G1,46.540353,15.651156,1768973281,100.00,5.00,on_bus,46.540365,15.650993
10403,G1,46.540415,15.650947,1768973281,84.66,10.00,on_bus,46.540365,15.650993
10404,G1,46.540357,15.651147,1768973281,83.33,10.00,on_bus,46.540365,15.650993
10405,G1,46.540245,15.650904,1768973281,77.68,10.00,on_bus,46.540365,15.650993
2100,G1,46.552539,15.650263,1768973281,67.63,20.00,waiting_at_station,46.540365,15.650993
2101,G1,46.552991,15.650167,1768973281,73.38,20.00,waiting_at_station,46.540365,15.650993
2102,G1,46.552681,15.650262,1768973281,79.86,10.00,waiting_at_station,46.540365,15.650993
2600,G1,46.539740,15.648053,1768973281,74.92,20.00,waiting_at_station,46.540365,15.650993
2700,G1,46.554436,15.650558,1768973281,100.00,5.00,waiting_at_station,46.540365,15.650993
10400,G1,46.540333,15.651136,1768973283,63.70,20.00,on_bus,46.540368,15.651067
10401,G1,46.540438,15.651198,1768973283,79.99,10.00,on_bus,46.540368,15.651067
10402,G1,46.540427,15.651160,1768973283,93.51,5.00,on_bus,46.540368,15.651067
10403,G1,46.540366,15.650988,1768973283,80.00,10.00,on_bus,46.540368,15.651067
10404,G1,46.540358,15.651055,1768973283,81.01,10.00,on_bus,46.540368,15.651067
10405,G1,46.540351,15.651091,1768973283,58.01,35.00,on_bus,46.540368,15.651067
2500,G1,46.530675,15.670834,1768973283,68.04,20.00,waiting_at_station,46.540368,15.651067
2700,G1,46.554299,15.650475,1768973283,100.00,5.00,waiting_at_station,46.540368,15.651067
2701,G1,46.555406,15.650728,1768973283,75.38,10.00,waiting_at_station,46.540368,15.651067
10400,G1,46.540353,15.651126,1768973283,65.44,20.00,on_bus,46.540371,15.651142
10401,G1,46.540444,15.651286,1768973283,69.60,20.00,on_bus,46.540371,15.651142
10402,G1,46.540349,15.651156,1768973283,56.12,35.00,on_bus,46.540371,15.651142
10403,G1,46.540386,15.651140,1768973283,64.86,20.00,on_bus,46.540371,15.651142
2600,G1,46.539981,15.648247,1768973283,73.92,20.00,waiting_at_station,46.540371,15.651142
2800,G1,46.558579,15.656349,1768973283,88.88,10.00,waiting_at_station,46.540371,15.651142
2801,G1,46.558584,15.655731,1768973283,46.09,35.00,waiting_at_station,46.540371,15.651142
2802,G1,46.558592,15.655751,1768973283,74.41,20.00,waiting_at_station,46.540371,15.651142
10400,G1,46.540375,15.651207,1768973284,67.37,20.00,on_bus,46.540373,15.651216
10401,G1,46.540388,15.651211,1768973284,55.64,35.00,on_bus,46.540373,15.651216
10402,G1,46.540441,15.651184,1768973284,82.52,10.00,on_bus,46.540373,15.651216
10403,G1,46.540707,15.651092,1768973284,86.80,10.00,on_bus,46.540373,15.651216
10404,G1,46.540392,15.651188,1768973284,67.25,20.00,on_bus,46.540373,15.651216
10405,G1,46.540215,15.651105,1768973284,82.06,10.00,on_bus,46.540373,15.651216
2700,G1,46.554373,15.650813,1768973284,91.99,5.00,waiting_at_station,46.540373,15.651216
2701,G1,46.554455,15.650522,1768973284,47.12,35.00,waiting_at_station,46.540373,15.651216
2702,G1,46.554893,15.650065,1768973284,83.73,10.00,waiting_at_station,46.540373,15.651216
10400,G1,46.540248,15.651367,1768973284,86.32,10.00,on_bus,46.540376,15.651290
10401,G1,46.540490,15.651431,1768973284,90.97,5.00,on_bus,46.540376,15.651290
10402,G1,46.540381,15.651171,1768973284,100.00,5.00,on_bus,46.540376,15.651290
10403,G1,46.540395,15.651091,1768973284,57.89,35.00,on_bus,46.540376,15.651290
10404,G1,46.540439,15.651272,1768973284,100.00,5.00,on_bus,46.540376,15.651290
10405,G1,46.540370,15.651325,1768973284,84.14,10.00,on_bus,46.540376,15.651290
10500,G1,46.540431,15.651311,1768973283,100.00,5.00,on_bus,46.540379,15.651365
10501,G1,46.540253,15.651297,1768973283,54.96,35.00,on_bus,46.540379,15.651365
10502,G1,46.540408,15.651702,1768973283,67.10,20.00,on_bus,46.540379,15.651365
10503,G1,46.540369,15.651331,1768973283,76.67,10.00,on_bus,46.540379,15.651365
2000,G1,46.558999,15.655925,1768973283,81.48,10.00,waiting_at_station,46.540379,15.651365
2001,G1,46.559345,15.656051,1768973283,47.42,35.00,waiting_at_station,46.540379,15.651365
2002,G1,46.559505,15.656016,1768973283,76.78,10.00,waiting_at_station,46.540379,15.651365
2400,G1,46.527737,15.684464,1768973283,85.33,10.00,waiting_at_station,46.540379,15.651365
2500,G1,46.530865,15.669550,1768973283,77.31,10.00,waiting_at_station,46.540379,15.651365
2700,G1,46.554308,15.650616,1768973283,66.18,20.00,waiting_at_station,46.540379,15.651365
2701,G1,46.554225,15.650702,1768973283,82.22,10.00,waiting_at_station,46.540379,15.651365
2702,G1,46.554414,15.650534,1768973283,80.24,10.00,waiting_at_station,46.540379,15.651365
10500,G1,46.540162,15.651482,1768973284,93.41,5.00,on_bus,46.540374,15.651474
10501,G1,46.540169,15.651620,1768973284,73.03,20.00,on_bus,46.540374,15.651474
10502,G1,46.540403,15.651624,1768973284,59.37,35.00,on_bus,46.540374,15.651474
2000,G1,46.559486,15.655777,1768973284,88.88,10.00,waiting_at_station,46.540374,15.651474
2100,G1,46.552706,15.649776,1768973284,95.93,5.00,waiting_at_station,46.540374,15.651474
2101,G1,46.552574,15.650212,1768973284,90.67,5.00,waiting_at_station,46.540374,15.651474
2500,G1,46.530965,15.669917,1768973284,76.04,10.00,waiting_at_station,46.540374,15.651474
2501,G1,46.530808,15.669483,1768973284,100.00,5.00,waiting_at_station,46.540374,15.651474
2700,G1,46.554201,15.650861,1768973284,69.44,20.00,waiting_at_station,46.540374,15.651474
10500,G1,46.540402,15.651492,1768973285,88.65,10.00,on_bus,46.540369,15.651583
10501,G1,46.540394,15.651452,1768973285,100.00,5.00,on_bus,46.540369,15.651583
10502,G1,46.540371,15.651486,1768973285,56.54,35.00,on_bus,46.540369,15.651583
10503,G1,46.540411,15.651608,1768973285,81.94,10.00,on_bus,46.540369,15.651583
10504,G1,46.540297,15.651652,1768973285,74.61,20.00,on_bus,46.540369,15.651583
10500,G1,46.540468,15.651551,1768973286,69.99,20.00,on_bus,46.540364,15.651692
10501,G1,46.540389,15.651736,1768973286,67.59,20.00,on_bus,46.540364,15.651692
10502,G1,46.540410,15.651685,1768973286,52.78,35.00,on_bus,46.540364,15.651692
10503,G1,46.540284,15.651618,1768973286,94.78,5.00,on_bus,46.540364,15.651692
10504,G1,46.540323,15.651894,1768973286,83.56,10.00,on_bus,46.540364,15.651692
2100,G1,46.552745,15.650324,1768973286,80.80,10.00,waiting_at_station,46.540364,15.651692
2101,G1,46.552566,15.650465,1768973286,87.96,10.00,waiting_at_station,46.540364,15.651692
2102,G1,46.552697,15.650298,1768973286,83.39,10.00,waiting_at_station,46.540364,15.651692
2600,G1,46.539832,15.648461,1768973286,61.96,20.00,waiting_at_station,46.540364,15.651692
10600,G1,46.540348,15.651748,1768973285,62.78,20.00,on_bus,46.540359,15.651801
10601,G1,46.540326,15.651754,1768973285,84.14,10.00,on_bus,46.540359,15.651801
10602,G1,46.540324,15.651793,1768973285,75.10,10.00,on_bus,46.540359,15.651801
10603,G1,46.540373,15.651822,1768973285,76.95,10.00,on_bus,46.540359,15.651801
10604,G1,46.540291,15.651522,1768973285,61.95,20.00,on_bus,46.540359,15.651801
10605,G1,46.540289,15.651808,1768973285,87.64,10.00,on_bus,46.540359,15.651801
2300,G1,46.532722,15.666669,1768973285,88.39,10.00,waiting_at_station,46.540359,15.651801
2301,G1,46.532628,15.666981,1768973285,87.39,10.00,waiting_at_station,46.540359,15.651801
2302,G1,46.532501,15.667179,1768973285,78.97,10.00,waiting_at_station,46.540359,15.651801
2700,G1,46.554631,15.650560,1768973285,53.44,35.00,waiting_at_station,46.540359,15.651801
10600,G1,46.540265,15.651921,1768973286,87.84,10.00,on_bus,46.540343,15.651910
10601,G1,46.540316,15.651765,1768973286,72.84,20.00,on_bus,46.540343,15.651910
2000,G1,46.559473,15.656206,1768973286,72.48,20.00,waiting_at_station,46.540343,15.651910
2300,G1,46.532702,15.666528,1768973286,76.65,10.00,waiting_at_station,46.540343,15.651910
2600,G1,46.539846,15.647932,1768973286,64.22,20.00,waiting_at_station,46.540343,15.651910
2800,G1,46.558990,15.655611,1768973286,41.29,50.00,waiting_at_station,46.540343,15.651910
2801,G1,46.558623,15.655628,1768973286,100.00,5.00,waiting_at_station,46.540343,15.651910
2802,G1,46.558583,15.655689,1768973286,66.05,20.00,waiting_at_station,46.540343,15.651910
10600,G1,46.540414,15.651798,1768973287,72.36,20.00,on_bus,46.540326,15.652019
10601,G1,46.540395,15.651989,1768973287,43.54,50.00,on_bus,46.540326,15.652019
10602,G1,46.540295,15.651997,1768973287,98.05,5.00,on_bus,46.540326,15.652019
10603,G1,46.540433,15.652017,1768973287,100.00,5.00,on_bus,46.540326,15.652019
10604,G1,46.540124,15.652313,1768973287,66.49,20.00,on_bus,46.540326,15.652019
2300,G1,46.532414,15.667004,1768973287,72.12,20.00,waiting_at_station,46.540326,15.652019
2301,G1,46.532107,15.666673,1768973287,82.84,10.00,waiting_at_station,46.540326,15.652019
2302,G1,46.532447,15.666992,1768973287,82.42,10.00,waiting_at_station,46.540326,15.652019
2500,G1,46.530908,15.670111,1768973287,77.03,10.00,waiting_at_station,46.540326,15.652019
2501,G1,46.530787,15.670515,1768973287,59.08,35.00,waiting_at_station,46.540326,15.652019
2502,G1,46.530810,15.669965,1768973287,57.54,35.00,waiting_at_station,46.540326,15.652019
2700,G1,46.554317,15.650568,1768973287,89.13,10.00,waiting_at_station,46.540326,15.652019
2701,G1,46.554154,15.650366,1768973287,60.61,20.00,waiting_at_station,46.540326,15.652019
2702,G1,46.554505,15.651099,1768973287,36.28,50.00,waiting_at_station,46.540326,15.652019
10600,G1,46.540295,15.652142,1768973289,78.97,10.00,on_bus,46.540309,15.652128
10601,G1,46.540267,15.652139,1768973289,57.12,35.00,on_bus,46.540309,15.652128
10602,G1,46.540251,15.652155,1768973289,62.24,20.00,on_bus,46.540309,15.652128
10603,G1,46.540460,15.652019,1768973289,94.78,5.00,on_bus,46.540309,15.652128
2200,G1,46.539999,15.650310,1768973289,52.98,35.00,waiting_at_station,46.540309,15.652128
2201,G1,46.539926,15.649855,1768973289,80.06,10.00,waiting_at_station,46.540309,15.652128
2300,G1,46.532260,15.666742,1768973289,80.64,10.00,waiting_at_station,46.540309,15.652128
2301,G1,46.532444,15.667348,1768973289,74.96,20.00,waiting_at_station,46.540309,15.652128
2700,G1,46.554822,15.650611,1768973289,80.43,10.00,waiting_at_station,46.540309,15.652128
2800,G1,46.558743,15.655697,1768973289,65.19,20.00,waiting_at_station,46.540309,15.652128
2801,G1,46.558737,15.655736,1768973289,74.50,20.00,waiting_at_station,46.540309,15.652128
10700,G1,46.540345,15.652101,1768973288,79.32,10.00,on_bus,46.540293,15.652237
10701,G1,46.540290,15.652235,1768973288,80.90,10.00,on_bus,46.540293,15.652237
10702,G1,46.540271,15.652368,1768973288,77.07,10.00,on_bus,46.540293,15.652237
2700,G1,46.554041,15.650761,1768973288,57.90,35.00,waiting_at_station,46.540293,15.652237
2701,G1,46.554278,15.650402,1768973288,63.76,20.00,waiting_at_station,46.540293,15.652237
10700,G1,46.540317,15.652449,1768973288,87.78,10.00,on_bus,46.540267,15.652337
10701,G1,46.540302,15.652365,1768973288,100.00,5.00,on_bus,46.540267,15.652337
2100,G1,46.552834,15.650218,1768973288,89.34,10.00,waiting_at_station,46.540267,15.652337
2300,G1,46.532078,15.667165,1768973288,90.31,5.00,waiting_at_station,46.540267,15.652337
10700,G1,46.540273,15.652502,1768973289,69.50,20.00,on_bus,46.540240,15.652437
10701,G1,46.540249,15.652369,1768973289,75.89,10.00,on_bus,46.540240,15.652437
10702,G1,46.540203,15.652393,1768973289,100.00,5.00,on_bus,46.540240,15.652437
10703,G1,46.540425,15.652631,1768973289,74.60,20.00,on_bus,46.540240,15.652437
2000,G1,46.559411,15.656192,1768973289,91.80,5.00,waiting_at_station,46.540240,15.652437
2001,G1,46.559236,15.656133,1768973289,100.00,5.00,waiting_at_station,46.540240,15.652437
2002,G1,46.559425,15.656321,1768973289,83.97,10.00,waiting_at_station,46.540240,15.652437
2200,G1,46.540217,15.649915,1768973289,56.27,35.00,waiting_at_station,46.540240,15.652437
2201,G1,46.540311,15.650305,1768973289,73.02,20.00,waiting_at_station,46.540240,15.652437
2202,G1,46.540187,15.649185,1768973289,100.00,5.00,waiting_at_station,46.540240,15.652437
2300,G1,46.532733,15.666804,1768973289,55.15,35.00,waiting_at_station,46.540240,15.652437
2400,G1,46.527569,15.684433,1768973289,83.56,10.00,waiting_at_station,46.540240,15.652437
2401,G1,46.527370,15.684825,1768973289,48.63,35.00,waiting_at_station,46.540240,15.652437
2402,G1,46.527467,15.683942,1768973289,85.72,10.00,waiting_at_station,46.540240,15.652437
10700,G1,46.540167,15.652552,1768973291,83.45,10.00,on_bus,46.540214,15.652537
10701,G1,46.539981,15.652440,1768973291,61.36,20.00,on_bus,46.540214,15.652537
10702,G1,46.540238,15.652588,1768973291,49.30,35.00,on_bus,46.540214,15.652537
10703,G1,46.540324,15.652624,1768973291,68.28,20.00,on_bus,46.540214,15.652537
10704,G1,46.540182,15.652586,1768973291,82.80,10.00,on_bus,46.540214,15.652537
10705,G1,46.540210,15.652512,1768973291,78.84,10.00,on_bus,46.540214,15.652537
2200,G1,46.540217,15.650061,1768973291,78.98,10.00,waiting_at_station,46.540214,15.652537
2201,G1,46.540069,15.649592,1768973291,64.05,20.00,waiting_at_station,46.540214,15.652537
2400,G1,46.527329,15.684058,1768973291,66.88,20.00,waiting_at_station,46.540214,15.652537
2401,G1,46.527656,15.684487,1768973291,81.98,10.00,waiting_at_station,46.540214,15.652537
10800,G1,46.540157,15.652627,1768973290,78.92,10.00,on_bus,46.540187,15.652637
10801,G1,46.540079,15.652983,1768973290,100.00,5.00,on_bus,46.540187,15.652637
10802,G1,46.540152,15.652643,1768973290,79.55,10.00,on_bus,46.540187,15.652637
10803,G1,46.540204,15.652517,1768973290,80.36,10.00,on_bus,46.540187,15.652637
10804,G1,46.540289,15.652432,1768973290,74.71,20.00,on_bus,46.540187,15.652637
10805,G1,46.540164,15.652701,1768973290,83.46,10.00,on_bus,46.540187,15.652637
2300,G1,46.532456,15.666655,1768973290,78.26,10.00,waiting_at_station,46.540187,15.652637
2301,G1,46.532523,15.666835,1768973290,76.81,10.00,waiting_at_station,46.540187,15.652637
2600,G1,46.539926,15.647774,1768973290,87.22,10.00,waiting_at_station,46.540187,15.652637
2601,G1,46.539932,15.648406,1768973290,74.96,20.00,waiting_at_station,46.540187,15.652637
2602,G1,46.539331,15.648016,1768973290,60.94,20.00,waiting_at_station,46.540187,15.652637
10800,G1,46.540143,15.652569,1768973290,82.17,10.00,on_bus,46.540156,15.652727
10801,G1,46.540191,15.652766,1768973290,58.15,35.00,on_bus,46.540156,15.652727
10802,G1,46.540152,15.652773,1768973290,86.29,10.00,on_bus,46.540156,15.652727
10803,G1,46.540172,15.652689,1768973290,75.79,10.00,on_bus,46.540156,15.652727
10804,G1,46.540123,15.652879,1768973290,78.91,10.00,on_bus,46.540156,15.652727
2400,G1,46.527510,15.685183,1768973290,60.44,20.00,waiting_at_station,46.540156,15.652727
2401,G1,46.526840,15.684898,1768973290,80.65,10.00,waiting_at_station,46.540156,15.652727
2600,G1,46.539539,15.648001,1768973290,61.84,20.00,waiting_at_station,46.540156,15.652727
2700,G1,46.554256,15.650581,1768973290,76.02,10.00,waiting_at_station,46.540156,15.652727
2701,G1,46.554420,15.650726,1768973290,71.86,20.00,waiting_at_station,46.540156,15.652727
10800,G1,46.540077,15.652982,1768973291,100.00,5.00,on_bus,46.540126,15.652818
10801,G1,46.540125,15.652858,1768973291,98.38,5.00,on_bus,46.540126,15.652818
10802,G1,46.540185,15.652873,1768973291,70.55,20.00,on_bus,46.540126,15.652818
2000,G1,46.559529,15.656350,1768973291,74.20,20.00,waiting_at_station,46.540126,15.652818
2001,G1,46.559648,15.655676,1768973291,71.49,20.00,waiting_at_station,46.540126,15.652818
2002,G1,46.559446,15.655483,1768973291,94.53,5.00,waiting_at_station,46.540126,15.652818
2500,G1,46.530483,15.670330,1768973291,56.68,35.00,waiting_at_station,46.540126,15.652818
10800,G1,46.539980,15.652808,1768973293,80.77,10.00,on_bus,46.540095,15.652908
10801,G1,46.540038,15.652825,1768973293,87.12,10.00,on_bus,46.540095,15.652908
10802,G1,46.540174,15.652818,1768973293,73.62,20.00,on_bus,46.540095,15.652908
10803,G1,46.540094,15.652875,1768973293,51.89,35.00,on_bus,46.540095,15.652908
10804,G1,46.540116,15.652918,1768973293,75.12,10.00,on_bus,46.540095,15.652908
10805,G1,46.540123,15.652841,1768973293,100.00,5.00,on_bus,46.540095,15.652908
2000,G1,46.559690,15.655844,1768973293,54.95,35.00,waiting_at_station,46.540095,15.652908
2001,G1,46.559711,15.655287,1768973293,81.15,10.00,waiting_at_station,46.540095,15.652908
2002,G1,46.559366,15.656018,1768973293,94.45,5.00,waiting_at_station,46.540095,15.652908
2100,G1,46.552311,15.650221,1768973293,78.47,10.00,waiting_at_station,46.540095,15.652908
2200,G1,46.540110,15.649786,1768973293,77.14,10.00,waiting_at_station,46.540095,15.652908
2201,G1,46.540057,15.649739,1768973293,59.12,35.00,waiting_at_station,46.540095,15.652908
2300,G1,46.532870,15.667036,1768973293,88.64,10.00,waiting_at_station,46.540095,15.652908
2301,G1,46.532577,15.666764,1768973293,88.72,10.00,waiting_at_station,46.540095,15.652908
2500,G1,46.530664,15.669921,1768973293,49.69,35.00,waiting_at_station,46.540095,15.652908
2700,G1,46.554069,15.650776,1768973293,93.14,5.00,waiting_at_station,46.540095,15.652908
2701,G1,46.554470,15.650973,1768973293,61.06,20.00,waiting_at_station,46.540095,15.652908
2702,G1,46.554110,15.650659,1768973293,61.73,20.00,waiting_at_station,46.540095,15.652908
10900,G1,46.540043,15.653103,1768973292,68.53,20.00,on_bus,46.540064,15.652998
10901,G1,46.540019,15.652937,1768973292,74.59,20.00,on_bus,46.540064,15.652998
10902,G1,46.540058,15.653043,1768973292,92.37,5.00,on_bus,46.540064,15.652998
10903,G1,46.540080,15.653150,1768973292,43.38,50.00,on_bus,46.540064,15.652998
2000,G1,46.559546,15.655777,1768973292,56.78,35.00,waiting_at_station,46.540064,15.652998
2700,G1,46.554390,15.650622,1768973292,90.54,5.00,waiting_at_station,46.540064,15.652998
2701,G1,46.554639,15.650566,1768973292,58.98,35.00,waiting_at_station,46.540064,15.652998
2702,G1,46.554490,15.650736,1768973292,82.16,10.00,waiting_at_station,46.540064,15.652998
2800,G1,46.558669,15.656926,1768973292,91.63,5.00,waiting_at_station,46.540064,15.652998
2801,G1,46.558480,15.655679,1768973292,78.33,10.00,waiting_at_station,46.540064,15.652998
2802,G1,46.558744,15.655896,1768973292,74.08,20.00,waiting_at_station,46.540064,15.652998
10900,G1,46.539938,15.653110,1768973293,89.33,10.00,on_bus,46.539981,15.653151
10901,G1,46.539966,15.653200,1768973293,64.43,20.00,on_bus,46.539981,15.653151
2000,G1,46.559537,15.655980,1768973293,68.24,20.00,waiting_at_station,46.539981,15.653151
2400,G1,46.527345,15.684127,1768973293,61.03,20.00,waiting_at_station,46.539981,15.653151
2500,G1,46.530634,15.669632,1768973293,72.72,20.00,waiting_at_station,46.539981,15.653151
2501,G1,46.530848,15.669986,1768973293,74.57,20.00,waiting_at_station,46.539981,15.653151
10900,G1,46.539851,15.653502,1768973295,100.00,5.00,on_bus,46.539897,15.653304
10901,G1,46.539871,15.653300,1768973295,89.97,10.00,on_bus,46.539897,15.653304
10902,G1,46.539860,15.653345,1768973295,86.46,10.00,on_bus,46.539897,15.653304
10903,G1,46.539890,15.653360,1768973295,100.00,5.00,on_bus,46.539897,15.653304
2000,G1,46.559404,15.656064,1768973295,90.70,5.00,waiting_at_station,46.539897,15.653304
2001,G1,46.559419,15.655874,1768973295,69.15,20.00,waiting_at_station,46.539897,15.653304
2100,G1,46.552502,15.649899,1768973295,72.25,20.00,waiting_at_station,46.539897,15.653304
11000,G1,46.539725,15.653346,1768973294,70.23,20.00,on_bus,46.539814,15.653457
11001,G1,46.539742,15.653266,1768973294,91.09,5.00,on_bus,46.539814,15.653457
11002,G1,46.540067,15.653218,1768973294,71.76,20.00,on_bus,46.539814,15.653457
2100,G1,46.552942,15.649978,1768973294,100.00,5.00,waiting_at_station,46.539814,15.653457
2101,G1,46.552677,15.649695,1768973294,72.01,20.00,waiting_at_station,46.539814,15.653457
2300,G1,46.532377,15.666694,1768973294,83.46,10.00,waiting_at_station,46.539814,15.653457
2301,G1,46.532652,15.666905,1768973294,99.65,5.00,waiting_at_station,46.539814,15.653457
2302,G1,46.532584,15.666860,1768973294,66.21,20.00,waiting_at_station,46.539814,15.653457
2500,G1,46.530927,15.669904,1768973294,62.10,20.00,waiting_at_station,46.539814,15.653457
2501,G1,46.530755,15.670131,1768973294,85.27,10.00,waiting_at_station,46.539814,15.653457
2502,G1,46.530905,15.670188,1768973294,61.68,20.00,waiting_at_station,46.539814,15.653457
2800,G1,46.558889,15.655777,1768973294,100.00,5.00,waiting_at_station,46.539814,15.653457
11000,G1,46.539685,15.653421,1768973295,68.01,20.00,on_bus,46.539777,15.653506
11001,G1,46.539756,15.653580,1768973295,80.81,10.00,on_bus,46.539777,15.653506
11002,G1,46.539704,15.653492,1768973295,72.80,20.00,on_bus,46.539777,15.653506
11003,G1,46.539756,15.653544,1768973295,68.01,20.00,on_bus,46.539777,15.653506
2200,G1,46.540011,15.649998,1768973295,82.90,10.00,waiting_at_station,46.539777,15.653506
2201,G1,46.540172,15.649370,1768973295,34.00,50.00,waiting_at_station,46.539777,15.653506
2202,G1,46.540152,15.650383,1768973295,73.38,20.00,waiting_at_station,46.539777,15.653506
2300,G1,46.532309,15.667296,1768973295,82.59,10.00,waiting_at_station,46.539777,15.653506
2500,G1,46.530641,15.669763,1768973295,76.20,10.00,waiting_at_station,46.539777,15.653506
2501,G1,46.530675,15.670033,1768973295,84.11,10.00,waiting_at_station,46.539777,15.653506
2600,G1,46.539877,15.648167,1768973295,64.23,20.00,waiting_at_station,46.539777,15.653506
2601,G1,46.539798,15.647957,1768973295,69.52,20.00,waiting_at_station,46.539777,15.653506
2700,G1,46.554222,15.650872,1768973295,68.01,20.00,waiting_at_station,46.539777,15.653506
2701,G1,46.554541,15.650662,1768973295,75.06,10.00,waiting_at_station,46.539777,15.653506
2800,G1,46.558975,15.655054,1768973295,80.90,10.00,waiting_at_station,46.539777,15.653506
11000,G1,46.539739,15.653647,1768973296,62.00,20.00,on_bus,46.539740,15.653556
11001,G1,46.539664,15.653400,1768973296,68.08,20.00,on_bus,46.539740,15.653556
11002,G1,46.539777,15.653496,1768973296,89.11,10.00,on_bus,46.539740,15.653556
11003,G1,46.539780,15.653434,1768973296,80.70,10.00,on_bus,46.539740,15.653556
11004,G1,46.539786,15.653595,1768973296,82.67,10.00,on_bus,46.539740,15.653556
11005,G1,46.539703,15.653542,1768973296,82.40,10.00,on_bus,46.539740,15.653556
2700,G1,46.554120,15.650583,1768973296,57.21,35.00,waiting_at_station,46.539740,15.653556
2701,G1,46.554307,15.650094,1768973296,77.13,10.00,waiting_at_station,46.539740,15.653556
11000,G1,46.539727,15.653555,1768973296,83.15,10.00,on_bus,46.539703,15.653605
11001,G1,46.539687,15.653694,1768973296,71.87,20.00,on_bus,46.539703,15.653605
11002,G1,46.539799,15.653592,1768973296,81.39,10.00,on_bus,46.539703,15.653605
11003,G1,46.539868,15.653714,1768973296,100.00,5.00,on_bus,46.539703,15.653605
11004,G1,46.539723,15.653379,1768973296,100.00,5.00,on_bus,46.539703,15.653605
11005,G1,46.539714,15.653701,1768973296,86.55,10.00,on_bus,46.539703,15.653605
2000,G1,46.559800,15.656275,1768973296,74.33,20.00,waiting_at_station,46.539703,15.653605
2400,G1,46.527788,15.684737,1768973296,63.69,20.00,waiting_at_station,46.539703,15.653605
11000,G1,46.539671,15.653550,1768973297,79.14,10.00,on_bus,46.539665,15.653655
11001,G1,46.539604,15.653553,1768973297,75.98,10.00,on_bus,46.539665,15.653655
11002,G1,46.539679,15.653718,1768973297,48.53,35.00,on_bus,46.539665,15.653655
2100,G1,46.552936,15.650177,1768973297,70.41,20.00,waiting_at_station,46.539665,15.653655
2200,G1,46.539720,15.650230,1768973297,79.77,10.00,waiting_at_station,46.539665,15.653655
2201,G1,46.540203,15.649630,1768973297,99.20,5.00,waiting_at_station,46.539665,15.653655
2202,G1,46.540250,15.649862,1768973297,80.10,10.00,waiting_at_station,46.539665,15.653655
2300,G1,46.532517,15.666904,1768973297,62.48,20.00,waiting_at_station,46.539665,15.653655
2301,G1,46.532665,15.666570,1768973297,74.37,20.00,waiting_at_station,46.539665,15.653655
2302,G1,46.532265,15.666558,1768973297,93.71,5.00,waiting_at_station,46.539665,15.653655
2700,G1,46.554266,15.650599,1768973297,76.87,10.00,waiting_at_station,46.539665,15.653655
2701,G1,46.554083,15.650554,1768973297,71.11,20.00,waiting_at_station,46.539665,15.653655
2702,G1,46.554234,15.650577,1768973297,55.95,35.00,waiting_at_station,46.539665,15.653655
11000,G1,46.539628,15.653634,1768973298,61.10,20.00,on_bus,46.539628,15.653704
11001,G1,46.539571,15.653890,1768973298,74.56,20.00,on_bus,46.539628,15.653704
11002,G1,46.539772,15.653886,1768973298,71.49,20.00,on_bus,46.539628,15.653704
11003,G1,46.539620,15.653699,1768973298,88.29,10.00,on_bus,46.539628,15.653704
2200,G1,46.539899,15.649654,1768973298,63.54,20.00,waiting_at_station,46.539628,15.653704
2201,G1,46.540323,15.649273,1768973298,79.12,10.00,waiting_at_station,46.539628,15.653704
11100,G1,46.539703,15.653667,1768973297,78.44,10.00,on_bus,46.539591,15.653754
11101,G1,46.539668,15.653796,1768973297,97.08,5.00,on_bus,46.539591,15.653754
11102,G1,46.539654,15.653828,1768973297,94.50,5.00,on_bus,46.539591,15.653754
11103,G1,46.539583,15.653771,1768973297,97.77,5.00,on_bus,46.539591,15.653754
11104,G1,46.539695,15.653721,1768973297,78.71,10.00,on_bus,46.539591,15.653754
2000,G1,46.559514,15.655988,1768973297,82.64,10.00,waiting_at_station,46.539591,15.653754
2001,G1,46.559565,15.655734,1768973297,82.63,10.00,waiting_at_station,46.539591,15.653754
2002,G1,46.559335,15.656422,1768973297,96.76,5.00,waiting_at_station,46.539591,15.653754
2400,G1,46.527662,15.684152,1768973297,93.24,5.00,waiting_at_station,46.539591,15.653754
2700,G1,46.554440,15.650335,1768973297,92.43,5.00,waiting_at_station,46.539591,15.653754
2701,G1,46.554263,15.650627,1768973297,60.07,20.00,waiting_at_station,46.539591,15.653754
11100,G1,46.539494,15.653725,1768973297,100.00,5.00,on_bus,46.539528,15.653828
11101,G1,46.539499,15.653766,1768973297,79.43,10.00,on_bus,46.539528,15.653828
11102,G1,46.539540,15.653859,1768973297,78.74,10.00,on_bus,46.539528,15.653828
11103,G1,46.539614,15.653676,1768973297,95.86,5.00,on_bus,46.539528,15.653828
11100,G1,46.539522,15.653955,1768973298,55.25,35.00,on_bus,46.539465,15.653902
11101,G1,46.539318,15.653909,1768973298,62.03,20.00,on_bus,46.539465,15.653902
11102,G1,46.539519,15.653761,1768973298,82.74,10.00,on_bus,46.539465,15.653902
11103,G1,46.539565,15.653825,1768973298,77.47,10.00,on_bus,46.539465,15.653902
11104,G1,46.539569,15.653913,1768973298,47.06,35.00,on_bus,46.539465,15.653902
11105,G1,46.539426,15.653884,1768973298,50.60,35.00,on_bus,46.539465,15.653902
2000,G1,46.559960,15.655753,1768973298,53.14,35.00,waiting_at_station,46.539465,15.653902
2001,G1,46.559539,15.656309,1768973298,59.79,35.00,waiting_at_station,46.539465,15.653902
2500,G1,46.530843,15.670033,1768973298,95.25,5.00,waiting_at_station,46.539465,15.653902
2700,G1,46.554044,15.650564,1768973298,49.41,35.00,waiting_at_station,46.539465,15.653902
11100,G1,46.539322,15.654041,1768973300,84.67,10.00,on_bus,46.539403,15.653975
11101,G1,46.539452,15.653941,1768973300,85.51,10.00,on_bus,46.539403,15.653975
11102,G1,46.539447,15.653875,1768973300,81.84,10.00,on_bus,46.539403,15.653975
2100,G1,46.552589,15.649722,1768973300,96.47,5.00,waiting_at_station,46.539403,15.653975
2700,G1,46.554585,15.650428,1768973300,100.00,5.00,waiting_at_station,46.539403,15.653975
2800,G1,46.558687,15.655958,1768973300,60.87,20.00,waiting_at_station,46.539403,15.653975
11100,G1,46.539332,15.654171,1768973301,55.83,35.00,on_bus,46.539340,15.654049
11101,G1,46.539271,15.653818,1768973301,91.96,5.00,on_bus,46.539340,15.654049
11102,G1,46.539286,15.653904,1768973301,65.72,20.00,on_bus,46.539340,15.654049
11200,G1,46.539223,15.654275,1768973299,86.82,10.00,on_bus,46.539277,15.654123
11201,G1,46.539232,15.653925,1768973299,86.21,10.00,on_bus,46.539277,15.654123
11202,G1,46.539344,15.654259,1768973299,89.37,10.00,on_bus,46.539277,15.654123
11203,G1,46.539205,15.654248,1768973299,74.98,20.00,on_bus,46.539277,15.654123
11204,G1,46.539231,15.654093,1768973299,70.84,20.00,on_bus,46.539277,15.654123
2100,G1,46.552676,15.650170,1768973299,57.36,35.00,waiting_at_station,46.539277,15.654123
2101,G1,46.552459,15.650509,1768973299,60.80,20.00,waiting_at_station,46.539277,15.654123
2500,G1,46.530665,15.670182,1768973299,86.28,10.00,waiting_at_station,46.539277,15.654123
2501,G1,46.530703,15.670222,1768973299,65.55,20.00,waiting_at_station,46.539277,15.654123
2502,G1,46.531098,15.670164,1768973299,94.91,5.00,waiting_at_station,46.539277,15.654123
2800,G1,46.558503,15.655748,1768973299,90.84,5.00,waiting_at_station,46.539277,15.654123
11200,G1,46.539106,15.654150,1768973300,100.00,5.00,on_bus,46.539202,15.654202
11201,G1,46.539173,15.654163,1768973300,62.40,20.00,on_bus,46.539202,15.654202
11202,G1,46.539116,15.653933,1768973300,88.63,10.00,on_bus,46.539202,15.654202
2500,G1,46.530569,15.670284,1768973300,20.00,50.00,waiting_at_station,46.539202,15.654202
2501,G1,46.531249,15.670459,1768973300,82.46,10.00,waiting_at_station,46.539202,15.654202
2800,G1,46.558701,15.655780,1768973300,73.03,20.00,waiting_at_station,46.539202,15.654202
11200,G1,46.539190,15.654260,1768973301,58.49,35.00,on_bus,46.539127,15.654281
11201,G1,46.539184,15.654130,1768973301,66.23,20.00,on_bus,46.539127,15.654281
11202,G1,46.539119,15.654176,1768973301,54.01,35.00,on_bus,46.539127,15.654281
11203,G1,46.539118,15.654295,1768973301,73.72,20.00,on_bus,46.539127,15.654281
2700,G1,46.554336,15.650604,1768973301,82.90,10.00,waiting_at_station,46.539127,15.654281
2701,G1,46.554119,15.649839,1768973301,66.83,20.00,waiting_at_station,46.539127,15.654281
11300,G1,46.539071,15.654434,1768973301,69.53,20.00,on_bus,46.539052,15.654360
11301,G1,46.539050,15.654359,1768973301,59.64,35.00,on_bus,46.539052,15.654360
11302,G1,46.539062,15.654453,1768973301,58.45,35.00,on_bus,46.539052,15.654360
11303,G1,46.538992,15.654316,1768973301,68.02,20.00,on_bus,46.539052,15.654360
11304,G1,46.539115,15.654404,1768973301,70.11,20.00,on_bus,46.539052,15.654360
2100,G1,46.552826,15.650328,1768973301,77.94,10.00,waiting_at_station,46.539052,15.654360
2101,G1,46.552659,15.650037,1768973301,78.58,10.00,waiting_at_station,46.539052,15.654360
2500,G1,46.530632,15.670490,1768973301,84.43,10.00,waiting_at_station,46.539052,15.654360
11300,G1,46.538822,15.654312,1768973302,75.96,10.00,on_bus,46.539007,15.654412
11301,G1,46.538957,15.654420,1768973302,60.66,20.00,on_bus,46.539007,15.654412
11302,G1,46.539004,15.654478,1768973302,73.05,20.00,on_bus,46.539007,15.654412
11303,G1,46.538832,15.654093,1768973302,76.63,10.00,on_bus,46.539007,15.654412
11304,G1,46.538980,15.654210,1768973302,98.68,5.00,on_bus,46.539007,15.654412
11305,G1,46.539031,15.654364,1768973302,68.61,20.00,on_bus,46.539007,15.654412
2100,G1,46.552713,15.650244,1768973302,87.32,10.00,waiting_at_station,46.539007,15.654412
2400,G1,46.527280,15.684320,1768973302,61.70,20.00,waiting_at_station,46.539007,15.654412
2401,G1,46.528177,15.684329,1768973302,83.90,10.00,waiting_at_station,46.539007,15.654412
2700,G1,46.554195,15.650661,1768973302,89.36,10.00,waiting_at_station,46.539007,15.654412
2701,G1,46.554316,15.650784,1768973302,70.28,20.00,waiting_at_station,46.539007,15.654412
2800,G1,46.558742,15.655839,1768973302,96.68,5.00,waiting_at_station,46.539007,15.654412
11300,G1,46.538916,15.654372,1768973303,84.76,10.00,on_bus,46.538962,15.654464
11301,G1,46.538870,15.654503,1768973303,61.69,20.00,on_bus,46.538962,15.654464
11302,G1,46.538963,15.654429,1768973303,78.58,10.00,on_bus,46.538962,15.654464
11303,G1,46.538910,15.654621,1768973303,68.63,20.00,on_bus,46.538962,15.654464
11304,G1,46.539021,15.654330,1768973303,100.00,5.00,on_bus,46.538962,15.654464
2600,G1,46.539146,15.648500,1768973303,49.70,35.00,waiting_at_station,46.538962,15.654464
2601,G1,46.539672,15.647807,1768973303,80.44,10.00,waiting_at_station,46.538962,15.654464
11300,G1,46.538948,15.654277,1768973303,63.99,20.00,on_bus,46.538916,15.654517
11301,G1,46.538950,15.654520,1768973303,77.40,10.00,on_bus,46.538916,15.654517
11302,G1,46.538943,15.654449,1768973303,73.83,20.00,on_bus,46.538916,15.654517
2200,G1,46.540122,15.649568,1768973303,78.69,10.00,waiting_at_station,46.538916,15.654517
11300,G1,46.538909,15.654652,1768973305,97.37,5.00,on_bus,46.538871,15.654569
11301,G1,46.538832,15.654444,1768973305,66.53,20.00,on_bus,46.538871,15.654569
11302,G1,46.538884,15.654522,1768973305,92.32,5.00,on_bus,46.538871,15.654569
11303,G1,46.538901,15.654779,1768973305,79.08,10.00,on_bus,46.538871,15.654569
11304,G1,46.538899,15.654329,1768973305,90.04,5.00,on_bus,46.538871,15.654569
2000,G1,46.559507,15.655924,1768973305,75.28,10.00,waiting_at_station,46.538871,15.654569
2400,G1,46.527249,15.685120,1768973305,92.18,5.00,waiting_at_station,46.538871,15.654569
2500,G1,46.530805,15.670115,1768973305,79.55,10.00,waiting_at_station,46.538871,15.654569
2501,G1,46.531031,15.670028,1768973305,53.47,35.00,waiting_at_station,46.538871,15.654569
2600,G1,46.539740,15.647595,1768973305,66.39,20.00,waiting_at_station,46.538871,15.654569
2601,G1,46.539798,15.647693,1768973305,87.74,10.00,waiting_at_station,46.538871,15.654569
2602,G1,46.539958,15.647932,1768973305,61.51,20.00,waiting_at_station,46.538871,15.654569
11400,G1,46.538886,15.654735,1768973303,69.58,20.00,on_bus,46.538826,15.654621
11401,G1,46.538831,15.654536,1768973303,67.38,20.00,on_bus,46.538826,15.654621
11402,G1,46.538896,15.654642,1768973303,49.63,35.00,on_bus,46.538826,15.654621
11403,G1,46.538816,15.654604,1768973303,56.51,35.00,on_bus,46.538826,15.654621
2000,G1,46.559483,15.655794,1768973303,48.79,35.00,waiting_at_station,46.538826,15.654621
2200,G1,46.540115,15.650304,1768973303,96.39,5.00,waiting_at_station,46.538826,15.654621
2201,G1,46.540157,15.649860,1768973303,65.70,20.00,waiting_at_station,46.538826,15.654621
2202,G1,46.540170,15.649598,1768973303,94.83,5.00,waiting_at_station,46.538826,15.654621
2400,G1,46.527399,15.683757,1768973303,74.11,20.00,waiting_at_station,46.538826,15.654621
2401,G1,46.527430,15.684351,1768973303,75.22,10.00,waiting_at_station,46.538826,15.654621
2402,G1,46.527382,15.684290,1768973303,86.49,10.00,waiting_at_station,46.538826,15.654621
2600,G1,46.540177,15.647504,1768973303,60.90,20.00,waiting_at_station,46.538826,15.654621
2800,G1,46.558600,15.655810,1768973303,64.66,20.00,waiting_at_station,46.538826,15.654621
11400,G1,46.538983,15.654823,1768973304,68.68,20.00,on_bus,46.538786,15.654643
11401,G1,46.538976,15.654640,1768973304,73.92,20.00,on_bus,46.538786,15.654643
11402,G1,46.538860,15.654614,1768973304,98.23,5.00,on_bus,46.538786,15.654643
2000,G1,46.558921,15.655806,1768973304,74.48,20.00,waiting_at_station,46.538786,15.654643
2001,G1,46.559332,15.655889,1768973304,75.47,10.00,waiting_at_station,46.538786,15.654643
2002,G1,46.559525,15.656079,1768973304,71.35,20.00,waiting_at_station,46.538786,15.654643
2500,G1,46.530651,15.669872,1768973304,71.94,20.00,waiting_at_station,46.538786,15.654643
2600,G1,46.539943,15.648213,1768973304,58.21,35.00,waiting_at_station,46.538786,15.654643
11400,G1,46.538754,15.654441,1768973304,74.87,20.00,on_bus,46.538747,15.654666
11401,G1,46.538708,15.654646,1768973304,78.10,10.00,on_bus,46.538747,15.654666
2100,G1,46.552465,15.650478,1768973304,97.64,5.00,waiting_at_station,46.538747,15.654666
2200,G1,46.540263,15.649765,1768973304,51.37,35.00,waiting_at_station,46.538747,15.654666
2201,G1,46.540314,15.649355,1768973304,90.91,5.00,waiting_at_station,46.538747,15.654666
2500,G1,46.530918,15.670132,1768973304,47.02,35.00,waiting_at_station,46.538747,15.654666
2501,G1,46.530609,15.670300,1768973304,83.12,10.00,waiting_at_station,46.538747,15.654666
2502,G1,46.530382,15.670141,1768973304,55.71,35.00,waiting_at_station,46.538747,15.654666
2800,G1,46.558421,15.656167,1768973304,59.80,35.00,waiting_at_station,46.538747,15.654666
2801,G1,46.558703,15.656215,1768973304,85.75,10.00,waiting_at_station,46.538747,15.654666
2802,G1,46.558404,15.655911,1768973304,59.67,35.00,waiting_at_station,46.538747,15.654666
11400,G1,46.538755,15.654848,1768973305,85.35,10.00,on_bus,46.538707,15.654688
11401,G1,46.538704,15.654616,1768973305,76.80,10.00,on_bus,46.538707,15.654688
2000,G1,46.559433,15.656180,1768973305,84.61,10.00,waiting_at_station,46.538707,15.654688
2001,G1,46.559557,15.656464,1768973305,39.00,50.00,waiting_at_station,46.538707,15.654688
2002,G1,46.559497,15.656058,1768973305,60.25,20.00,waiting_at_station,46.538707,15.654688
2100,G1,46.552678,15.650089,1768973305,63.70,20.00,waiting_at_station,46.538707,15.654688
2101,G1,46.552564,15.650454,1768973305,84.55,10.00,waiting_at_station,46.538707,15.654688
2102,G1,46.552692,15.650238,1768973305,71.05,20.00,waiting_at_station,46.538707,15.654688
2500,G1,46.530864,15.670064,1768973305,76.20,10.00,waiting_at_station,46.538707,15.654688
2501,G1,46.530915,15.670325,1768973305,74.62,20.00,waiting_at_station,46.538707,15.654688
2800,G1,46.558638,15.655574,1768973305,53.95,35.00,waiting_at_station,46.538707,15.654688
2801,G1,46.558550,15.655624,1768973305,27.63,50.00,waiting_at_station,46.538707,15.654688
2802,G1,46.558495,15.654878,1768973305,72.08,20.00,waiting_at_station,46.538707,15.654688
11400,G1,46.538678,15.654598,1768973305,61.97,20.00,on_bus,46.538668,15.654711
11401,G1,46.538614,15.654682,1768973305,99.72,5.00,on_bus,46.538668,15.654711
2200,G1,46.539956,15.649808,1768973305,88.33,10.00,waiting_at_station,46.538668,15.654711
2201,G1,46.539942,15.649576,1768973305,70.81,20.00,waiting_at_station,46.538668,15.654711
2202,G1,46.540088,15.649574,1768973305,69.00,20.00,waiting_at_station,46.538668,15.654711
2500,G1,46.531055,15.669957,1768973305,56.73,35.00,waiting_at_station,46.538668,15.654711
2501,G1,46.530812,15.670351,1768973305,100.00,5.00,waiting_at_station,46.538668,15.654711
2600,G1,46.539887,15.648164,1768973305,83.75,10.00,waiting_at_station,46.538668,15.654711
2601,G1,46.539910,15.647964,1768973305,76.46,10.00,waiting_at_station,46.538668,15.654711
11500,G1,46.538607,15.654548,1768973305,55.92,35.00,on_bus,46.538628,15.654733
11501,G1,46.538602,15.654666,1768973305,86.99,10.00,on_bus,46.538628,15.654733
11502,G1,46.538613,15.654623,1768973305,78.41,10.00,on_bus,46.538628,15.654733
11503,G1,46.538445,15.654680,1768973305,100.00,5.00,on_bus,46.538628,15.654733
11504,G1,46.538541,15.654523,1768973305,77.32,10.00,on_bus,46.538628,15.654733
11505,G1,46.538683,15.654800,1768973305,90.62,5.00,on_bus,46.538628,15.654733
2000,G1,46.559610,15.655708,1768973305,51.73,35.00,waiting_at_station,46.538628,15.654733
2001,G1,46.559403,15.656266,1768973305,69.56,20.00,waiting_at_station,46.538628,15.654733
2500,G1,46.531075,15.670124,1768973305,44.52,50.00,waiting_at_station,46.538628,15.654733
2501,G1,46.530741,15.669969,1768973305,92.56,5.00,waiting_at_station,46.538628,15.654733
2502,G1,46.530816,15.670161,1768973305,78.59,10.00,waiting_at_station,46.538628,15.654733
11500,G1,46.538552,15.654839,1768973306,95.94,5.00,on_bus,46.538565,15.654846
11501,G1,46.538631,15.655024,1768973306,81.77,10.00,on_bus,46.538565,15.654846
2200,G1,46.540276,15.650550,1768973306,93.42,5.00,waiting_at_station,46.538565,15.654846
2201,G1,46.540186,15.649267,1768973306,98.12,5.00,waiting_at_station,46.538565,15.654846
2800,G1,46.558543,15.655631,1768973306,74.72,20.00,waiting_at_station,46.538565,15.654846
2801,G1,46.558626,15.655563,1768973306,87.14,10.00,waiting_at_station,46.538565,15.654846
11500,G1,46.538459,15.654949,1768973308,59.92,35.00,on_bus,46.538502,15.654960
11501,G1,46.538648,15.655029,1768973308,77.23,10.00,on_bus,46.538502,15.654960
2400,G1,46.527466,15.684425,1768973308,90.74,5.00,waiting_at_station,46.538502,15.654960
2401,G1,46.527372,15.684087,1768973308,65.55,20.00,waiting_at_station,46.538502,15.654960
2500,G1,46.530570,15.669633,1768973308,54.98,35.00,waiting_at_station,46.538502,15.654960
2501,G1,46.531220,15.671209,1768973308,62.45,20.00,waiting_at_station,46.538502,15.654960
2502,G1,46.531430,15.670211,1768973308,91.90,5.00,waiting_at_station,46.538502,15.654960
11500,G1,46.538479,15.655048,1768973309,64.06,20.00,on_bus,46.538438,15.655074
11501,G1,46.538541,15.654950,1768973309,77.46,10.00,on_bus,46.538438,15.655074
11502,G1,46.538366,15.655020,1768973309,85.51,10.00,on_bus,46.538438,15.655074
2000,G1,46.559857,15.656249,1768973309,86.54,10.00,waiting_at_station,46.538438,15.655074
2001,G1,46.559570,15.655777,1768973309,97.40,5.00,waiting_at_station,46.538438,15.655074
2100,G1,46.552579,15.649869,1768973309,55.68,35.00,waiting_at_station,46.538438,15.655074
2300,G1,46.532800,15.666762,1768973309,73.44,20.00,waiting_at_station,46.538438,15.655074
2400,G1,46.527637,15.684100,1768973309,75.49,10.00,waiting_at_station,46.538438,15.655074
11600,G1,46.538443,15.655314,1768973308,66.98,20.00,on_bus,46.538375,15.655187
11601,G1,46.538398,15.655174,1768973308,77.43,10.00,on_bus,46.538375,15.655187
2800,G1,46.558837,15.656272,1768973308,85.90,10.00,waiting_at_station,46.538375,15.655187
2801,G1,46.558744,15.655829,1768973308,78.30,10.00,waiting_at_station,46.538375,15.655187
11600,G1,46.538360,15.655282,1768973308,26.32,50.00,on_bus,46.538330,15.655252
11601,G1,46.538295,15.655254,1768973308,71.25,20.00,on_bus,46.538330,15.655252
11602,G1,46.538311,15.655426,1768973308,100.00,5.00,on_bus,46.538330,15.655252
11603,G1,46.538378,15.655334,1768973308,89.53,10.00,on_bus,46.538330,15.655252
2300,G1,46.532355,15.666892,1768973308,74.34,20.00,waiting_at_station,46.538330,15.655252
2400,G1,46.527205,15.684325,1768973308,90.44,5.00,waiting_at_station,46.538330,15.655252
2600,G1,46.539719,15.648376,1768973308,74.18,20.00,waiting_at_station,46.538330,15.655252
2601,G1,46.539688,15.648307,1768973308,63.32,20.00,waiting_at_station,46.538330,15.655252
2602,G1,46.539652,15.647857,1768973308,57.45,35.00,waiting_at_station,46.538330,15.655252
2700,G1,46.554290,15.650692,1768973308,69.24,20.00,waiting_at_station,46.538330,15.655252
11600,G1,46.538329,15.655320,1768973309,49.40,35.00,on_bus,46.538285,15.655317
11601,G1,46.538456,15.655761,1768973309,100.00,5.00,on_bus,46.538285,15.655317
11602,G1,46.538187,15.655337,1768973309,100.00,5.00,on_bus,46.538285,15.655317
11603,G1,46.538314,15.655332,1768973309,75.06,10.00,on_bus,46.538285,15.655317
11604,G1,46.538338,15.655243,1768973309,94.30,5.00,on_bus,46.538285,15.655317
11605,G1,46.538272,15.655467,1768973309,70.55,20.00,on_bus,46.538285,15.655317
2100,G1,46.551974,15.649584,1768973309,83.10,10.00,waiting_at_station,46.538285,15.655317
2500,G1,46.531080,15.670293,1768973309,74.93,20.00,waiting_at_station,46.538285,15.655317
2501,G1,46.530845,15.670089,1768973309,65.88,20.00,waiting_at_station,46.538285,15.655317
2502,G1,46.530558,15.670458,1768973309,69.79,20.00,waiting_at_station,46.538285,15.655317
2800,G1,46.558646,15.655768,1768973309,65.41,20.00,waiting_at_station,46.538285,15.655317
2801,G1,46.558615,15.656014,1768973309,76.65,10.00,waiting_at_station,46.538285,15.655317
2802,G1,46.558675,15.655742,1768973309,89.54,10.00,waiting_at_station,46.538285,15.655317
11600,G1,46.538424,15.655696,1768973310,73.71,20.00,on_bus,46.538240,15.655382
11601,G1,46.538166,15.655449,1768973310,91.47,5.00,on_bus,46.538240,15.655382
2000,G1,46.559909,15.655991,1768973310,92.01,5.00,waiting_at_station,46.538240,15.655382
2001,G1,46.559565,15.655761,1768973310,100.00,5.00,waiting_at_station,46.538240,15.655382
2600,G1,46.539828,15.647875,1768973310,73.05,20.00,waiting_at_station,46.538240,15.655382
2700,G1,46.554281,15.650917,1768973310,86.20,10.00,waiting_at_station,46.538240,15.655382
11600,G1,46.538188,15.655575,1768973311,67.34,20.00,on_bus,46.538195,15.655447
11601,G1,46.538208,15.655451,1768973311,90.92,5.00,on_bus,46.538195,15.655447
11602,G1,46.538125,15.655613,1768973311,76.02,10.00,on_bus,46.538195,15.655447
11603,G1,46.538202,15.655438,1768973311,66.34,20.00,on_bus,46.538195,15.655447
11604,G1,46.538238,15.655502,1768973311,78.90,10.00,on_bus,46.538195,15.655447
2000,G1,46.559996,15.655791,1768973311,71.55,20.00,waiting_at_station,46.538195,15.655447
2001,G1,46.559818,15.655984,1768973311,70.95,20.00,waiting_at_station,46.538195,15.655447
2800,G1,46.558920,15.655243,1768973311,81.33,10.00,waiting_at_station,46.538195,15.655447
2801,G1,46.558642,15.655668,1768973311,85.00,10.00,waiting_at_station,46.538195,15.655447
11700,G1,46.538128,15.655615,1768973310,75.64,10.00,on_bus,46.538150,15.655512
11701,G1,46.538068,15.655398,1768973310,100.00,5.00,on_bus,46.538150,15.655512
2300,G1,46.532407,15.666927,1768973310,91.46,5.00,waiting_at_station,46.538150,15.655512
2400,G1,46.527507,15.684461,1768973310,74.18,20.00,waiting_at_station,46.538150,15.655512
2401,G1,46.527649,15.684189,1768973310,54.85,35.00,waiting_at_station,46.538150,15.655512
2500,G1,46.530607,15.670066,1768973310,59.53,35.00,waiting_at_station,46.538150,15.655512
2501,G1,46.530619,15.669933,1768973310,64.73,20.00,waiting_at_station,46.538150,15.655512
2502,G1,46.530852,15.670239,1768973310,73.80,20.00,waiting_at_station,46.538150,15.655512
2800,G1,46.558396,15.655988,1768973310,49.93,35.00,waiting_at_station,46.538150,15.655512
11700,G1,46.537998,15.655603,1768973310,86.83,10.00,on_bus,46.538119,15.655572
11701,G1,46.538060,15.655618,1768973310,75.87,10.00,on_bus,46.538119,15.655572
11702,G1,46.538163,15.655593,1768973310,66.58,20.00,on_bus,46.538119,15.655572
11703,G1,46.538227,15.655412,1768973310,89.91,10.00,on_bus,46.538119,15.655572
2100,G1,46.552273,15.649188,1768973310,73.63,20.00,waiting_at_station,46.538119,15.655572
2101,G1,46.552550,15.650126,1768973310,100.00,5.00,waiting_at_station,46.538119,15.655572
11700,G1,46.538017,15.655670,1768973312,42.96,50.00,on_bus,46.538087,15.655631
11701,G1,46.538118,15.655608,1768973312,75.38,10.00,on_bus,46.538087,15.655631
11702,G1,46.538066,15.655658,1768973312,84.83,10.00,on_bus,46.538087,15.655631
11703,G1,46.538023,15.655616,1768973312,69.99,20.00,on_bus,46.538087,15.655631
11704,G1,46.538114,15.655738,1768973312,100.00,5.00,on_bus,46.538087,15.655631
2200,G1,46.540365,15.649998,1768973312,67.00,20.00,waiting_at_station,46.538087,15.655631
2201,G1,46.539999,15.649454,1768973312,67.42,20.00,waiting_at_station,46.538087,15.655631
2202,G1,46.539828,15.649869,1768973312,79.21,10.00,waiting_at_station,46.538087,15.655631
2400,G1,46.527340,15.683931,1768973312,78.74,10.00,waiting_at_station,46.538087,15.655631
2401,G1,46.527499,15.684510,1768973312,60.22,20.00,waiting_at_station,46.538087,15.655631
2402,G1,46.527728,15.684803,1768973312,73.74,20.00,waiting_at_station,46.538087,15.655631
11700,G1,46.538000,15.655755,1768973312,98.10,5.00,on_bus,46.538055,15.655690
11701,G1,46.538137,15.655666,1768973312,80.51,10.00,on_bus,46.538055,15.655690
11702,G1,46.538062,15.655648,1768973312,61.41,20.00,on_bus,46.538055,15.655690
11703,G1,46.538081,15.655210,1768973312,63.44,20.00,on_bus,46.538055,15.655690
2000,G1,46.559328,15.656385,1768973312,80.13,10.00,waiting_at_station,46.538055,15.655690
2400,G1,46.527366,15.684458,1768973312,84.70,10.00,waiting_at_station,46.538055,15.655690
2401,G1,46.527577,15.684712,1768973312,92.70,5.00,waiting_at_station,46.538055,15.655690
2402,G1,46.527368,15.684468,1768973312,73.06,20.00,waiting_at_station,46.538055,15.655690
2700,G1,46.554206,15.650457,1768973312,91.87,5.00,waiting_at_station,46.538055,15.655690
2701,G1,46.554365,15.650760,1768973312,98.92,5.00,waiting_at_station,46.538055,15.655690
11700,G1,46.538107,15.655441,1768973313,65.28,20.00,on_bus,46.538024,15.655750
11701,G1,46.538190,15.655744,1768973313,85.42,10.00,on_bus,46.538024,15.655750
11702,G1,46.538063,15.656030,1768973313,71.08,20.00,on_bus,46.538024,15.655750
11703,G1,46.538045,15.655722,1768973313,88.47,10.00,on_bus,46.538024,15.655750
2100,G1,46.553046,15.649922,1768973313,88.28,10.00,waiting_at_station,46.538024,15.655750
2101,G1,46.552785,15.650127,1768973313,76.80,10.00,waiting_at_station,46.538024,15.655750
2102,G1,46.552633,15.650274,1768973313,54.26,35.00,waiting_at_station,46.538024,15.655750
2300,G1,46.532728,15.666831,1768973313,70.68,20.00,waiting_at_station,46.538024,15.655750
2301,G1,46.531998,15.666996,1768973313,53.66,35.00,waiting_at_station,46.538024,15.655750
2400,G1,46.527803,15.683867,1768973313,87.30,10.00,waiting_at_station,46.538024,15.655750
2401,G1,46.527571,15.684442,1768973313,78.48,10.00,waiting_at_station,46.538024,15.655750
2500,G1,46.530670,15.670269,1768973313,100.00,5.00,waiting_at_station,46.538024,15.655750
2700,G1,46.554178,15.650341,1768973313,54.17,35.00,waiting_at_station,46.538024,15.655750
2701,G1,46.554415,15.650381,1768973313,100.00,5.00,waiting_at_station,46.538024,15.655750
11700,G1,46.537968,15.655830,1768973313,66.94,20.00,on_bus,46.537993,15.655810
11701,G1,46.538097,15.655773,1768973313,86.01,10.00,on_bus,46.537993,15.655810
2200,G1,46.540097,15.649609,1768973313,63.05,20.00,waiting_at_station,46.537993,15.655810
2201,G1,46.539950,15.649507,1768973313,73.21,20.00,waiting_at_station,46.537993,15.655810
2300,G1,46.532714,15.667025,1768973313,79.53,10.00,waiting_at_station,46.537993,15.655810
2301,G1,46.532539,15.666819,1768973313,100.00,5.00,waiting_at_station,46.537993,15.655810
2600,G1,46.539781,15.647906,1768973313,94.56,5.00,waiting_at_station,46.537993,15.655810
2601,G1,46.539472,15.647935,1768973313,93.02,5.00,waiting_at_station,46.537993,15.655810
2602,G1,46.539477,15.648097,1768973313,84.48,10.00,waiting_at_station,46.537993,15.655810
11800,G1,46.537938,15.655857,1768973312,64.97,20.00,on_bus,46.537961,15.655869
11801,G1,46.537865,15.655729,1768973312,100.00,5.00,on_bus,46.537961,15.655869
11802,G1,46.537960,15.655906,1768973312,56.47,35.00,on_bus,46.537961,15.655869
11803,G1,46.537936,15.655856,1768973312,83.34,10.00,on_bus,46.537961,15.655869
2200,G1,46.539932,15.649978,1768973312,49.84,35.00,waiting_at_station,46.537961,15.655869
2201,G1,46.540199,15.649738,1768973312,97.94,5.00,waiting_at_station,46.537961,15.655869
2400,G1,46.527664,15.684098,1768973312,69.32,20.00,waiting_at_station,46.537961,15.655869
11800,G1,46.537927,15.655949,1768973313,43.95,50.00,on_bus,46.537925,15.655941
11801,G1,46.537906,15.656000,1768973313,76.48,10.00,on_bus,46.537925,15.655941
11802,G1,46.537870,15.656106,1768973313,97.91,5.00,on_bus,46.537925,15.655941
11803,G1,46.537892,15.656033,1768973313,69.23,20.00,on_bus,46.537925,15.655941
11804,G1,46.537942,15.655968,1768973313,77.77,10.00,on_bus,46.537925,15.655941
11800,G1,46.537847,15.655996,1768973314,53.84,35.00,on_bus,46.537889,15.656014
11801,G1,46.537868,15.655989,1768973314,84.47,10.00,on_bus,46.537889,15.656014
11802,G1,46.537879,15.656030,1768973314,67.85,20.00,on_bus,46.537889,15.656014
11803,G1,46.537829,15.655911,1768973314,70.18,20.00,on_bus,46.537889,15.656014
2000,G1,46.559561,15.656199,1768973314,62.37,20.00,waiting_at_station,46.537889,15.656014
2001,G1,46.559579,15.656238,1768973314,69.46,20.00,waiting_at_station,46.537889,15.656014
2002,G1,46.559881,15.656004,1768973314,81.70,10.00,waiting_at_station,46.537889,15.656014
2500,G1,46.530841,15.670158,1768973314,73.18,20.00,waiting_at_station,46.537889,15.656014
2501,G1,46.530997,15.670160,1768973314,77.85,10.00,waiting_at_station,46.537889,15.656014
11800,G1,46.538111,15.656070,1768973314,72.97,20.00,on_bus,46.537853,15.656086
11801,G1,46.537847,15.655999,1768973314,76.03,10.00,on_bus,46.537853,15.656086
11802,G1,46.537870,15.656077,1768973314,66.81,20.00,on_bus,46.537853,15.656086
11803,G1,46.537862,15.656105,1768973314,84.78,10.00,on_bus,46.537853,15.656086
11804,G1,46.537932,15.656115,1768973314,72.84,20.00,on_bus,46.537853,15.656086
11805,G1,46.537829,15.656275,1768973314,86.56,10.00,on_bus,46.537853,15.656086
2000,G1,46.559858,15.655486,1768973314,94.63,5.00,waiting_at_station,46.537853,15.656086
2400,G1,46.527615,15.684162,1768973314,74.06,20.00,waiting_at_station,46.537853,15.656086
2401,G1,46.527568,15.683890,1768973314,79.43,10.00,waiting_at_station,46.537853,15.656086
2500,G1,46.530492,15.669877,1768973314,70.23,20.00,waiting_at_station,46.537853,15.656086
2501,G1,46.530626,15.670436,1768973314,49.91,35.00,waiting_at_station,46.537853,15.656086
11800,G1,46.537799,15.656143,1768973315,80.11,10.00,on_bus,46.537817,15.656159
11801,G1,46.537804,15.656201,1768973315,86.35,10.00,on_bus,46.537817,15.656159
2200,G1,46.540521,15.649157,1768973315,81.60,10.00,waiting_at_station,46.537817,15.656159
2400,G1,46.527308,15.684702,1768973315,72.50,20.00,waiting_at_station,46.537817,15.656159
2401,G1,46.527190,15.684597,1768973315,44.67,50.00,waiting_at_station,46.537817,15.656159
2500,G1,46.530780,15.670067,1768973315,94.65,5.00,waiting_at_station,46.537817,15.656159
2501,G1,46.530813,15.670137,1768973315,90.87,5.00,waiting_at_station,46.537817,15.656159
2600,G1,46.539979,15.647925,1768973315,67.63,20.00,waiting_at_station,46.537817,15.656159
2601,G1,46.540087,15.648056,1768973315,90.56,5.00,waiting_at_station,46.537817,15.656159
11900,G1,46.537836,15.656243,1768973314,83.51,10.00,on_bus,46.537781,15.656231
11901,G1,46.537782,15.656144,1768973314,92.27,5.00,on_bus,46.537781,15.656231
11902,G1,46.537812,15.656233,1768973314,100.00,5.00,on_bus,46.537781,15.656231
2200,G1,46.540135,15.649608,1768973314,82.02,10.00,waiting_at_station,46.537781,15.656231
2201,G1,46.539934,15.649918,1768973314,81.45,10.00,waiting_at_station,46.537781,15.656231
2202,G1,46.539985,15.648981,1768973314,70.62,20.00,waiting_at_station,46.537781,15.656231
2400,G1,46.527201,15.684869,1768973314,88.20,10.00,waiting_at_station,46.537781,15.656231
2401,G1,46.527314,15.684356,1768973314,78.30,10.00,waiting_at_station,46.537781,15.656231
2402,G1,46.527497,15.683639,1768973314,63.96,20.00,waiting_at_station,46.537781,15.656231
11900,G1,46.537628,15.656392,1768973315,82.04,10.00,on_bus,46.537729,15.656350
11901,G1,46.537802,15.656345,1768973315,87.61,10.00,on_bus,46.537729,15.656350
11902,G1,46.537701,15.656579,1768973315,79.67,10.00,on_bus,46.537729,15.656350
11903,G1,46.537660,15.656515,1768973315,90.55,5.00,on_bus,46.537729,15.656350
11904,G1,46.537566,15.656373,1768973315,75.16,10.00,on_bus,46.537729,15.656350
2000,G1,46.559204,15.655842,1768973315,67.56,20.00,waiting_at_station,46.537729,15.656350
2500,G1,46.530600,15.670219,1768973315,48.81,35.00,waiting_at_station,46.537729,15.656350
2501,G1,46.530866,15.670085,1768973315,86.71,10.00,waiting_at_station,46.537729,15.656350
2600,G1,46.539888,15.648008,1768973315,63.15,20.00,waiting_at_station,46.537729,15.656350
2700,G1,46.554169,15.650767,1768973315,79.72,10.00,waiting_at_station,46.537729,15.656350
2800,G1,46.558994,15.655716,1768973315,66.58,20.00,waiting_at_station,46.537729,15.656350
2801,G1,46.558478,15.655866,1768973315,79.61,10.00,waiting_at_station,46.537729,15.656350
11900,G1,46.537696,15.656495,1768973316,63.86,20.00,on_bus,46.537677,15.656470
11901,G1,46.537694,15.656383,1768973316,77.41,10.00,on_bus,46.537677,15.656470
11902,G1,46.537746,15.656658,1768973316,84.99,10.00,on_bus,46.537677,15.656470
11903,G1,46.537719,15.656247,1768973316,92.80,5.00,on_bus,46.537677,15.656470
11904,G1,46.537665,15.656450,1768973316,68.85,20.00,on_bus,46.537677,15.656470
11905,G1,46.537655,15.656532,1768973316,100.00,5.00,on_bus,46.537677,15.656470
2100,G1,46.552667,15.650190,1768973316,49.15,35.00,waiting_at_station,46.537677,15.656470
12000,G1,46.537628,15.656603,1768973316,59.22,35.00,on_bus,46.537625,15.656589
12001,G1,46.537630,15.656614,1768973316,54.23,35.00,on_bus,46.537625,15.656589
12002,G1,46.537609,15.656559,1768973316,63.72,20.00,on_bus,46.537625,15.656589
12003,G1,46.537429,15.656462,1768973316,73.67,20.00,on_bus,46.537625,15.656589
12004,G1,46.537694,15.656613,1768973316,74.25,20.00,on_bus,46.537625,15.656589
12005,G1,46.537712,15.656645,1768973316,90.07,5.00,on_bus,46.537625,15.656589
2200,G1,46.540158,15.650057,1768973316,75.77,10.00,waiting_at_station,46.537625,15.656589
2201,G1,46.540115,15.649451,1768973316,82.78,10.00,waiting_at_station,46.537625,15.656589
2202,G1,46.540169,15.650117,1768973316,48.14,35.00,waiting_at_station,46.537625,15.656589
2600,G1,46.539823,15.648137,1768973316,70.96,20.00,waiting_at_station,46.537625,15.656589
2700,G1,46.554326,15.650436,1768973316,67.05,20.00,waiting_at_station,46.537625,15.656589
2701,G1,46.554290,15.650189,1768973316,96.17,5.00,waiting_at_station,46.537625,15.656589
2702,G1,46.554440,15.650262,1768973316,64.88,20.00,waiting_at_station,46.537625,15.656589
12000,G1,46.537507,15.656674,1768973317,62.06,20.00,on_bus,46.537595,15.656659
12001,G1,46.537552,15.656580,1768973317,83.10,10.00,on_bus,46.537595,15.656659
2000,G1,46.558779,15.656078,1768973317,51.65,35.00,waiting_at_station,46.537595,15.656659
2001,G1,46.559351,15.655991,1768973317,86.23,10.00,waiting_at_station,46.537595,15.656659
2500,G1,46.530644,15.670090,1768973317,77.81,10.00,waiting_at_station,46.537595,15.656659
2501,G1,46.530746,15.670473,1768973317,75.47,10.00,waiting_at_station,46.537595,15.656659
2502,G1,46.530815,15.670098,1768973317,100.00,5.00,waiting_at_station,46.537595,15.656659
2700,G1,46.554178,15.650430,1768973317,69.77,20.00,waiting_at_station,46.537595,15.656659
2701,G1,46.554595,15.650372,1768973317,68.95,20.00,waiting_at_station,46.537595,15.656659
2800,G1,46.558651,15.656342,1768973317,93.71,5.00,waiting_at_station,46.537595,15.656659
12000,G1,46.537599,15.656570,1768973318,43.39,50.00,on_bus,46.537565,15.656729
12001,G1,46.537534,15.656822,1768973318,90.35,5.00,on_bus,46.537565,15.656729
12002,G1,46.537563,15.656831,1768973318,88.69,10.00,on_bus,46.537565,15.656729
2100,G1,46.552747,15.650179,1768973318,70.27,20.00,waiting_at_station,46.537565,15.656729
2101,G1,46.552623,15.650311,1768973318,70.12,20.00,waiting_at_station,46.537565,15.656729
2102,G1,46.552647,15.650124,1768973318,87.17,10.00,waiting_at_station,46.537565,15.656729
2300,G1,46.532660,15.666926,1768973318,79.19,10.00,waiting_at_station,46.537565,15.656729
2301,G1,46.532791,15.667076,1768973318,85.12,10.00,waiting_at_station,46.537565,15.656729
2302,G1,46.532686,15.666833,1768973318,80.66,10.00,waiting_at_station,46.537565,15.656729
2400,G1,46.527436,15.684474,1768973318,80.41,10.00,waiting_at_station,46.537565,15.656729
12000,G1,46.537490,15.656781,1768973318,99.21,5.00,on_bus,46.537536,15.656799
12001,G1,46.537494,15.656732,1768973318,81.99,10.00,on_bus,46.537536,15.656799
12002,G1,46.537550,15.656782,1768973318,83.54,10.00,on_bus,46.537536,15.656799
2300,G1,46.532688,15.667034,1768973318,62.68,20.00,waiting_at_station,46.537536,15.656799
2600,G1,46.540198,15.647941,1768973318,63.74,20.00,waiting_at_station,46.537536,15.656799
12000,G1,46.537402,15.656824,1768973320,44.29,50.00,on_bus,46.537506,15.656869
12001,G1,46.537458,15.656903,1768973320,96.36,5.00,on_bus,46.537506,15.656869
12002,G1,46.537574,15.656972,1768973320,65.58,20.00,on_bus,46.537506,15.656869
2000,G1,46.559237,15.655358,1768973320