user_id,route,lat,lon,timestamp,signal_strength,accuracy_meters,user_type,bus_lat,bus_lon
1100,G2,46.559564,15.656006,1769013698,68.48,20.00,on_bus,46.559548,15.656007
1101,G2,46.559499,15.656065,1769013698,77.03,10.00,on_bus,46.559548,15.656007
2100,G2,46.558115,15.649145,1769013698,54.35,35.00,waiting_at_station,46.559548,15.656007
1100,G2,46.559571,15.656231,1769013698,88.90,10.00,on_bus,46.559510,15.656004
1101,G2,46.559531,15.656024,1769013698,73.20,20.00,on_bus,46.559510,15.656004
1102,G2,46.559340,15.655996,1769013698,60.29,20.00,on_bus,46.559510,15.656004
1103,G2,46.559505,15.655977,1769013698,72.83,20.00,on_bus,46.559510,15.656004
1104,G2,46.559532,15.656076,1769013698,70.09,20.00,on_bus,46.559510,15.656004
1105,G2,46.559544,15.656004,1769013698,69.50,20.00,on_bus,46.559510,15.656004
2500,G2,46.540789,15.640121,1769013698,74.58,20.00,waiting_at_station,46.559510,15.656004
2700,G2,46.557957,15.651088,1769013698,65.03,20.00,waiting_at_station,46.559510,15.656004
2701,G2,46.557824,15.651444,1769013698,60.61,20.00,waiting_at_station,46.559510,15.656004
2800,G2,46.558412,15.655558,1769013698,73.65,20.00,waiting_at_station,46.559510,15.656004
2801,G2,46.558493,15.655335,1769013698,77.10,10.00,waiting_at_station,46.559510,15.656004
2802,G2,46.557885,15.655147,1769013698,62.19,20.00,waiting_at_station,46.559510,15.656004
1100,G2,46.559578,15.656275,1769013698,42.68,50.00,on_bus,46.559473,15.656001
1101,G2,46.559471,15.656002,1769013698,75.76,10.00,on_bus,46.559473,15.656001
2000,G2,46.559198,15.655759,1769013698,93.09,5.00,waiting_at_station,46.559473,15.656001
2200,G2,46.551209,15.646085,1769013698,73.42,20.00,waiting_at_station,46.559473,15.656001
2400,G2,46.534720,15.635874,1769013698,71.66,20.00,waiting_at_station,46.559473,15.656001
2401,G2,46.534561,15.635580,1769013698,79.24,10.00,waiting_at_station,46.559473,15.656001
2402,G2,46.534701,15.635616,1769013698,51.69,35.00,waiting_at_station,46.559473,15.656001
1100,G2,46.559651,15.655746,1769013698,83.43,10.00,on_bus,46.559435,15.655997
1101,G2,46.559361,15.655961,1769013698,85.21,10.00,on_bus,46.559435,15.655997
1102,G2,46.559420,15.656007,1769013698,67.42,20.00,on_bus,46.559435,15.655997
1103,G2,46.559484,15.656139,1769013698,70.85,20.00,on_bus,46.559435,15.655997
2200,G2,46.551491,15.646445,1769013698,87.15,10.00,waiting_at_station,46.559435,15.655997
2201,G2,46.551113,15.646667,1769013698,58.17,35.00,waiting_at_station,46.559435,15.655997
2300,G2,46.543030,15.640942,1769013698,69.88,20.00,waiting_at_station,46.559435,15.655997
2800,G2,46.558456,15.655622,1769013698,81.06,10.00,waiting_at_station,46.559435,15.655997
2801,G2,46.558406,15.655345,1769013698,70.02,20.00,waiting_at_station,46.559435,15.655997
1100,G2,46.559432,15.656248,1769013699,97.16,5.00,on_bus,46.559398,15.655994
1101,G2,46.559396,15.655883,1769013699,91.53,5.00,on_bus,46.559398,15.655994
2100,G2,46.558206,15.649468,1769013699,98.46,5.00,waiting_at_station,46.559398,15.655994
2101,G2,46.557624,15.649103,1769013699,83.39,10.00,waiting_at_station,46.559398,15.655994
2102,G2,46.558274,15.649131,1769013699,68.99,20.00,waiting_at_station,46.559398,15.655994
2400,G2,46.535453,15.635566,1769013699,70.31,20.00,waiting_at_station,46.559398,15.655994
2401,G2,46.534965,15.635339,1769013699,60.47,20.00,waiting_at_station,46.559398,15.655994
2402,G2,46.534751,15.635903,1769013699,61.83,20.00,waiting_at_station,46.559398,15.655994
2600,G2,46.549745,15.645680,1769013699,74.92,20.00,waiting_at_station,46.559398,15.655994
2601,G2,46.549773,15.645932,1769013699,89.71,10.00,waiting_at_station,46.559398,15.655994
2602,G2,46.549796,15.645823,1769013699,84.68,10.00,waiting_at_station,46.559398,15.655994
1200,G2,46.559286,15.655928,1769013699,65.01,20.00,on_bus,46.559360,15.655991
1201,G2,46.559415,15.656161,1769013699,97.72,5.00,on_bus,46.559360,15.655991
2700,G2,46.558040,15.651323,1769013699,62.66,20.00,waiting_at_station,46.559360,15.655991
2701,G2,46.558166,15.650704,1769013699,68.61,20.00,waiting_at_station,46.559360,15.655991
1200,G2,46.559272,15.655883,1769013699,66.90,20.00,on_bus,46.559299,15.655968
1201,G2,46.559277,15.655925,1769013699,89.13,10.00,on_bus,46.559299,15.655968
1202,G2,46.559276,15.656000,1769013699,78.86,10.00,on_bus,46.559299,15.655968
1203,G2,46.559320,15.655978,1769013699,71.17,20.00,on_bus,46.559299,15.655968
1204,G2,46.559281,15.655957,1769013699,100.00,5.00,on_bus,46.559299,15.655968
2700,G2,46.557965,15.651053,1769013699,74.65,20.00,waiting_at_station,46.559299,15.655968
1200,G2,46.559175,15.656087,1769013700,90.86,5.00,on_bus,46.559239,15.655946
1201,G2,46.559288,15.655941,1769013700,86.91,10.00,on_bus,46.559239,15.655946
1202,G2,46.559276,15.656001,1769013700,54.59,35.00,on_bus,46.559239,15.655946
1203,G2,46.559146,15.655986,1769013700,63.50,20.00,on_bus,46.559239,15.655946
1204,G2,46.559203,15.655800,1769013700,100.00,5.00,on_bus,46.559239,15.655946
2000,G2,46.559452,15.656095,1769013700,77.68,10.00,waiting_at_station,46.559239,15.655946
2001,G2,46.559687,15.656174,1769013700,65.89,20.00,waiting_at_station,46.559239,15.655946
2300,G2,46.542507,15.641664,1769013700,67.11,20.00,waiting_at_station,46.559239,15.655946
2400,G2,46.534528,15.635715,1769013700,39.75,50.00,waiting_at_station,46.559239,15.655946
2401,G2,46.534573,15.635684,1769013700,86.67,10.00,waiting_at_station,46.559239,15.655946
2402,G2,46.534755,15.635899,1769013700,57.20,35.00,waiting_at_station,46.559239,15.655946
2500,G2,46.541019,15.640259,1769013700,44.02,50.00,waiting_at_station,46.559239,15.655946
2501,G2,46.540577,15.640139,1769013700,74.68,20.00,waiting_at_station,46.559239,15.655946
2502,G2,46.540789,15.640337,1769013700,90.74,5.00,waiting_at_station,46.559239,15.655946
2800,G2,46.558257,15.655967,1769013700,84.04,10.00,waiting_at_station,46.559239,15.655946
2801,G2,46.558650,15.656963,1769013700,66.17,20.00,waiting_at_station,46.559239,15.655946
2802,G2,46.558436,15.656019,1769013700,100.00,5.00,waiting_at_station,46.559239,15.655946
1200,G2,46.558998,15.655899,1769013701,76.13,10.00,on_bus,46.559179,15.655923
1201,G2,46.558955,15.655984,1769013701,70.44,20.00,on_bus,46.559179,15.655923
1202,G2,46.559094,15.655998,1769013701,85.04,10.00,on_bus,46.559179,15.655923
1203,G2,46.559229,15.655882,1769013701,89.81,10.00,on_bus,46.559179,15.655923
1204,G2,46.559133,15.655858,1769013701,98.86,5.00,on_bus,46.559179,15.655923
1205,G2,46.559148,15.655833,1769013701,76.39,10.00,on_bus,46.559179,15.655923
2000,G2,46.559728,15.656066,1769013701,100.00,5.00,waiting_at_station,46.559179,15.655923
2100,G2,46.558054,15.649442,1769013701,74.45,20.00,waiting_at_station,46.559179,15.655923
2101,G2,46.558645,15.649054,1769013701,40.30,50.00,waiting_at_station,46.559179,15.655923
2200,G2,46.551236,15.646605,1769013701,67.58,20.00,waiting_at_station,46.559179,15.655923
2201,G2,46.551509,15.646412,1769013701,88.13,10.00,waiting_at_station,46.559179,15.655923
1200,G2,46.559037,15.655716,1769013702,68.97,20.00,on_bus,46.559118,15.655900
1201,G2,46.559140,15.656036,1769013702,67.80,20.00,on_bus,46.559118,15.655900
1202,G2,46.559176,15.655763,1769013702,98.17,5.00,on_bus,46.559118,15.655900
1203,G2,46.559117,15.655985,1769013702,53.40,35.00,on_bus,46.559118,15.655900
2000,G2,46.559522,15.655875,1769013702,65.32,20.00,waiting_at_station,46.559118,15.655900
2001,G2,46.559945,15.655951,1769013702,94.42,5.00,waiting_at_station,46.559118,15.655900
2002,G2,46.559423,15.655896,1769013702,67.17,20.00,waiting_at_station,46.559118,15.655900
2300,G2,46.542774,15.642014,1769013702,83.39,10.00,waiting_at_station,46.559118,15.655900
2500,G2,46.540722,15.640016,1769013702,79.25,10.00,waiting_at_station,46.559118,15.655900
2501,G2,46.540806,15.640250,1769013702,88.27,10.00,waiting_at_station,46.559118,15.655900
2502,G2,46.540590,15.640062,1769013702,69.82,20.00,waiting_at_station,46.559118,15.655900
1200,G2,46.558960,15.656099,1769013702,69.68,20.00,on_bus,46.559057,15.655878
1201,G2,46.559224,15.656031,1769013702,87.95,10.00,on_bus,46.559057,15.655878
1202,G2,46.559200,15.655832,1769013702,81.96,10.00,on_bus,46.559057,15.655878
1203,G2,46.559083,15.655857,1769013702,95.93,5.00,on_bus,46.559057,15.655878
1204,G2,46.558984,15.655859,1769013702,89.78,10.00,on_bus,46.559057,15.655878
1205,G2,46.559116,15.656109,1769013702,75.06,10.00,on_bus,46.559057,15.655878
2000,G2,46.559491,15.656088,1769013702,68.62,20.00,waiting_at_station,46.559057,15.655878
2400,G2,46.534739,15.635909,1769013702,83.54,10.00,waiting_at_station,46.559057,15.655878
2401,G2,46.535161,15.635903,1769013702,61.46,20.00,waiting_at_station,46.559057,15.655878
2600,G2,46.549387,15.645529,1769013702,68.41,20.00,waiting_at_station,46.559057,15.655878
1300,G2,46.558983,15.655832,1769013701,73.68,20.00,on_bus,46.558997,15.655855
1301,G2,46.559030,15.655852,1769013701,43.42,50.00,on_bus,46.558997,15.655855
1302,G2,46.558975,15.655814,1769013701,100.00,5.00,on_bus,46.558997,15.655855
1303,G2,46.559090,15.655866,1769013701,87.57,10.00,on_bus,46.558997,15.655855
2100,G2,46.557835,15.649658,1769013701,75.77,10.00,waiting_at_station,46.558997,15.655855
2600,G2,46.550229,15.645300,1769013701,87.89,10.00,waiting_at_station,46.558997,15.655855
2601,G2,46.549848,15.645433,1769013701,100.00,5.00,waiting_at_station,46.558997,15.655855
2602,G2,46.549645,15.645933,1769013701,57.51,35.00,waiting_at_station,46.558997,15.655855
1300,G2,46.559021,15.655786,1769013701,78.95,10.00,on_bus,46.558947,15.655837
1301,G2,46.558991,15.655841,1769013701,68.96,20.00,on_bus,46.558947,15.655837
1302,G2,46.558998,15.655720,1769013701,100.00,5.00,on_bus,46.558947,15.655837
1303,G2,46.558899,15.655640,1769013701,61.07,20.00,on_bus,46.558947,15.655837
2000,G2,46.559131,15.656080,1769013701,93.11,5.00,waiting_at_station,46.558947,15.655837
2001,G2,46.559635,15.656402,1769013701,93.93,5.00,waiting_at_station,46.558947,15.655837
2002,G2,46.559589,15.656267,1769013701,99.35,5.00,waiting_at_station,46.558947,15.655837
2200,G2,46.551314,15.646700,1769013701,59.32,35.00,waiting_at_station,46.558947,15.655837
2201,G2,46.551525,15.646860,1769013701,78.82,10.00,waiting_at_station,46.558947,15.655837
2202,G2,46.551292,15.646486,1769013701,75.74,10.00,waiting_at_station,46.558947,15.655837
2300,G2,46.542620,15.641257,1769013701,78.53,10.00,waiting_at_station,46.558947,15.655837
2301,G2,46.542765,15.642099,1769013701,55.04,35.00,waiting_at_station,46.558947,15.655837
2700,G2,46.557940,15.650876,1769013701,81.26,10.00,waiting_at_station,46.558947,15.655837
2800,G2,46.558318,15.655534,1769013701,67.69,20.00,waiting_at_station,46.558947,15.655837
2801,G2,46.558320,15.655789,1769013701,94.02,5.00,waiting_at_station,46.558947,15.655837
2802,G2,46.558564,15.655348,1769013701,56.46,35.00,waiting_at_station,46.558947,15.655837
1300,G2,46.558909,15.656013,1769013702,81.79,10.00,on_bus,46.558898,15.655819
1301,G2,46.558883,15.655883,1769013702,92.97,5.00,on_bus,46.558898,15.655819
1302,G2,46.558932,15.655822,1769013702,60.48,20.00,on_bus,46.558898,15.655819
1303,G2,46.558772,15.655848,1769013702,61.94,20.00,on_bus,46.558898,15.655819
1304,G2,46.558847,15.655759,1769013702,77.44,10.00,on_bus,46.558898,15.655819
1300,G2,46.558837,15.655739,1769013703,95.13,5.00,on_bus,46.558848,15.655802
1301,G2,46.558930,15.655618,1769013703,94.61,5.00,on_bus,46.558848,15.655802
1302,G2,46.558736,15.655877,1769013703,100.00,5.00,on_bus,46.558848,15.655802
2400,G2,46.534606,15.636181,1769013703,79.41,10.00,waiting_at_station,46.558848,15.655802
2401,G2,46.534679,15.635974,1769013703,75.68,10.00,waiting_at_station,46.558848,15.655802
2600,G2,46.549888,15.645544,1769013703,97.92,5.00,waiting_at_station,46.558848,15.655802
2601,G2,46.549869,15.645691,1769013703,52.25,35.00,waiting_at_station,46.558848,15.655802
2602,G2,46.548949,15.645205,1769013703,67.64,20.00,waiting_at_station,46.558848,15.655802
2700,G2,46.557967,15.651674,1769013703,73.99,20.00,waiting_at_station,46.558848,15.655802
2701,G2,46.557617,15.651986,1769013703,73.82,20.00,waiting_at_station,46.558848,15.655802
2800,G2,46.558383,15.655626,1769013703,80.37,10.00,waiting_at_station,46.558848,15.655802
2801,G2,46.558550,15.655460,1769013703,88.12,10.00,waiting_at_station,46.558848,15.655802
1300,G2,46.558802,15.655639,1769013703,36.99,50.00,on_bus,46.558798,15.655784
1301,G2,46.558921,15.655909,1769013703,100.00,5.00,on_bus,46.558798,15.655784
1302,G2,46.558869,15.655820,1769013703,93.43,5.00,on_bus,46.558798,15.655784
2100,G2,46.558194,15.649751,1769013703,64.04,20.00,waiting_at_station,46.558798,15.655784
2101,G2,46.558148,15.649112,1769013703,58.67,35.00,waiting_at_station,46.558798,15.655784
2300,G2,46.542822,15.641929,1769013703,77.89,10.00,waiting_at_station,46.558798,15.655784
2301,G2,46.543021,15.641730,1769013703,85.60,10.00,waiting_at_station,46.558798,15.655784
2500,G2,46.540594,15.640203,1769013703,62.02,20.00,waiting_at_station,46.558798,15.655784
2501,G2,46.540729,15.640496,1769013703,59.86,35.00,waiting_at_station,46.558798,15.655784
2502,G2,46.540695,15.639933,1769013703,86.07,10.00,waiting_at_station,46.558798,15.655784
1300,G2,46.558655,15.655693,1769013704,85.72,10.00,on_bus,46.558749,15.655766
1301,G2,46.558791,15.655929,1769013704,70.94,20.00,on_bus,46.558749,15.655766
1302,G2,46.558812,15.655708,1769013704,76.29,10.00,on_bus,46.558749,15.655766
1303,G2,46.558726,15.655710,1769013704,100.00,5.00,on_bus,46.558749,15.655766
1304,G2,46.558545,15.655736,1769013704,91.12,5.00,on_bus,46.558749,15.655766
2000,G2,46.559237,15.656102,1769013704,93.72,5.00,waiting_at_station,46.558749,15.655766
2400,G2,46.534683,15.635869,1769013704,62.65,20.00,waiting_at_station,46.558749,15.655766
2401,G2,46.534542,15.635580,1769013704,96.03,5.00,waiting_at_station,46.558749,15.655766
2402,G2,46.534811,15.635775,1769013704,60.18,20.00,waiting_at_station,46.558749,15.655766
2600,G2,46.549570,15.645769,1769013704,59.67,35.00,waiting_at_station,46.558749,15.655766
1400,G2,46.558676,15.655768,1769013703,68.81,20.00,on_bus,46.558699,15.655748
1401,G2,46.558609,15.655740,1769013703,53.15,35.00,on_bus,46.558699,15.655748
1402,G2,46.558775,15.656063,1769013703,100.00,5.00,on_bus,46.558699,15.655748
1403,G2,46.558693,15.655749,1769013703,73.87,20.00,on_bus,46.558699,15.655748
1404,G2,46.558704,15.655798,1769013703,80.78,10.00,on_bus,46.558699,15.655748
2200,G2,46.551385,15.646406,1769013703,41.14,50.00,waiting_at_station,46.558699,15.655748
2201,G2,46.551211,15.646711,1769013703,79.26,10.00,waiting_at_station,46.558699,15.655748
2202,G2,46.551380,15.646236,1769013703,68.18,20.00,waiting_at_station,46.558699,15.655748
2300,G2,46.542879,15.641871,1769013703,79.79,10.00,waiting_at_station,46.558699,15.655748
2301,G2,46.543159,15.641282,1769013703,76.54,10.00,waiting_at_station,46.558699,15.655748
2302,G2,46.542917,15.641964,1769013703,100.00,5.00,waiting_at_station,46.558699,15.655748
2500,G2,46.540448,15.640027,1769013703,93.33,5.00,waiting_at_station,46.558699,15.655748
2501,G2,46.540700,15.639466,1769013703,73.65,20.00,waiting_at_station,46.558699,15.655748
2502,G2,46.540697,15.640021,1769013703,78.94,10.00,waiting_at_station,46.558699,15.655748
2700,G2,46.558089,15.650959,1769013703,65.14,20.00,waiting_at_station,46.558699,15.655748
1400,G2,46.558540,15.655681,1769013703,50.64,35.00,on_bus,46.558635,15.655722
1401,G2,46.558593,15.655648,1769013703,85.36,10.00,on_bus,46.558635,15.655722
2300,G2,46.542743,15.641831,1769013703,72.03,20.00,waiting_at_station,46.558635,15.655722
2301,G2,46.542567,15.642127,1769013703,44.65,50.00,waiting_at_station,46.558635,15.655722
2302,G2,46.542932,15.641798,1769013703,86.55,10.00,waiting_at_station,46.558635,15.655722
2400,G2,46.534776,15.635657,1769013703,59.29,35.00,waiting_at_station,46.558635,15.655722
2500,G2,46.540420,15.639840,1769013703,58.64,35.00,waiting_at_station,46.558635,15.655722
2501,G2,46.540624,15.640034,1769013703,80.57,10.00,waiting_at_station,46.558635,15.655722
2502,G2,46.540680,15.640223,1769013703,89.71,10.00,waiting_at_station,46.558635,15.655722
1400,G2,46.558670,15.655702,1769013705,68.38,20.00,on_bus,46.558571,15.655697
1401,G2,46.558698,15.655815,1769013705,82.27,10.00,on_bus,46.558571,15.655697
2300,G2,46.543033,15.641684,1769013705,81.56,10.00,waiting_at_station,46.558571,15.655697
2700,G2,46.558182,15.650947,1769013705,68.19,20.00,waiting_at_station,46.558571,15.655697
1400,G2,46.558441,15.655600,1769013705,100.00,5.00,on_bus,46.558508,15.655671
1401,G2,46.558500,15.655726,1769013705,94.26,5.00,on_bus,46.558508,15.655671
2000,G2,46.559702,15.656279,1769013705,64.35,20.00,waiting_at_station,46.558508,15.655671
2400,G2,46.534685,15.635084,1769013705,67.33,20.00,waiting_at_station,46.558508,15.655671
2401,G2,46.534424,15.635732,1769013705,67.54,20.00,waiting_at_station,46.558508,15.655671
2800,G2,46.558413,15.655562,1769013705,83.47,10.00,waiting_at_station,46.558508,15.655671
2801,G2,46.558357,15.655852,1769013705,95.31,5.00,waiting_at_station,46.558508,15.655671
1500,G2,46.558481,15.655593,1769013705,90.49,5.00,on_bus,46.558444,15.655645
1501,G2,46.558491,15.655777,1769013705,60.59,20.00,on_bus,46.558444,15.655645
1502,G2,46.558273,15.655519,1769013705,82.42,10.00,on_bus,46.558444,15.655645
1503,G2,46.558343,15.655796,1769013705,100.00,5.00,on_bus,46.558444,15.655645
1504,G2,46.558409,15.655714,1769013705,76.77,10.00,on_bus,46.558444,15.655645
1505,G2,46.558331,15.655735,1769013705,82.24,10.00,on_bus,46.558444,15.655645
2100,G2,46.558259,15.649154,1769013705,84.61,10.00,waiting_at_station,46.558444,15.655645
1500,G2,46.558483,15.655266,1769013705,57.24,35.00,on_bus,46.558439,15.655511
1501,G2,46.558376,15.655447,1769013705,58.65,35.00,on_bus,46.558439,15.655511
1502,G2,46.558393,15.655499,1769013705,89.21,10.00,on_bus,46.558439,15.655511
1503,G2,46.558401,15.655548,1769013705,84.54,10.00,on_bus,46.558439,15.655511
1504,G2,46.558409,15.655528,1769013705,79.99,10.00,on_bus,46.558439,15.655511
1505,G2,46.558467,15.655458,1769013705,100.00,5.00,on_bus,46.558439,15.655511
2200,G2,46.551100,15.646578,1769013705,51.83,35.00,waiting_at_station,46.558439,15.655511
2201,G2,46.551390,15.646626,1769013705,100.00,5.00,waiting_at_station,46.558439,15.655511
2202,G2,46.551231,15.646736,1769013705,78.23,10.00,waiting_at_station,46.558439,15.655511
2800,G2,46.558218,15.655289,1769013705,75.49,10.00,waiting_at_station,46.558439,15.655511
2801,G2,46.558650,15.655493,1769013705,70.93,20.00,waiting_at_station,46.558439,15.655511
1500,G2,46.558387,15.655252,1769013706,60.79,20.00,on_bus,46.558434,15.655377
1501,G2,46.558518,15.655252,1769013706,75.67,10.00,on_bus,46.558434,15.655377
1502,G2,46.558498,15.655325,1769013706,88.02,10.00,on_bus,46.558434,15.655377
1503,G2,46.558477,15.655332,1769013706,82.67,10.00,on_bus,46.558434,15.655377
2000,G2,46.559483,15.655961,1769013706,76.37,10.00,waiting_at_station,46.558434,15.655377
2001,G2,46.559826,15.655491,1769013706,100.00,5.00,waiting_at_station,46.558434,15.655377
2200,G2,46.551277,15.646833,1769013706,77.25,10.00,waiting_at_station,46.558434,15.655377
2500,G2,46.540524,15.640023,1769013706,62.41,20.00,waiting_at_station,46.558434,15.655377
2501,G2,46.540582,15.639685,1769013706,95.58,5.00,waiting_at_station,46.558434,15.655377
1500,G2,46.558307,15.655299,1769013708,74.65,20.00,on_bus,46.558428,15.655242
1501,G2,46.558391,15.655274,1769013708,58.59,35.00,on_bus,46.558428,15.655242
1502,G2,46.558399,15.655341,1769013708,70.75,20.00,on_bus,46.558428,15.655242
1503,G2,46.558447,15.655268,1769013708,95.02,5.00,on_bus,46.558428,15.655242
1504,G2,46.558442,15.655449,1769013708,62.45,20.00,on_bus,46.558428,15.655242
1505,G2,46.558417,15.655279,1769013708,60.98,20.00,on_bus,46.558428,15.655242
2000,G2,46.559544,15.655820,1769013708,92.60,5.00,waiting_at_station,46.558428,15.655242
2001,G2,46.559699,15.656179,1769013708,59.32,35.00,waiting_at_station,46.558428,15.655242
2002,G2,46.559489,15.656154,1769013708,59.28,35.00,waiting_at_station,46.558428,15.655242
2300,G2,46.542822,15.641644,1769013708,73.30,20.00,waiting_at_station,46.558428,15.655242
2301,G2,46.542521,15.641711,1769013708,57.21,35.00,waiting_at_station,46.558428,15.655242
1500,G2,46.558443,15.655126,1769013709,89.19,10.00,on_bus,46.558423,15.655108
1501,G2,46.558394,15.655117,1769013709,88.41,10.00,on_bus,46.558423,15.655108
1502,G2,46.558454,15.654955,1769013709,80.86,10.00,on_bus,46.558423,15.655108
1600,G2,46.558396,15.654992,1769013707,94.87,5.00,on_bus,46.558418,15.654974
1601,G2,46.558462,15.654944,1769013707,77.68,10.00,on_bus,46.558418,15.654974
1602,G2,46.558421,15.655015,1769013707,53.65,35.00,on_bus,46.558418,15.654974
1603,G2,46.558442,15.654949,1769013707,83.85,10.00,on_bus,46.558418,15.654974
1604,G2,46.558488,15.655048,1769013707,78.65,10.00,on_bus,46.558418,15.654974
2300,G2,46.542410,15.641413,1769013707,42.23,50.00,waiting_at_station,46.558418,15.654974
2500,G2,46.540409,15.639930,1769013707,61.84,20.00,waiting_at_station,46.558418,15.654974
2800,G2,46.558569,15.655580,1769013707,72.03,20.00,waiting_at_station,46.558418,15.654974
1600,G2,46.558512,15.654892,1769013708,83.83,10.00,on_bus,46.558499,15.654974
1601,G2,46.558540,15.655169,1769013708,88.96,10.00,on_bus,46.558499,15.654974
1602,G2,46.558403,15.655084,1769013708,80.08,10.00,on_bus,46.558499,15.654974
2100,G2,46.557806,15.648959,1769013708,83.68,10.00,waiting_at_station,46.558499,15.654974
2101,G2,46.558117,15.649650,1769013708,89.19,10.00,waiting_at_station,46.558499,15.654974
2300,G2,46.542834,15.641685,1769013708,73.51,20.00,waiting_at_station,46.558499,15.654974
2400,G2,46.535127,15.635550,1769013708,58.81,35.00,waiting_at_station,46.558499,15.654974
2401,G2,46.534793,15.635689,1769013708,92.74,5.00,waiting_at_station,46.558499,15.654974
2402,G2,46.534668,15.635998,1769013708,78.17,10.00,waiting_at_station,46.558499,15.654974
1600,G2,46.558460,15.654999,1769013709,65.39,20.00,on_bus,46.558580,15.654973
1601,G2,46.558399,15.654940,1769013709,89.64,10.00,on_bus,46.558580,15.654973
1602,G2,46.558608,15.654940,1769013709,69.21,20.00,on_bus,46.558580,15.654973
2000,G2,46.559443,15.656103,1769013709,66.42,20.00,waiting_at_station,46.558580,15.654973
2200,G2,46.551287,15.646111,1769013709,77.16,10.00,waiting_at_station,46.558580,15.654973
1600,G2,46.558822,15.654944,1769013710,77.92,10.00,on_bus,46.558661,15.654973
1601,G2,46.558726,15.654900,1769013710,92.92,5.00,on_bus,46.558661,15.654973
1602,G2,46.558563,15.654933,1769013710,94.66,5.00,on_bus,46.558661,15.654973
1603,G2,46.558637,15.655004,1769013710,86.17,10.00,on_bus,46.558661,15.654973
2600,G2,46.549736,15.645351,1769013710,58.64,35.00,waiting_at_station,46.558661,15.654973
1600,G2,46.558651,15.654921,1769013711,89.09,10.00,on_bus,46.558741,15.654973
1601,G2,46.558703,15.655090,1769013711,88.61,10.00,on_bus,46.558741,15.654973
1602,G2,46.558800,15.655069,1769013711,84.46,10.00,on_bus,46.558741,15.654973
1603,G2,46.558709,15.655323,1769013711,96.54,5.00,on_bus,46.558741,15.654973
1604,G2,46.558697,15.654895,1769013711,83.69,10.00,on_bus,46.558741,15.654973
2500,G2,46.540683,15.640469,1769013711,64.80,20.00,waiting_at_station,46.558741,15.654973
2501,G2,46.540626,15.639962,1769013711,96.88,5.00,waiting_at_station,46.558741,15.654973
1600,G2,46.558822,15.654968,1769013712,72.53,20.00,on_bus,46.558822,15.654972
1601,G2,46.558864,15.654928,1769013712,100.00,5.00,on_bus,46.558822,15.654972
1602,G2,46.558714,15.654793,1769013712,81.82,10.00,on_bus,46.558822,15.654972
1603,G2,46.558833,15.654957,1769013712,78.24,10.00,on_bus,46.558822,15.654972
2200,G2,46.551646,15.646228,1769013712,44.53,50.00,waiting_at_station,46.558822,15.654972
2400,G2,46.534733,15.635940,1769013712,89.95,10.00,waiting_at_station,46.558822,15.654972
2401,G2,46.534731,15.635701,1769013712,78.57,10.00,waiting_at_station,46.558822,15.654972
2500,G2,46.540801,15.639823,1769013712,83.51,10.00,waiting_at_station,46.558822,15.654972
1700,G2,46.558748,15.655067,1769013710,71.69,20.00,on_bus,46.558903,15.654972
1701,G2,46.558872,15.655138,1769013710,87.46,10.00,on_bus,46.558903,15.654972
1702,G2,46.558895,15.654978,1769013710,89.83,10.00,on_bus,46.558903,15.654972
2000,G2,46.559622,15.656027,1769013710,57.85,35.00,waiting_at_station,46.558903,15.654972
2001,G2,46.559490,15.655883,1769013710,38.28,50.00,waiting_at_station,46.558903,15.654972
2100,G2,46.558201,15.649024,1769013710,55.97,35.00,waiting_at_station,46.558903,15.654972
2101,G2,46.558425,15.649164,1769013710,53.22,35.00,waiting_at_station,46.558903,15.654972
2102,G2,46.558071,15.649070,1769013710,88.69,10.00,waiting_at_station,46.558903,15.654972
2300,G2,46.542782,15.642153,1769013710,92.72,5.00,waiting_at_station,46.558903,15.654972
2301,G2,46.542756,15.641808,1769013710,99.81,5.00,waiting_at_station,46.558903,15.654972
2500,G2,46.540455,15.639947,1769013710,85.43,10.00,waiting_at_station,46.558903,15.654972
2501,G2,46.540621,15.640031,1769013710,100.00,5.00,waiting_at_station,46.558903,15.654972
2502,G2,46.540500,15.640442,1769013710,75.21,10.00,waiting_at_station,46.558903,15.654972
1700,G2,46.559062,15.654978,1769013711,99.05,5.00,on_bus,46.558998,15.655010
1701,G2,46.558924,15.655162,1769013711,81.92,10.00,on_bus,46.558998,15.655010
1702,G2,46.559072,15.655211,1769013711,69.69,20.00,on_bus,46.558998,15.655010
1703,G2,46.558976,15.655008,1769013711,55.41,35.00,on_bus,46.558998,15.655010
2100,G2,46.558132,15.649692,1769013711,80.32,10.00,waiting_at_station,46.558998,15.655010
2101,G2,46.558268,15.649326,1769013711,65.61,20.00,waiting_at_station,46.558998,15.655010
2400,G2,46.534609,15.635982,1769013711,76.02,10.00,waiting_at_station,46.558998,15.655010
2401,G2,46.534928,15.635778,1769013711,77.62,10.00,waiting_at_station,46.558998,15.655010
2800,G2,46.558187,15.655256,1769013711,60.58,20.00,waiting_at_station,46.558998,15.655010
2801,G2,46.558575,15.655621,1769013711,73.28,20.00,waiting_at_station,46.558998,15.655010
1700,G2,46.559041,15.655062,1769013712,66.93,20.00,on_bus,46.559093,15.655047
1701,G2,46.559123,15.654885,1769013712,87.64,10.00,on_bus,46.559093,15.655047
2600,G2,46.549694,15.646279,1769013712,63.93,20.00,waiting_at_station,46.559093,15.655047
2601,G2,46.550082,15.645835,1769013712,37.45,50.00,waiting_at_station,46.559093,15.655047
1700,G2,46.559215,15.655085,1769013714,73.74,20.00,on_bus,46.559187,15.655085
1701,G2,46.559344,15.655394,1769013714,82.06,10.00,on_bus,46.559187,15.655085
2000,G2,46.559562,15.656192,1769013714,60.56,20.00,waiting_at_station,46.559187,15.655085
2001,G2,46.559826,15.656015,1769013714,83.80,10.00,waiting_at_station,46.559187,15.655085
2002,G2,46.559376,15.656157,1769013714,39.70,50.00,waiting_at_station,46.559187,15.655085
2200,G2,46.550951,15.646114,1769013714,85.81,10.00,waiting_at_station,46.559187,15.655085
2201,G2,46.551334,15.646517,1769013714,77.87,10.00,waiting_at_station,46.559187,15.655085
2202,G2,46.551304,15.647118,1769013714,84.57,10.00,waiting_at_station,46.559187,15.655085
2500,G2,46.540585,15.640290,1769013714,58.65,35.00,waiting_at_station,46.559187,15.655085
2501,G2,46.541392,15.640838,1769013714,87.03,10.00,waiting_at_station,46.559187,15.655085
1800,G2,46.559170,15.655220,1769013713,70.55,20.00,on_bus,46.559282,15.655122
1801,G2,46.559331,15.655137,1769013713,91.77,5.00,on_bus,46.559282,15.655122
1802,G2,46.559317,15.655159,1769013713,74.59,20.00,on_bus,46.559282,15.655122
1803,G2,46.559317,15.655085,1769013713,70.44,20.00,on_bus,46.559282,15.655122
1804,G2,46.559306,15.655224,1769013713,62.54,20.00,on_bus,46.559282,15.655122
1805,G2,46.559394,15.655180,1769013713,69.91,20.00,on_bus,46.559282,15.655122
2000,G2,46.559380,15.656145,1769013713,75.19,10.00,waiting_at_station,46.559282,15.655122
2600,G2,46.549992,15.645705,1769013713,61.19,20.00,waiting_at_station,46.559282,15.655122
2800,G2,46.558831,15.655584,1769013713,75.95,10.00,waiting_at_station,46.559282,15.655122
2801,G2,46.558217,15.655464,1769013713,73.71,20.00,waiting_at_station,46.559282,15.655122
2802,G2,46.558409,15.655677,1769013713,77.13,10.00,waiting_at_station,46.559282,15.655122
1800,G2,46.559436,15.655174,1769013714,68.53,20.00,on_bus,46.559419,15.655187
1801,G2,46.559421,15.655254,1769013714,73.38,20.00,on_bus,46.559419,15.655187
1802,G2,46.559466,15.655140,1769013714,100.00,5.00,on_bus,46.559419,15.655187
1803,G2,46.559481,15.655291,1769013714,74.98,20.00,on_bus,46.559419,15.655187
1804,G2,46.559465,15.655339,1769013714,64.04,20.00,on_bus,46.559419,15.655187
2000,G2,46.559519,15.656305,1769013714,62.12,20.00,waiting_at_station,46.559419,15.655187
2400,G2,46.534672,15.636013,1769013714,50.07,35.00,waiting_at_station,46.559419,15.655187
1800,G2,46.559579,15.655217,1769013716,64.41,20.00,on_bus,46.559557,15.655251
1801,G2,46.559672,15.655413,1769013716,100.00,5.00,on_bus,46.559557,15.655251
2400,G2,46.534945,15.635889,1769013716,78.40,10.00,waiting_at_station,46.559557,15.655251
2401,G2,46.535129,15.635210,1769013716,65.37,20.00,waiting_at_station,46.559557,15.655251
2402,G2,46.534553,15.635694,1769013716,66.21,20.00,waiting_at_station,46.559557,15.655251
2500,G2,46.540781,15.639997,1769013716,69.19,20.00,waiting_at_station,46.559557,15.655251
2600,G2,46.550004,15.645343,1769013716,70.26,20.00,waiting_at_station,46.559557,15.655251
1900,G2,46.559822,15.655224,1769013715,73.82,20.00,on_bus,46.559694,15.655316
1901,G2,46.559605,15.655336,1769013715,67.83,20.00,on_bus,46.559694,15.655316
1902,G2,46.559682,15.655136,1769013715,68.97,20.00,on_bus,46.559694,15.655316
1903,G2,46.559751,15.655198,1769013715,100.00,5.00,on_bus,46.559694,15.655316
2000,G2,46.559635,15.656329,1769013715,54.59,35.00,waiting_at_station,46.559694,15.655316
2001,G2,46.559573,15.655960,1769013715,92.05,5.00,waiting_at_station,46.559694,15.655316
2500,G2,46.540581,15.639677,1769013715,76.00,10.00,waiting_at_station,46.559694,15.655316
2501,G2,46.540171,15.639636,1769013715,98.31,5.00,waiting_at_station,46.559694,15.655316
2600,G2,46.549743,15.645500,1769013715,45.50,35.00,waiting_at_station,46.559694,15.655316
1900,G2,46.559761,15.655499,1769013715,86.47,10.00,on_bus,46.559740,15.655338
1901,G2,46.559731,15.655273,1769013715,95.75,5.00,on_bus,46.559740,15.655338
1902,G2,46.559610,15.655442,1769013715,100.00,5.00,on_bus,46.559740,15.655338
1903,G2,46.559759,15.655328,1769013715,64.50,20.00,on_bus,46.559740,15.655338
1904,G2,46.559815,15.655480,1769013715,77.71,10.00,on_bus,46.559740,15.655338
1905,G2,46.559679,15.655518,1769013715,57.27,35.00,on_bus,46.559740,15.655338
2100,G2,46.558206,15.649111,1769013715,65.33,20.00,waiting_at_station,46.559740,15.655338
2101,G2,46.558440,15.649074,1769013715,94.74,5.00,waiting_at_station,46.559740,15.655338
2102,G2,46.558216,15.649237,1769013715,100.00,5.00,waiting_at_station,46.559740,15.655338
2300,G2,46.542711,15.641615,1769013715,83.19,10.00,waiting_at_station,46.559740,15.655338
1900,G2,46.559785,15.655350,1769013716,92.95,5.00,on_bus,46.559786,15.655359
1901,G2,46.559702,15.655286,1769013716,76.31,10.00,on_bus,46.559786,15.655359
1902,G2,46.559764,15.655400,1769013716,73.54,20.00,on_bus,46.559786,15.655359
1903,G2,46.559763,15.655275,1769013716,76.48,10.00,on_bus,46.559786,15.655359
2100,G2,46.557799,15.649373,1769013716,73.46,20.00,waiting_at_station,46.559786,15.655359
2200,G2,46.551395,15.646536,1769013716,99.04,5.00,waiting_at_station,46.559786,15.655359
2201,G2,46.551329,15.646331,1769013716,76.94,10.00,waiting_at_station,46.559786,15.655359
2202,G2,46.551265,15.646216,1769013716,93.96,5.00,waiting_at_station,46.559786,15.655359
2500,G2,46.540547,15.640028,1769013716,65.19,20.00,waiting_at_station,46.559786,15.655359
2501,G2,46.540711,15.640138,1769013716,77.63,10.00,waiting_at_station,46.559786,15.655359
2502,G2,46.540736,15.640013,1769013716,48.59,35.00,waiting_at_station,46.559786,15.655359
2700,G2,46.558009,15.651099,1769013716,69.50,20.00,waiting_at_station,46.559786,15.655359
1900,G2,46.559992,15.655426,1769013717,76.95,10.00,on_bus,46.559832,15.655381
1901,G2,46.559847,15.655493,1769013717,86.87,10.00,on_bus,46.559832,15.655381
1902,G2,46.559816,15.655461,1769013717,82.26,10.00,on_bus,46.559832,15.655381
1903,G2,46.559793,15.655468,1769013717,50.75,35.00,on_bus,46.559832,15.655381
1904,G2,46.559839,15.655314,1769013717,87.46,10.00,on_bus,46.559832,15.655381
1905,G2,46.559890,15.655474,1769013717,64.65,20.00,on_bus,46.559832,15.655381
2100,G2,46.557929,15.649306,1769013717,84.66,10.00,waiting_at_station,46.559832,15.655381
2400,G2,46.534725,15.635782,1769013717,77.09,10.00,waiting_at_station,46.559832,15.655381
2401,G2,46.534885,15.636109,1769013717,95.06,5.00,waiting_at_station,46.559832,15.655381
2700,G2,46.557628,15.651458,1769013717,80.16,10.00,waiting_at_station,46.559832,15.655381
2800,G2,46.558622,15.655964,1769013717,75.91,10.00,waiting_at_station,46.559832,15.655381
1900,G2,46.559826,15.655374,1769013717,93.84,5.00,on_bus,46.559879,15.655403
1901,G2,46.559923,15.655199,1769013717,64.56,20.00,on_bus,46.559879,15.655403
1902,G2,46.559878,15.655295,1769013717,98.86,5.00,on_bus,46.559879,15.655403
1903,G2,46.559970,15.655623,1769013717,100.00,5.00,on_bus,46.559879,15.655403
2200,G2,46.551078,15.646126,1769013717,100.00,5.00,waiting_at_station,46.559879,15.655403
2700,G2,46.557989,15.650738,1769013717,63.14,20.00,waiting_at_station,46.559879,15.655403
1900,G2,46.559906,15.655620,1769013718,100.00,5.00,on_bus,46.559925,15.655424
1901,G2,46.559927,15.655359,1769013718,75.51,10.00,on_bus,46.559925,15.655424
1902,G2,46.559896,15.655445,1769013718,94.07,5.00,on_bus,46.559925,15.655424
1903,G2,46.559883,15.655244,1769013718,87.38,10.00,on_bus,46.559925,15.655424
2100,G2,46.558110,15.649175,1769013718,90.33,5.00,waiting_at_station,46.559925,15.655424
2101,G2,46.558126,15.648897,1769013718,74.27,20.00,waiting_at_station,46.559925,15.655424
2102,G2,46.557960,15.649207,1769013718,43.91,50.00,waiting_at_station,46.559925,15.655424
2200,G2,46.551452,15.646547,1769013718,72.17,20.00,waiting_at_station,46.559925,15.655424
2201,G2,46.551299,15.646521,1769013718,94.29,5.00,waiting_at_station,46.559925,15.655424
2400,G2,46.534870,15.635918,1769013718,81.02,10.00,waiting_at_station,46.559925,15.655424
2401,G2,46.535011,15.636720,1769013718,49.06,35.00,waiting_at_station,46.559925,15.655424
2402,G2,46.534725,15.635686,1769013718,85.55,10.00,waiting_at_station,46.559925,15.655424
2800,G2,46.558799,15.655334,1769013718,73.61,20.00,waiting_at_station,46.559925,15.655424
2801,G2,46.558283,15.654787,1769013718,87.74,10.00,waiting_at_station,46.559925,15.655424
2000,G2,46.559927,15.655596,1769013717,61.11,20.00,on_bus,46.559971,15.655446
2001,G2,46.559953,15.655372,1769013717,83.02,10.00,on_bus,46.559971,15.655446
2002,G2,46.560010,15.655582,1769013717,84.35,10.00,on_bus,46.559971,15.655446
2003,G2,46.559937,15.655500,1769013717,82.37,10.00,on_bus,46.559971,15.655446
2004,G2,46.559972,15.655406,1769013717,62.69,20.00,on_bus,46.559971,15.655446
2005,G2,46.560024,15.655430,1769013717,94.82,5.00,on_bus,46.559971,15.655446
2200,G2,46.551068,15.646266,1769013717,83.61,10.00,waiting_at_station,46.559971,15.655446
2201,G2,46.551367,15.646491,1769013717,76.28,10.00,waiting_at_station,46.559971,15.655446
2202,G2,46.551564,15.646491,1769013717,80.30,10.00,waiting_at_station,46.559971,15.655446
2400,G2,46.534430,15.635271,1769013717,83.26,10.00,waiting_at_station,46.559971,15.655446
2401,G2,46.534685,15.635809,1769013717,70.65,20.00,waiting_at_station,46.559971,15.655446
2500,G2,46.540797,15.639826,1769013717,70.38,20.00,waiting_at_station,46.559971,15.655446
2600,G2,46.549867,15.645770,1769013717,42.11,50.00,waiting_at_station,46.559971,15.655446
2601,G2,46.549875,15.645838,1769013717,76.59,10.00,waiting_at_station,46.559971,15.655446
2700,G2,46.557697,15.650700,1769013717,76.61,10.00,waiting_at_station,46.559971,15.655446
2000,G2,46.560028,15.655556,1769013717,80.71,10.00,on_bus,46.560058,15.655487
2001,G2,46.560044,15.655467,1769013717,82.02,10.00,on_bus,46.560058,15.655487
2002,G2,46.560015,15.655525,1769013717,82.89,10.00,on_bus,46.560058,15.655487
2003,G2,46.560086,15.655549,1769013717,100.00,5.00,on_bus,46.560058,15.655487
2004,G2,46.560105,15.655575,1769013717,86.68,10.00,on_bus,46.560058,15.655487
2800,G2,46.558327,15.655458,1769013717,72.00,20.00,waiting_at_station,46.560058,15.655487
2000,G2,46.560100,15.655630,1769013719,65.59,20.00,on_bus,46.560145,15.655528
2001,G2,46.559969,15.655378,1769013719,81.93,10.00,on_bus,46.560145,15.655528
2100,G2,46.558008,15.648928,1769013719,65.82,20.00,waiting_at_station,46.560145,15.655528
2101,G2,46.558291,15.648840,1769013719,73.58,20.00,waiting_at_station,46.560145,15.655528
2700,G2,46.558218,15.651055,1769013719,60.01,20.00,waiting_at_station,46.560145,15.655528
2701,G2,46.557782,15.651848,1769013719,41.93,50.00,waiting_at_station,46.560145,15.655528
2702,G2,46.557930,15.651032,1769013719,61.61,20.00,waiting_at_station,46.560145,15.655528
2000,G2,46.560275,15.655908,1769013720,90.17,5.00,on_bus,46.560233,15.655569
2001,G2,46.560206,15.655676,1769013720,43.94,50.00,on_bus,46.560233,15.655569
2002,G2,46.560211,15.655522,1769013720,99.43,5.00,on_bus,46.560233,15.655569
2003,G2,46.560228,15.655543,1769013720,68.15,20.00,on_bus,46.560233,15.655569
2004,G2,46.560176,15.655463,1769013720,87.56,10.00,on_bus,46.560233,15.655569
2500,G2,46.540307,15.639550,1769013720,91.06,5.00,waiting_at_station,46.560233,15.655569
2501,G2,46.541174,15.639698,1769013720,60.36,20.00,waiting_at_station,46.560233,15.655569
2000,G2,46.560334,15.655631,1769013722,88.57,10.00,on_bus,46.560320,15.655610
2001,G2,46.560255,15.655641,1769013722,74.02,20.00,on_bus,46.560320,15.655610
2000,G2,46.559738,15.655933,1769013722,85.82,10.00,waiting_at_station,46.560320,15.655610
2300,G2,46.542999,15.641453,1769013722,95.54,5.00,waiting_at_station,46.560320,15.655610
2500,G2,46.540743,15.639932,1769013722,47.78,35.00,waiting_at_station,46.560320,15.655610
2501,G2,46.540410,15.640235,1769013722,78.04,10.00,waiting_at_station,46.560320,15.655610
2700,G2,46.558237,15.650719,1769013722,50.44,35.00,waiting_at_station,46.560320,15.655610
2701,G2,46.557899,15.651225,1769013722,62.20,20.00,waiting_at_station,46.560320,15.655610
2800,G2,46.558513,15.655635,1769013722,50.93,35.00,waiting_at_station,46.560320,15.655610
2801,G2,46.557965,15.655827,1769013722,78.44,10.00,waiting_at_station,46.560320,15.655610
2802,G2,46.558531,15.655829,1769013722,81.47,10.00,waiting_at_station,46.560320,15.655610
2100,G2,46.560435,15.655664,1769013720,63.60,20.00,on_bus,46.560407,15.655651
2101,G2,46.560412,15.655769,1769013720,84.55,10.00,on_bus,46.560407,15.655651
2102,G2,46.560382,15.655807,1769013720,82.14,10.00,on_bus,46.560407,15.655651
2103,G2,46.560446,15.655564,1769013720,82.08,10.00,on_bus,46.560407,15.655651
2104,G2,46.560551,15.655523,1769013720,98.99,5.00,on_bus,46.560407,15.655651
2105,G2,46.560493,15.655755,1769013720,85.14,10.00,on_bus,46.560407,15.655651
2000,G2,46.559549,15.656106,1769013720,69.47,20.00,waiting_at_station,46.560407,15.655651
2001,G2,46.559640,15.656344,1769013720,94.62,5.00,waiting_at_station,46.560407,15.655651
2100,G2,46.557840,15.649446,1769013720,53.11,35.00,waiting_at_station,46.560407,15.655651
2101,G2,46.558080,15.649002,1769013720,84.47,10.00,waiting_at_station,46.560407,15.655651
2102,G2,46.558138,15.649456,1769013720,66.08,20.00,waiting_at_station,46.560407,15.655651
2100,G2,46.560303,15.655685,1769013720,86.67,10.00,on_bus,46.560470,15.655681
2101,G2,46.560415,15.655769,1769013720,81.19,10.00,on_bus,46.560470,15.655681
2102,G2,46.560570,15.655671,1769013720,75.47,10.00,on_bus,46.560470,15.655681
2103,G2,46.560447,15.655459,1769013720,85.70,10.00,on_bus,46.560470,15.655681
2104,G2,46.560474,15.655847,1769013720,97.39,5.00,on_bus,46.560470,15.655681
2105,G2,46.560384,15.655447,1769013720,87.30,10.00,on_bus,46.560470,15.655681
2200,G2,46.551278,15.646716,1769013720,72.40,20.00,waiting_at_station,46.560470,15.655681
2300,G2,46.542887,15.641647,1769013720,73.94,20.00,waiting_at_station,46.560470,15.655681
2301,G2,46.542551,15.641634,1769013720,83.78,10.00,waiting_at_station,46.560470,15.655681
2302,G2,46.542512,15.641603,1769013720,98.53,5.00,waiting_at_station,46.560470,15.655681
2700,G2,46.558267,15.650676,1769013720,77.85,10.00,waiting_at_station,46.560470,15.655681
2701,G2,46.557777,15.651403,1769013720,51.46,35.00,waiting_at_station,46.560470,15.655681
2100,G2,46.560525,15.655792,1769013721,80.96,10.00,on_bus,46.560533,15.655710
2101,G2,46.560397,15.655522,1769013721,70.27,20.00,on_bus,46.560533,15.655710
2102,G2,46.560609,15.655668,1769013721,87.33,10.00,on_bus,46.560533,15.655710
2103,G2,46.560505,15.655780,1769013721,78.06,10.00,on_bus,46.560533,15.655710
2104,G2,46.560531,15.655727,1769013721,100.00,5.00,on_bus,46.560533,15.655710
2105,G2,46.560607,15.655819,1769013721,100.00,5.00,on_bus,46.560533,15.655710
2100,G2,46.560677,15.655797,1769013722,100.00,5.00,on_bus,46.560595,15.655740
2101,G2,46.560538,15.655707,1769013722,82.22,10.00,on_bus,46.560595,15.655740
2102,G2,46.560600,15.655757,1769013722,100.00,5.00,on_bus,46.560595,15.655740
2300,G2,46.542656,15.641697,1769013722,73.04,20.00,waiting_at_station,46.560595,15.655740
2400,G2,46.534882,15.635897,1769013722,74.80,20.00,waiting_at_station,46.560595,15.655740
2401,G2,46.534939,15.635497,1769013722,61.86,20.00,waiting_at_station,46.560595,15.655740
2500,G2,46.540882,15.640139,1769013722,92.51,5.00,waiting_at_station,46.560595,15.655740
2501,G2,46.540667,15.640311,1769013722,53.34,35.00,waiting_at_station,46.560595,15.655740
2600,G2,46.549743,15.645721,1769013722,96.47,5.00,waiting_at_station,46.560595,15.655740
2601,G2,46.549639,15.645905,1769013722,52.00,35.00,waiting_at_station,46.560595,15.655740
2602,G2,46.549641,15.646033,1769013722,41.73,50.00,waiting_at_station,46.560595,15.655740
2700,G2,46.557892,15.651241,1769013722,88.71,10.00,waiting_at_station,46.560595,15.655740
2701,G2,46.557970,15.651365,1769013722,91.12,5.00,waiting_at_station,46.560595,15.655740
2702,G2,46.557971,15.651164,1769013722,54.82,35.00,waiting_at_station,46.560595,15.655740
2100,G2,46.560737,15.655839,1769013723,75.15,10.00,on_bus,46.560658,15.655770
2101,G2,46.560653,15.655798,1769013723,80.60,10.00,on_bus,46.560658,15.655770
2500,G2,46.540904,15.640216,1769013723,73.91,20.00,waiting_at_station,46.560658,15.655770
2501,G2,46.540778,15.640055,1769013723,79.51,10.00,waiting_at_station,46.560658,15.655770
2700,G2,46.558137,15.651370,1769013723,70.29,20.00,waiting_at_station,46.560658,15.655770
2701,G2,46.558118,15.651156,1769013723,78.25,10.00,waiting_at_station,46.560658,15.655770
2702,G2,46.557912,15.651102,1769013723,57.08,35.00,waiting_at_station,46.560658,15.655770
2100,G2,46.560720,15.655817,1769013723,50.94,35.00,on_bus,46.560721,15.655799
2101,G2,46.560686,15.655790,1769013723,68.76,20.00,on_bus,46.560721,15.655799
2102,G2,46.560706,15.655822,1769013723,77.31,10.00,on_bus,46.560721,15.655799
2103,G2,46.560573,15.655768,1769013723,78.89,10.00,on_bus,46.560721,15.655799
2104,G2,46.560679,15.655913,1769013723,80.49,10.00,on_bus,46.560721,15.655799
2105,G2,46.560752,15.655831,1769013723,80.66,10.00,on_bus,46.560721,15.655799
2300,G2,46.542766,15.641720,1769013723,70.09,20.00,waiting_at_station,46.560721,15.655799
2200,G2,46.560747,15.655738,1769013722,95.82,5.00,on_bus,46.560784,15.655829
2201,G2,46.560760,15.655848,1769013722,100.00,5.00,on_bus,46.560784,15.655829
2202,G2,46.560761,15.655843,1769013722,88.57,10.00,on_bus,46.560784,15.655829
2203,G2,46.560834,15.655904,1769013722,80.48,10.00,on_bus,46.560784,15.655829
2204,G2,46.560743,15.656014,1769013722,78.99,10.00,on_bus,46.560784,15.655829
2200,G2,46.560786,15.655751,1769013723,100.00,5.00,on_bus,46.560763,15.655705
2201,G2,46.560815,15.655660,1769013723,78.00,10.00,on_bus,46.560763,15.655705
2202,G2,46.560899,15.655707,1769013723,100.00,5.00,on_bus,46.560763,15.655705
2203,G2,46.560742,15.655709,1769013723,60.04,20.00,on_bus,46.560763,15.655705
2204,G2,46.560871,15.655587,1769013723,100.00,5.00,on_bus,46.560763,15.655705
2100,G2,46.558422,15.649032,1769013723,74.47,20.00,waiting_at_station,46.560763,15.655705
2101,G2,46.558066,15.649048,1769013723,65.04,20.00,waiting_at_station,46.560763,15.655705
2600,G2,46.549589,15.645683,1769013723,58.91,35.00,waiting_at_station,46.560763,15.655705
2700,G2,46.557992,15.650917,1769013723,72.36,20.00,waiting_at_station,46.560763,15.655705
2701,G2,46.558186,15.651297,1769013723,92.57,5.00,waiting_at_station,46.560763,15.655705
2200,G2,46.560810,15.655647,1769013724,75.32,10.00,on_bus,46.560743,15.655582
2201,G2,46.560760,15.655526,1769013724,70.40,20.00,on_bus,46.560743,15.655582
2202,G2,46.560724,15.655633,1769013724,79.73,10.00,on_bus,46.560743,15.655582
2203,G2,46.560695,15.655553,1769013724,100.00,5.00,on_bus,46.560743,15.655582
2200,G2,46.551339,15.646171,1769013724,57.49,35.00,waiting_at_station,46.560743,15.655582
2400,G2,46.534668,15.635228,1769013724,86.91,10.00,waiting_at_station,46.560743,15.655582
2401,G2,46.534753,15.636130,1769013724,69.35,20.00,waiting_at_station,46.560743,15.655582
2600,G2,46.550089,15.645717,1769013724,75.89,10.00,waiting_at_station,46.560743,15.655582
2601,G2,46.549796,15.645445,1769013724,98.23,5.00,waiting_at_station,46.560743,15.655582
2602,G2,46.549783,15.645640,1769013724,68.04,20.00,waiting_at_station,46.560743,15.655582
2800,G2,46.558550,15.655062,1769013724,96.75,5.00,waiting_at_station,46.560743,15.655582
2200,G2,46.560687,15.655473,1769013725,83.23,10.00,on_bus,46.560722,15.655458
2201,G2,46.560781,15.655544,1769013725,88.07,10.00,on_bus,46.560722,15.655458
2202,G2,46.560763,15.655478,1769013725,81.94,10.00,on_bus,46.560722,15.655458
2203,G2,46.560673,15.655412,1769013725,97.02,5.00,on_bus,46.560722,15.655458
2000,G2,46.559374,15.656074,1769013725,92.53,5.00,waiting_at_station,46.560722,15.655458
2200,G2,46.551422,15.646006,1769013725,60.87,20.00,waiting_at_station,46.560722,15.655458
2201,G2,46.551495,15.646168,1769013725,54.62,35.00,waiting_at_station,46.560722,15.655458
2202,G2,46.551546,15.646174,1769013725,56.11,35.00,waiting_at_station,46.560722,15.655458
2700,G2,46.557703,15.650937,1769013725,74.68,20.00,waiting_at_station,46.560722,15.655458
2701,G2,46.558018,15.651269,1769013725,80.18,10.00,waiting_at_station,46.560722,15.655458
2702,G2,46.557989,15.651243,1769013725,52.74,35.00,waiting_at_station,46.560722,15.655458
2800,G2,46.558470,15.655459,1769013725,72.13,20.00,waiting_at_station,46.560722,15.655458
2200,G2,46.560775,15.655177,1769013726,100.00,5.00,on_bus,46.560701,15.655335
2201,G2,46.560674,15.655292,1769013726,73.31,20.00,on_bus,46.560701,15.655335
2202,G2,46.560625,15.655273,1769013726,81.98,10.00,on_bus,46.560701,15.655335
2203,G2,46.560681,15.655337,1769013726,100.00,5.00,on_bus,46.560701,15.655335
2204,G2,46.560710,15.655119,1769013726,72.45,20.00,on_bus,46.560701,15.655335
2300,G2,46.542129,15.641849,1769013726,63.30,20.00,waiting_at_station,46.560701,15.655335
2301,G2,46.542748,15.641526,1769013726,92.75,5.00,waiting_at_station,46.560701,15.655335
2302,G2,46.543046,15.641838,1769013726,62.32,20.00,waiting_at_station,46.560701,15.655335
2600,G2,46.549327,15.645802,1769013726,84.15,10.00,waiting_at_station,46.560701,15.655335
2200,G2,46.560630,15.655199,1769013727,87.31,10.00,on_bus,46.560681,15.655212
2201,G2,46.560715,15.655213,1769013727,71.73,20.00,on_bus,46.560681,15.655212
2202,G2,46.560674,15.655125,1769013727,86.10,10.00,on_bus,46.560681,15.655212
2203,G2,46.560727,15.655165,1769013727,90.01,5.00,on_bus,46.560681,15.655212
2204,G2,46.560686,15.655326,1769013727,90.48,5.00,on_bus,46.560681,15.655212
2205,G2,46.560622,15.655148,1769013727,70.89,20.00,on_bus,46.560681,15.655212
2100,G2,46.558294,15.649409,1769013727,63.39,20.00,waiting_at_station,46.560681,15.655212
2101,G2,46.558102,15.649128,1769013727,70.23,20.00,waiting_at_station,46.560681,15.655212
2102,G2,46.558239,15.649396,1769013727,88.65,10.00,waiting_at_station,46.560681,15.655212
2200,G2,46.551287,15.646503,1769013727,54.73,35.00,waiting_at_station,46.560681,15.655212
2201,G2,46.551337,15.646993,1769013727,62.13,20.00,waiting_at_station,46.560681,15.655212
2202,G2,46.551237,15.646629,1769013727,85.15,10.00,waiting_at_station,46.560681,15.655212
2400,G2,46.534747,15.636085,1769013727,54.99,35.00,waiting_at_station,46.560681,15.655212
2600,G2,46.549790,15.645627,1769013727,100.00,5.00,waiting_at_station,46.560681,15.655212
2300,G2,46.560543,15.654995,1769013725,90.95,5.00,on_bus,46.560660,15.655088
2301,G2,46.560639,15.655118,1769013725,61.89,20.00,on_bus,46.560660,15.655088
2600,G2,46.549422,15.645189,1769013725,57.78,35.00,waiting_at_station,46.560660,15.655088
2700,G2,46.557816,15.651216,1769013725,90.49,5.00,waiting_at_station,46.560660,15.655088
2701,G2,46.557885,15.651015,1769013725,91.85,5.00,waiting_at_station,46.560660,15.655088
2702,G2,46.557753,15.651428,1769013725,91.94,5.00,waiting_at_station,46.560660,15.655088
2800,G2,46.558354,15.655579,1769013725,85.90,10.00,waiting_at_station,46.560660,15.655088
2801,G2,46.558460,15.655618,1769013725,88.64,10.00,waiting_at_station,46.560660,15.655088
2300,G2,46.560795,15.654639,1769013726,100.00,5.00,on_bus,46.560629,15.654929
2301,G2,46.560651,15.654938,1769013726,65.59,20.00,on_bus,46.560629,15.654929
2800,G2,46.558717,15.656007,1769013726,74.79,20.00,waiting_at_station,46.560629,15.654929
2801,G2,46.558427,15.655902,1769013726,93.05,5.00,waiting_at_station,46.560629,15.654929
2300,G2,46.560624,15.654624,1769013727,72.93,20.00,on_bus,46.560598,15.654769
2301,G2,46.560368,15.654559,1769013727,100.00,5.00,on_bus,46.560598,15.654769
2302,G2,46.560563,15.654762,1769013727,80.27,10.00,on_bus,46.560598,15.654769
2303,G2,46.560581,15.654811,1769013727,85.22,10.00,on_bus,46.560598,15.654769
2304,G2,46.560589,15.654727,1769013727,63.02,20.00,on_bus,46.560598,15.654769
2305,G2,46.560494,15.654585,1769013727,75.32,10.00,on_bus,46.560598,15.654769
2200,G2,46.551182,15.646516,1769013727,76.94,10.00,waiting_at_station,46.560598,15.654769
2201,G2,46.550990,15.646751,1769013727,62.58,20.00,waiting_at_station,46.560598,15.654769
2202,G2,46.550972,15.646546,1769013727,55.88,35.00,waiting_at_station,46.560598,15.654769
2800,G2,46.558277,15.655970,1769013727,67.66,20.00,waiting_at_station,46.560598,15.654769
2801,G2,46.558401,15.655583,1769013727,78.22,10.00,waiting_at_station,46.560598,15.654769
2400,G2,46.560561,15.654573,1769013727,100.00,5.00,on_bus,46.560567,15.654610
2401,G2,46.560563,15.654577,1769013727,87.34,10.00,on_bus,46.560567,15.654610
2402,G2,46.560451,15.654715,1769013727,87.35,10.00,on_bus,46.560567,15.654610
2403,G2,46.560669,15.654516,1769013727,77.57,10.00,on_bus,46.560567,15.654610
2404,G2,46.560646,15.654438,1769013727,88.90,10.00,on_bus,46.560567,15.654610
2000,G2,46.559481,15.655921,1769013727,80.21,10.00,waiting_at_station,46.560567,15.654610
2001,G2,46.559592,15.655921,1769013727,65.95,20.00,waiting_at_station,46.560567,15.654610
2100,G2,46.558187,15.649022,1769013727,56.16,35.00,waiting_at_station,46.560567,15.654610
2200,G2,46.550976,15.647400,1769013727,61.39,20.00,waiting_at_station,46.560567,15.654610
2300,G2,46.542559,15.641851,1769013727,63.17,20.00,waiting_at_station,46.560567,15.654610
2600,G2,46.549940,15.645706,1769013727,62.80,20.00,waiting_at_station,46.560567,15.654610
2601,G2,46.549687,15.645701,1769013727,81.56,10.00,waiting_at_station,46.560567,15.654610
2602,G2,46.549982,15.645705,1769013727,78.67,10.00,waiting_at_station,46.560567,15.654610
2400,G2,46.560580,15.654510,1769013728,84.13,10.00,on_bus,46.560554,15.654481
2401,G2,46.560493,15.654494,1769013728,88.10,10.00,on_bus,46.560554,15.654481
2402,G2,46.560537,15.654501,1769013728,82.62,10.00,on_bus,46.560554,15.654481
2403,G2,46.560573,15.654516,1769013728,94.80,5.00,on_bus,46.560554,15.654481
2404,G2,46.560400,15.654560,1769013728,91.27,5.00,on_bus,46.560554,15.654481
2405,G2,46.560476,15.654456,1769013728,64.78,20.00,on_bus,46.560554,15.654481
2100,G2,46.558249,15.648841,1769013728,73.90,20.00,waiting_at_station,46.560554,15.654481
2400,G2,46.560475,15.654301,1769013729,81.58,10.00,on_bus,46.560540,15.654353
2401,G2,46.560529,15.654494,1769013729,85.96,10.00,on_bus,46.560540,15.654353
2402,G2,46.560635,15.654404,1769013729,75.71,10.00,on_bus,46.560540,15.654353
2500,G2,46.540591,15.640272,1769013729,77.61,10.00,waiting_at_station,46.560540,15.654353
2501,G2,46.540657,15.639759,1769013729,74.46,20.00,waiting_at_station,46.560540,15.654353
2502,G2,46.540807,15.640230,1769013729,72.94,20.00,waiting_at_station,46.560540,15.654353
2700,G2,46.558182,15.650511,1769013729,72.55,20.00,waiting_at_station,46.560540,15.654353
2400,G2,46.560632,15.654114,1769013731,73.92,20.00,on_bus,46.560527,15.654224
2401,G2,46.560555,15.654123,1769013731,96.71,5.00,on_bus,46.560527,15.654224
2402,G2,46.560575,15.654155,1769013731,59.97,35.00,on_bus,46.560527,15.654224
2200,G2,46.551213,15.646529,1769013731,71.11,20.00,waiting_at_station,46.560527,15.654224
2201,G2,46.551534,15.646267,1769013731,76.87,10.00,waiting_at_station,46.560527,15.654224
2400,G2,46.534653,15.636034,1769013731,74.46,20.00,waiting_at_station,46.560527,15.654224
2400,G2,46.560518,15.654058,1769013732,100.00,5.00,on_bus,46.560513,15.654096
2401,G2,46.560558,15.654067,1769013732,100.00,5.00,on_bus,46.560513,15.654096
2402,G2,46.560517,15.654065,1769013732,79.49,10.00,on_bus,46.560513,15.654096
2403,G2,46.560692,15.654055,1769013732,85.57,10.00,on_bus,46.560513,15.654096
2404,G2,46.560643,15.654248,1769013732,78.99,10.00,on_bus,46.560513,15.654096
2000,G2,46.559650,15.656171,1769013732,66.74,20.00,waiting_at_station,46.560513,15.654096
2400,G2,46.535117,15.635269,1769013732,60.05,20.00,waiting_at_station,46.560513,15.654096
2401,G2,46.535151,15.635878,1769013732,75.57,10.00,waiting_at_station,46.560513,15.654096
2500,G2,46.540630,15.639929,1769013732,67.04,20.00,waiting_at_station,46.560513,15.654096
2501,G2,46.540611,15.639871,1769013732,72.36,20.00,waiting_at_station,46.560513,15.654096
2600,G2,46.549366,15.646268,1769013732,61.80,20.00,waiting_at_station,46.560513,15.654096
2601,G2,46.549580,15.645635,1769013732,72.37,20.00,waiting_at_station,46.560513,15.654096
2602,G2,46.549965,15.645354,1769013732,94.40,5.00,waiting_at_station,46.560513,15.654096
2700,G2,46.557818,15.651142,1769013732,91.97,5.00,waiting_at_station,46.560513,15.654096
2500,G2,46.560520,15.654051,1769013730,64.73,20.00,on_bus,46.560500,15.653967
2501,G2,46.560481,15.654038,1769013730,77.97,10.00,on_bus,46.560500,15.653967
2502,G2,46.560492,15.654068,1769013730,93.02,5.00,on_bus,46.560500,15.653967
2000,G2,46.559542,15.656092,1769013730,79.21,10.00,waiting_at_station,46.560500,15.653967
2001,G2,46.559166,15.655883,1769013730,65.12,20.00,waiting_at_station,46.560500,15.653967
2400,G2,46.534496,15.635715,1769013730,92.34,5.00,waiting_at_station,46.560500,15.653967
2401,G2,46.534821,15.636048,1769013730,58.45,35.00,waiting_at_station,46.560500,15.653967
2402,G2,46.534956,15.636046,1769013730,75.61,10.00,waiting_at_station,46.560500,15.653967
2500,G2,46.540947,15.640090,1769013730,61.99,20.00,waiting_at_station,46.560500,15.653967
2700,G2,46.558100,15.651195,1769013730,80.94,10.00,waiting_at_station,46.560500,15.653967
2701,G2,46.558118,15.650793,1769013730,64.75,20.00,waiting_at_station,46.560500,15.653967
2500,G2,46.560477,15.653715,1769013731,100.00,5.00,on_bus,46.560489,15.653830
2501,G2,46.560529,15.653830,1769013731,100.00,5.00,on_bus,46.560489,15.653830
2502,G2,46.560508,15.653626,1769013731,100.00,5.00,on_bus,46.560489,15.653830
2503,G2,46.560459,15.653932,1769013731,89.49,10.00,on_bus,46.560489,15.653830
2504,G2,46.560456,15.653886,1769013731,88.85,10.00,on_bus,46.560489,15.653830
2000,G2,46.559559,15.655779,1769013731,49.95,35.00,waiting_at_station,46.560489,15.653830
2400,G2,46.534822,15.635828,1769013731,89.84,10.00,waiting_at_station,46.560489,15.653830
2401,G2,46.534734,15.635640,1769013731,95.66,5.00,waiting_at_station,46.560489,15.653830
2402,G2,46.534590,15.635735,1769013731,95.79,5.00,waiting_at_station,46.560489,15.653830
2500,G2,46.540628,15.639948,1769013731,100.00,5.00,waiting_at_station,46.560489,15.653830
2500,G2,46.560387,15.653670,1769013732,63.50,20.00,on_bus,46.560479,15.653693
2501,G2,46.560509,15.653785,1769013732,93.35,5.00,on_bus,46.560479,15.653693
2502,G2,46.560463,15.653779,1769013732,55.08,35.00,on_bus,46.560479,15.653693
2503,G2,46.560459,15.653703,1769013732,88.11,10.00,on_bus,46.560479,15.653693
2504,G2,46.560482,15.653666,1769013732,57.56,35.00,on_bus,46.560479,15.653693
2600,G2,46.549490,15.645558,1769013732,100.00,5.00,waiting_at_station,46.560479,15.653693
2601,G2,46.549900,15.645748,1769013732,71.98,20.00,waiting_at_station,46.560479,15.653693
2602,G2,46.549673,15.645184,1769013732,68.10,20.00,waiting_at_station,46.560479,15.653693
2500,G2,46.560337,15.653657,1769013733,73.44,20.00,on_bus,46.560468,15.653557
2501,G2,46.560440,15.653539,1769013733,77.30,10.00,on_bus,46.560468,15.653557
2502,G2,46.560408,15.653499,1769013733,81.66,10.00,on_bus,46.560468,15.653557
2503,G2,46.560234,15.653432,1769013733,83.01,10.00,on_bus,46.560468,15.653557
2000,G2,46.559559,15.655656,1769013733,65.29,20.00,waiting_at_station,46.560468,15.653557
2001,G2,46.559798,15.656054,1769013733,72.80,20.00,waiting_at_station,46.560468,15.653557
2002,G2,46.559229,15.656128,1769013733,100.00,5.00,waiting_at_station,46.560468,15.653557
2100,G2,46.558000,15.649182,1769013733,73.07,20.00,waiting_at_station,46.560468,15.653557
2400,G2,46.534012,15.636203,1769013733,76.46,10.00,waiting_at_station,46.560468,15.653557
2600,G2,46.560345,15.653425,1769013732,80.11,10.00,on_bus,46.560458,15.653420
2601,G2,46.560440,15.653421,1769013732,92.27,5.00,on_bus,46.560458,15.653420
2602,G2,46.560475,15.653409,1769013732,69.53,20.00,on_bus,46.560458,15.653420
2603,G2,46.560490,15.653444,1769013732,89.37,10.00,on_bus,46.560458,15.653420
2000,G2,46.559460,15.655836,1769013732,66.54,20.00,waiting_at_station,46.560458,15.653420
2001,G2,46.559777,15.656143,1769013732,81.66,10.00,waiting_at_station,46.560458,15.653420
2100,G2,46.558155,15.649157,1769013732,96.98,5.00,waiting_at_station,46.560458,15.653420
2200,G2,46.551732,15.646642,1769013732,77.78,10.00,waiting_at_station,46.560458,15.653420
2201,G2,46.551134,15.646560,1769013732,73.91,20.00,waiting_at_station,46.560458,15.653420
2600,G2,46.549971,15.645434,1769013732,75.86,10.00,waiting_at_station,46.560458,15.653420
2601,G2,46.550038,15.645603,1769013732,100.00,5.00,waiting_at_station,46.560458,15.653420
2602,G2,46.549743,15.645773,1769013732,66.09,20.00,waiting_at_station,46.560458,15.653420
2700,G2,46.558454,15.651375,1769013732,67.25,20.00,waiting_at_station,46.560458,15.653420
2701,G2,46.557596,15.651343,1769013732,41.49,50.00,waiting_at_station,46.560458,15.653420
2600,G2,46.560431,15.653490,1769013733,84.04,10.00,on_bus,46.560454,15.653334
2601,G2,46.560457,15.653422,1769013733,60.47,20.00,on_bus,46.560454,15.653334
2602,G2,46.560451,15.653490,1769013733,71.98,20.00,on_bus,46.560454,15.653334
2603,G2,46.560435,15.653181,1769013733,72.79,20.00,on_bus,46.560454,15.653334
2604,G2,46.560409,15.653471,1769013733,49.47,35.00,on_bus,46.560454,15.653334
2605,G2,46.560341,15.653158,1769013733,100.00,5.00,on_bus,46.560454,15.653334
2000,G2,46.559548,15.655989,1769013733,83.25,10.00,waiting_at_station,46.560454,15.653334
2001,G2,46.559109,15.655774,1769013733,98.38,5.00,waiting_at_station,46.560454,15.653334
2200,G2,46.551518,15.646391,1769013733,81.38,10.00,waiting_at_station,46.560454,15.653334
2201,G2,46.551036,15.646401,1769013733,41.18,50.00,waiting_at_station,46.560454,15.653334
2202,G2,46.551282,15.645995,1769013733,100.00,5.00,waiting_at_station,46.560454,15.653334
2400,G2,46.534655,15.635840,1769013733,85.97,10.00,waiting_at_station,46.560454,15.653334
2401,G2,46.534526,15.636179,1769013733,39.65,50.00,waiting_at_station,46.560454,15.653334
2500,G2,46.540490,15.640112,1769013733,70.44,20.00,waiting_at_station,46.560454,15.653334
2501,G2,46.540784,15.639901,1769013733,77.21,10.00,waiting_at_station,46.560454,15.653334
2600,G2,46.560465,15.653203,1769013734,99.18,5.00,on_bus,46.560449,15.653248
2601,G2,46.560285,15.653175,1769013734,80.24,10.00,on_bus,46.560449,15.653248
2602,G2,46.560309,15.653123,1769013734,90.52,5.00,on_bus,46.560449,15.653248
2603,G2,46.560542,15.653367,1769013734,100.00,5.00,on_bus,46.560449,15.653248
2500,G2,46.540525,15.639986,1769013734,65.16,20.00,waiting_at_station,46.560449,15.653248
2501,G2,46.540911,15.639847,1769013734,52.05,35.00,waiting_at_station,46.560449,15.653248
2700,G2,46.558201,15.651455,1769013734,83.05,10.00,waiting_at_station,46.560449,15.653248
2701,G2,46.557829,15.651175,1769013734,69.36,20.00,waiting_at_station,46.560449,15.653248
2702,G2,46.558508,15.652168,1769013734,69.92,20.00,waiting_at_station,46.560449,15.653248
2600,G2,46.560405,15.653317,1769013734,76.59,10.00,on_bus,46.560445,15.653161
2601,G2,46.560486,15.653138,1769013734,66.66,20.00,on_bus,46.560445,15.653161
2602,G2,46.560464,15.653174,1769013734,76.78,10.00,on_bus,46.560445,15.653161
2100,G2,46.558229,15.649130,1769013734,75.22,10.00,waiting_at_station,46.560445,15.653161
2101,G2,46.558018,15.649373,1769013734,46.79,35.00,waiting_at_station,46.560445,15.653161
2500,G2,46.540630,15.639871,1769013734,100.00,5.00,waiting_at_station,46.560445,15.653161
2501,G2,46.540611,15.640338,1769013734,52.53,35.00,waiting_at_station,46.560445,15.653161
2502,G2,46.540713,15.640152,1769013734,71.27,20.00,waiting_at_station,46.560445,15.653161
2700,G2,46.557792,15.651484,1769013734,98.76,5.00,waiting_at_station,46.560445,15.653161
2701,G2,46.557963,15.651463,1769013734,62.79,20.00,waiting_at_station,46.560445,15.653161
2702,G2,46.557972,15.651160,1769013734,67.57,20.00,waiting_at_station,46.560445,15.653161
2600,G2,46.560542,15.653119,1769013735,88.22,10.00,on_bus,46.560440,15.653075
2601,G2,46.560426,15.653083,1769013735,76.54,10.00,on_bus,46.560440,15.653075
2602,G2,46.560424,15.653195,1769013735,74.62,20.00,on_bus,46.560440,15.653075
2603,G2,46.560495,15.653018,1769013735,87.02,10.00,on_bus,46.560440,15.653075
2604,G2,46.560335,15.653207,1769013735,85.58,10.00,on_bus,46.560440,15.653075
2100,G2,46.558534,15.648524,1769013735,73.89,20.00,waiting_at_station,46.560440,15.653075
2101,G2,46.558301,15.649263,1769013735,87.16,10.00,waiting_at_station,46.560440,15.653075
2102,G2,46.558337,15.649427,1769013735,96.23,5.00,waiting_at_station,46.560440,15.653075
2300,G2,46.542560,15.641819,1769013735,61.79,20.00,waiting_at_station,46.560440,15.653075
2700,G2,46.560613,15.652989,1769013734,91.29,5.00,on_bus,46.560436,15.652989
2701,G2,46.560436,15.653120,1769013734,99.38,5.00,on_bus,46.560436,15.652989
2702,G2,46.560481,15.652611,1769013734,98.94,5.00,on_bus,46.560436,15.652989
2703,G2,46.560502,15.652995,1769013734,100.00,5.00,on_bus,46.560436,15.652989
2704,G2,46.560277,15.652998,1769013734,91.12,5.00,on_bus,46.560436,15.652989
2705,G2,46.560370,15.652821,1769013734,100.00,5.00,on_bus,46.560436,15.652989
2300,G2,46.542623,15.642125,1769013734,62.36,20.00,waiting_at_station,46.560436,15.652989
2600,G2,46.550340,15.645558,1769013734,67.42,20.00,waiting_at_station,46.560436,15.652989
2601,G2,46.549640,15.646011,1769013734,68.03,20.00,waiting_at_station,46.560436,15.652989
2602,G2,46.549878,15.645705,1769013734,44.60,50.00,waiting_at_station,46.560436,15.652989
2700,G2,46.560367,15.653028,1769013734,95.30,5.00,on_bus,46.560433,15.652912
2701,G2,46.560386,15.652868,1769013734,78.58,10.00,on_bus,46.560433,15.652912
2702,G2,46.560364,15.652692,1769013734,76.49,10.00,on_bus,46.560433,15.652912
2700,G2,46.557916,15.651111,1769013734,65.89,20.00,waiting_at_station,46.560433,15.652912
2701,G2,46.558233,15.651203,1769013734,98.31,5.00,waiting_at_station,46.560433,15.652912
2700,G2,46.560365,15.652849,1769013735,81.44,10.00,on_bus,46.560429,15.652836
2701,G2,46.560373,15.653053,1769013735,70.78,20.00,on_bus,46.560429,15.652836
2000,G2,46.559703,15.655706,1769013735,77.78,10.00,waiting_at_station,46.560429,15.652836
2100,G2,46.558162,15.649522,1769013735,75.60,10.00,waiting_at_station,46.560429,15.652836
2101,G2,46.558039,15.649270,1769013735,68.45,20.00,waiting_at_station,46.560429,15.652836
2102,G2,46.557482,15.649660,1769013735,62.16,20.00,waiting_at_station,46.560429,15.652836
2700,G2,46.560418,15.652903,1769013736,64.28,20.00,on_bus,46.560426,15.652759
2701,G2,46.560403,15.652622,1769013736,70.06,20.00,on_bus,46.560426,15.652759
2702,G2,46.560349,15.652865,1769013736,62.94,20.00,on_bus,46.560426,15.652759
2703,G2,46.560515,15.652867,1769013736,60.25,20.00,on_bus,46.560426,15.652759
2704,G2,46.560377,15.652865,1769013736,70.98,20.00,on_bus,46.560426,15.652759
2705,G2,46.560465,15.652718,1769013736,87.67,10.00,on_bus,46.560426,15.652759
2100,G2,46.558134,15.649159,1769013736,84.69,10.00,waiting_at_station,46.560426,15.652759
2101,G2,46.558334,15.648912,1769013736,62.61,20.00,waiting_at_station,46.560426,15.652759
2300,G2,46.542607,15.641663,1769013736,74.35,20.00,waiting_at_station,46.560426,15.652759
2301,G2,46.542517,15.641865,1769013736,100.00,5.00,waiting_at_station,46.560426,15.652759
2700,G2,46.560401,15.652758,1769013736,73.84,20.00,on_bus,46.560423,15.652682
2701,G2,46.560369,15.652924,1769013736,73.79,20.00,on_bus,46.560423,15.652682
2500,G2,46.540653,15.640129,1769013736,46.18,35.00,waiting_at_station,46.560423,15.652682
2501,G2,46.540589,15.639930,1769013736,71.61,20.00,waiting_at_station,46.560423,15.652682
2502,G2,46.540651,15.639593,1769013736,59.63,35.00,waiting_at_station,46.560423,15.652682
2600,G2,46.549676,15.645473,1769013736,52.74,35.00,waiting_at_station,46.560423,15.652682
2601,G2,46.549960,15.645700,1769013736,75.79,10.00,waiting_at_station,46.560423,15.652682
2700,G2,46.560471,15.652544,1769013737,72.18,20.00,on_bus,46.560419,15.652606
2701,G2,46.560462,15.652688,1769013737,100.00,5.00,on_bus,46.560419,15.652606
2702,G2,46.560441,15.652613,1769013737,100.00,5.00,on_bus,46.560419,15.652606
2703,G2,46.560435,15.652510,1769013737,88.05,10.00,on_bus,46.560419,15.652606
2000,G2,46.559406,15.656145,1769013737,85.28,10.00,waiting_at_station,46.560419,15.652606
2400,G2,46.534731,15.635683,1769013737,58.13,35.00,waiting_at_station,46.560419,15.652606
2500,G2,46.540340,15.640197,1769013737,85.77,10.00,waiting_at_station,46.560419,15.652606
2501,G2,46.540631,15.640073,1769013737,49.72,35.00,waiting_at_station,46.560419,15.652606
2800,G2,46.558699,15.655712,1769013737,70.86,20.00,waiting_at_station,46.560419,15.652606
2800,G2,46.560393,15.652538,1769013736,60.32,20.00,on_bus,46.560416,15.652529
2801,G2,46.560491,15.652562,1769013736,97.01,5.00,on_bus,46.560416,15.652529
2802,G2,46.560535,15.652507,1769013736,88.54,10.00,on_bus,46.560416,15.652529
2803,G2,46.560284,15.652441,1769013736,87.98,10.00,on_bus,46.560416,15.652529
2804,G2,46.560411,15.652521,1769013736,87.22,10.00,on_bus,46.560416,15.652529
2805,G2,46.560466,15.652486,1769013736,69.19,20.00,on_bus,46.560416,15.652529
2100,G2,46.558167,15.649823,1769013736,72.56,20.00,waiting_at_station,46.560416,15.652529
2101,G2,46.558118,15.649474,1769013736,100.00,5.00,waiting_at_station,46.560416,15.652529
2200,G2,46.551340,15.646383,1769013736,71.41,20.00,waiting_at_station,46.560416,15.652529
2201,G2,46.551434,15.646053,1769013736,65.17,20.00,waiting_at_station,46.560416,15.652529
2202,G2,46.551655,15.646660,1769013736,91.49,5.00,waiting_at_station,46.560416,15.652529
2400,G2,46.534835,15.636293,1769013736,69.74,20.00,waiting_at_station,46.560416,15.652529
2600,G2,46.549971,15.645674,1769013736,75.08,10.00,waiting_at_station,46.560416,15.652529
2601,G2,46.549706,15.645670,1769013736,100.00,5.00,waiting_at_station,46.560416,15.652529
2800,G2,46.560416,15.652366,1769013737,79.52,10.00,on_bus,46.560410,15.652396
2801,G2,46.560385,15.652518,1769013737,86.61,10.00,on_bus,46.560410,15.652396
2802,G2,46.560444,15.652323,1769013737,62.51,20.00,on_bus,46.560410,15.652396
2803,G2,46.560413,15.652506,1769013737,95.89,5.00,on_bus,46.560410,15.652396
2804,G2,46.560378,15.652454,1769013737,83.49,10.00,on_bus,46.560410,15.652396
2805,G2,46.560403,15.652358,1769013737,89.62,10.00,on_bus,46.560410,15.652396
2100,G2,46.557815,15.649553,1769013737,89.85,10.00,waiting_at_station,46.560410,15.652396
2600,G2,46.549861,15.645678,1769013737,78.46,10.00,waiting_at_station,46.560410,15.652396
2601,G2,46.549705,15.645780,1769013737,98.03,5.00,waiting_at_station,46.560410,15.652396
2602,G2,46.549734,15.645378,1769013737,59.13,35.00,waiting_at_station,46.560410,15.652396
2700,G2,46.558015,15.652192,1769013737,98.05,5.00,waiting_at_station,46.560410,15.652396
2701,G2,46.558195,15.651107,1769013737,71.35,20.00,waiting_at_station,46.560410,15.652396
2800,G2,46.560363,15.652216,1769013738,100.00,5.00,on_bus,46.560403,15.652263
2801,G2,46.560306,15.652603,1769013738,69.27,20.00,on_bus,46.560403,15.652263
2200,G2,46.551444,15.646061,1769013738,66.21,20.00,waiting_at_station,46.560403,15.652263
2201,G2,46.551339,15.646744,1769013738,57.97,35.00,waiting_at_station,46.560403,15.652263
2202,G2,46.551452,15.646526,1769013738,70.86,20.00,waiting_at_station,46.560403,15.652263
2700,G2,46.558097,15.650683,1769013738,56.15,35.00,waiting_at_station,46.560403,15.652263
2701,G2,46.558348,15.651259,1769013738,83.22,10.00,waiting_at_station,46.560403,15.652263
2800,G2,46.558331,15.655812,1769013738,81.86,10.00,waiting_at_station,46.560403,15.652263
2900,G2,46.560218,15.652269,1769013738,99.23,5.00,on_bus,46.560397,15.652130
2901,G2,46.560372,15.651865,1769013738,76.84,10.00,on_bus,46.560397,15.652130
2902,G2,46.560394,15.652125,1769013738,82.73,10.00,on_bus,46.560397,15.652130
2903,G2,46.560325,15.652181,1769013738,74.47,20.00,on_bus,46.560397,15.652130
2300,G2,46.542727,15.642250,1769013738,48.70,35.00,waiting_at_station,46.560397,15.652130
2301,G2,46.542927,15.641259,1769013738,93.29,5.00,waiting_at_station,46.560397,15.652130
2900,G2,46.560387,15.652025,1769013738,46.85,35.00,on_bus,46.560392,15.652043
2901,G2,46.560317,15.652071,1769013738,100.00,5.00,on_bus,46.560392,15.652043
2902,G2,46.560400,15.652086,1769013738,71.40,20.00,on_bus,46.560392,15.652043
2200,G2,46.551502,15.645971,1769013738,100.00,5.00,waiting_at_station,46.560392,15.652043
2300,G2,46.542664,15.641698,1769013738,65.38,20.00,waiting_at_station,46.560392,15.652043
2301,G2,46.542819,15.641923,1769013738,60.25,20.00,waiting_at_station,46.560392,15.652043
2400,G2,46.534659,15.635887,1769013738,53.74,35.00,waiting_at_station,46.560392,15.652043
2401,G2,46.534691,15.635706,1769013738,82.66,10.00,waiting_at_station,46.560392,15.652043
2900,G2,46.560404,15.651989,1769013739,79.93,10.00,on_bus,46.560387,15.651956
2901,G2,46.560383,15.652100,1769013739,77.48,10.00,on_bus,46.560387,15.651956
2902,G2,46.560392,15.652088,1769013739,76.75,10.00,on_bus,46.560387,15.651956
2903,G2,46.560375,15.652041,1769013739,72.69,20.00,on_bus,46.560387,15.651956
2000,G2,46.559312,15.655974,1769013739,70.05,20.00,waiting_at_station,46.560387,15.651956
2200,G2,46.551754,15.646794,1769013739,80.47,10.00,waiting_at_station,46.560387,15.651956
2201,G2,46.551313,15.646303,1769013739,74.91,20.00,waiting_at_station,46.560387,15.651956
2400,G2,46.534575,15.635937,1769013739,77.63,10.00,waiting_at_station,46.560387,15.651956
2401,G2,46.534647,15.635975,1769013739,70.83,20.00,waiting_at_station,46.560387,15.651956
2500,G2,46.540763,15.640165,1769013739,66.53,20.00,waiting_at_station,46.560387,15.651956
2700,G2,46.558356,15.651410,1769013739,49.30,35.00,waiting_at_station,46.560387,15.651956
2701,G2,46.558239,15.651065,1769013739,71.06,20.00,waiting_at_station,46.560387,15.651956
2800,G2,46.558157,15.655737,1769013739,80.49,10.00,waiting_at_station,46.560387,15.651956
2801,G2,46.558846,15.655328,1769013739,68.87,20.00,waiting_at_station,46.560387,15.651956
2900,G2,46.560312,15.651937,1769013740,59.78,35.00,on_bus,46.560382,15.651870
2901,G2,46.560394,15.651907,1769013740,95.55,5.00,on_bus,46.560382,15.651870
2100,G2,46.558307,15.649211,1769013740,79.35,10.00,waiting_at_station,46.560382,15.651870
2300,G2,46.542539,15.641366,1769013740,82.34,10.00,waiting_at_station,46.560382,15.651870
2700,G2,46.558026,15.651322,1769013740,82.25,10.00,waiting_at_station,46.560382,15.651870
2701,G2,46.557506,15.651144,1769013740,59.02,35.00,waiting_at_station,46.560382,15.651870
2800,G2,46.558374,15.655539,1769013740,100.00,5.00,waiting_at_station,46.560382,15.651870
2801,G2,46.558408,15.655537,1769013740,64.25,20.00,waiting_at_station,46.560382,15.651870
2802,G2,46.558263,15.655824,1769013740,85.19,10.00,waiting_at_station,46.560382,15.651870
2900,G2,46.560384,15.651847,1769013741,82.57,10.00,on_bus,46.560377,15.651783
2901,G2,46.560503,15.651980,1769013741,71.87,20.00,on_bus,46.560377,15.651783
2902,G2,46.560451,15.651832,1769013741,100.00,5.00,on_bus,46.560377,15.651783
2100,G2,46.557994,15.649732,1769013741,60.45,20.00,waiting_at_station,46.560377,15.651783
2101,G2,46.558253,15.649063,1769013741,47.23,35.00,waiting_at_station,46.560377,15.651783
2102,G2,46.558127,15.648559,1769013741,75.73,10.00,waiting_at_station,46.560377,15.651783
2200,G2,46.551220,15.646281,1769013741,69.98,20.00,waiting_at_station,46.560377,15.651783
2300,G2,46.543163,15.641707,1769013741,100.00,5.00,waiting_at_station,46.560377,15.651783
2500,G2,46.540395,15.640149,1769013741,82.58,10.00,waiting_at_station,46.560377,15.651783
2600,G2,46.549605,15.645344,1769013741,73.25,20.00,waiting_at_station,46.560377,15.651783
2601,G2,46.549849,15.645896,1769013741,73.89,20.00,waiting_at_station,46.560377,15.651783
3000,G2,46.560355,15.651673,1769013740,98.97,5.00,on_bus,46.560372,15.651696
3001,G2,46.560391,15.651677,1769013740,71.18,20.00,on_bus,46.560372,15.651696
3002,G2,46.560510,15.651686,1769013740,77.29,10.00,on_bus,46.560372,15.651696
3003,G2,46.560461,15.651777,1769013740,72.73,20.00,on_bus,46.560372,15.651696
3004,G2,46.560396,15.651713,1769013740,56.53,35.00,on_bus,46.560372,15.651696
3005,G2,46.560530,15.651485,1769013740,61.00,20.00,on_bus,46.560372,15.651696
2100,G2,46.558354,15.649652,1769013740,84.40,10.00,waiting_at_station,46.560372,15.651696
2400,G2,46.534605,15.636045,1769013740,86.82,10.00,waiting_at_station,46.560372,15.651696
2401,G2,46.534991,15.635705,1769013740,76.69,10.00,waiting_at_station,46.560372,15.651696
2800,G2,46.557915,15.655562,1769013740,64.01,20.00,waiting_at_station,46.560372,15.651696
3000,G2,46.560289,15.651523,1769013740,99.28,5.00,on_bus,46.560321,15.651602
3001,G2,46.560334,15.651620,1769013740,89.56,10.00,on_bus,46.560321,15.651602
3002,G2,46.560208,15.651858,1769013740,87.25,10.00,on_bus,46.560321,15.651602
3003,G2,46.560213,15.651691,1769013740,89.57,10.00,on_bus,46.560321,15.651602
3004,G2,46.560207,15.651524,1769013740,97.90,5.00,on_bus,46.560321,15.651602
2100,G2,46.558300,15.649764,1769013740,70.37,20.00,waiting_at_station,46.560321,15.651602
2500,G2,46.540606,15.640463,1769013740,97.76,5.00,waiting_at_station,46.560321,15.651602
2501,G2,46.540690,15.640409,1769013740,54.19,35.00,waiting_at_station,46.560321,15.651602
2502,G2,46.540515,15.639946,1769013740,50.65,35.00,waiting_at_station,46.560321,15.651602
3000,G2,46.560261,15.651437,1769013741,72.83,20.00,on_bus,46.560269,15.651509
3001,G2,46.560462,15.651572,1769013741,52.93,35.00,on_bus,46.560269,15.651509
3002,G2,46.560288,15.651604,1769013741,100.00,5.00,on_bus,46.560269,15.651509
3003,G2,46.560235,15.651580,1769013741,71.33,20.00,on_bus,46.560269,15.651509
3004,G2,46.560200,15.651519,1769013741,81.15,10.00,on_bus,46.560269,15.651509
2000,G2,46.559544,15.655738,1769013741,74.66,20.00,waiting_at_station,46.560269,15.651509
2001,G2,46.559034,15.656213,1769013741,88.82,10.00,waiting_at_station,46.560269,15.651509
2100,G2,46.558525,15.649242,1769013741,84.72,10.00,waiting_at_station,46.560269,15.651509
2200,G2,46.551307,15.646489,1769013741,75.21,10.00,waiting_at_station,46.560269,15.651509
2300,G2,46.542543,15.642075,1769013741,92.84,5.00,waiting_at_station,46.560269,15.651509
2301,G2,46.542702,15.641599,1769013741,79.88,10.00,waiting_at_station,46.560269,15.651509
2302,G2,46.542601,15.641850,1769013741,62.39,20.00,waiting_at_station,46.560269,15.651509
3000,G2,46.560220,15.651548,1769013743,52.67,35.00,on_bus,46.560218,15.651416
3001,G2,46.560106,15.651459,1769013743,72.17,20.00,on_bus,46.560218,15.651416
3002,G2,46.560160,15.651297,1769013743,79.76,10.00,on_bus,46.560218,15.651416
3003,G2,46.560198,15.651492,1769013743,79.16,10.00,on_bus,46.560218,15.651416
3004,G2,46.560244,15.651345,1769013743,100.00,5.00,on_bus,46.560218,15.651416
3005,G2,46.560257,15.651338,1769013743,83.60,10.00,on_bus,46.560218,15.651416
2700,G2,46.557901,15.651302,1769013743,79.90,10.00,waiting_at_station,46.560218,15.651416
2701,G2,46.558037,15.650933,1769013743,95.72,5.00,waiting_at_station,46.560218,15.651416
3100,G2,46.560086,15.651328,1769013742,68.07,20.00,on_bus,46.560166,15.651322
3101,G2,46.560185,15.651395,1769013742,100.00,5.00,on_bus,46.560166,15.651322
3102,G2,46.560095,15.651459,1769013742,57.50,35.00,on_bus,46.560166,15.651322
3103,G2,46.560171,15.651410,1769013742,73.39,20.00,on_bus,46.560166,15.651322
3104,G2,46.560115,15.651329,1769013742,100.00,5.00,on_bus,46.560166,15.651322
2600,G2,46.549663,15.646047,1769013742,78.37,10.00,waiting_at_station,46.560166,15.651322
2601,G2,46.549904,15.645562,1769013742,100.00,5.00,waiting_at_station,46.560166,15.651322
2700,G2,46.557896,15.651176,1769013742,76.97,10.00,waiting_at_station,46.560166,15.651322
3100,G2,46.560058,15.651108,1769013743,44.16,50.00,on_bus,46.560044,15.651274
3101,G2,46.560172,15.651120,1769013743,76.49,10.00,on_bus,46.560044,15.651274
3102,G2,46.560032,15.651289,1769013743,69.84,20.00,on_bus,46.560044,15.651274
2200,G2,46.551202,15.646289,1769013743,69.68,20.00,waiting_at_station,46.560044,15.651274
2300,G2,46.542758,15.642027,1769013743,97.12,5.00,waiting_at_station,46.560044,15.651274
2301,G2,46.542980,15.642070,1769013743,52.77,35.00,waiting_at_station,46.560044,15.651274
2302,G2,46.542572,15.641790,1769013743,91.47,5.00,waiting_at_station,46.560044,15.651274
3100,G2,46.559925,15.651149,1769013745,69.98,20.00,on_bus,46.559923,15.651227
3101,G2,46.559896,15.651213,1769013745,91.17,5.00,on_bus,46.559923,15.651227
3102,G2,46.559929,15.651249,1769013745,78.53,10.00,on_bus,46.559923,15.651227
3103,G2,46.559972,15.650932,1769013745,88.82,10.00,on_bus,46.559923,15.651227
2000,G2,46.559578,15.656136,1769013745,67.51,20.00,waiting_at_station,46.559923,15.651227
2001,G2,46.559249,15.655623,1769013745,71.67,20.00,waiting_at_station,46.559923,15.651227
2002,G2,46.559657,15.656133,1769013745,93.54,5.00,waiting_at_station,46.559923,15.651227
2100,G2,46.558231,15.648931,1769013745,85.08,10.00,waiting_at_station,46.559923,15.651227
2101,G2,46.558130,15.649181,1769013745,45.31,35.00,waiting_at_station,46.559923,15.651227
2102,G2,46.558054,15.649153,1769013745,100.00,5.00,waiting_at_station,46.559923,15.651227
2200,G2,46.551748,15.646985,1769013745,71.36,20.00,waiting_at_station,46.559923,15.651227
2300,G2,46.542718,15.641541,1769013745,68.07,20.00,waiting_at_station,46.559923,15.651227
2301,G2,46.542374,15.641979,1769013745,74.96,20.00,waiting_at_station,46.559923,15.651227
2700,G2,46.557962,15.650950,1769013745,92.07,5.00,waiting_at_station,46.559923,15.651227
2701,G2,46.558199,15.650618,1769013745,64.34,20.00,waiting_at_station,46.559923,15.651227
3200,G2,46.559815,15.651184,1769013744,71.80,20.00,on_bus,46.559801,15.651179
3201,G2,46.559799,15.651196,1769013744,75.23,10.00,on_bus,46.559801,15.651179
3202,G2,46.559764,15.651083,1769013744,98.10,5.00,on_bus,46.559801,15.651179
3203,G2,46.559817,15.651231,1769013744,63.66,20.00,on_bus,46.559801,15.651179
2600,G2,46.549650,15.645723,1769013744,93.97,5.00,waiting_at_station,46.559801,15.651179
2601,G2,46.549855,15.645793,1769013744,58.10,35.00,waiting_at_station,46.559801,15.651179
3200,G2,46.559627,15.651166,1769013746,72.63,20.00,on_bus,46.559661,15.651164
3201,G2,46.559575,15.650968,1769013746,47.08,35.00,on_bus,46.559661,15.651164
3202,G2,46.559700,15.651308,1769013746,80.90,10.00,on_bus,46.559661,15.651164
3203,G2,46.559809,15.651292,1769013746,86.60,10.00,on_bus,46.559661,15.651164
3204,G2,46.559641,15.651116,1769013746,91.40,5.00,on_bus,46.559661,15.651164
2000,G2,46.559284,15.656008,1769013746,56.91,35.00,waiting_at_station,46.559661,15.651164
2001,G2,46.559494,15.656616,1769013746,83.51,10.00,waiting_at_station,46.559661,15.651164
2100,G2,46.558358,15.649115,1769013746,74.27,20.00,waiting_at_station,46.559661,15.651164
2101,G2,46.557694,15.649399,1769013746,52.77,35.00,waiting_at_station,46.559661,15.651164
2200,G2,46.551313,15.646269,1769013746,89.60,10.00,waiting_at_station,46.559661,15.651164
3200,G2,46.559579,15.651130,1769013747,95.94,5.00,on_bus,46.559520,15.651149
3201,G2,46.559293,15.651555,1769013747,90.73,5.00,on_bus,46.559520,15.651149
3202,G2,46.559513,15.650830,1769013747,69.50,20.00,on_bus,46.559520,15.651149
2100,G2,46.558192,15.649205,1769013747,72.46,20.00,waiting_at_station,46.559520,15.651149
2300,G2,46.542615,15.642074,1769013747,88.54,10.00,waiting_at_station,46.559520,15.651149
2301,G2,46.542735,15.641933,1769013747,100.00,5.00,waiting_at_station,46.559520,15.651149
2700,G2,46.558078,15.651123,1769013747,81.63,10.00,waiting_at_station,46.559520,15.651149
3300,G2,46.559403,15.651101,1769013746,62.41,20.00,on_bus,46.559380,15.651134
3301,G2,46.559421,15.651508,1769013746,80.89,10.00,on_bus,46.559380,15.651134
3302,G2,46.559413,15.651129,1769013746,78.80,10.00,on_bus,46.559380,15.651134
3303,G2,46.559349,15.650925,1769013746,89.40,10.00,on_bus,46.559380,15.651134
3304,G2,46.559381,15.651189,1769013746,71.85,20.00,on_bus,46.559380,15.651134
3305,G2,46.559446,15.651202,1769013746,73.75,20.00,on_bus,46.559380,15.651134
2100,G2,46.558033,15.649092,1769013746,88.80,10.00,waiting_at_station,46.559380,15.651134
2101,G2,46.558080,15.648915,1769013746,74.61,20.00,waiting_at_station,46.559380,15.651134
2102,G2,46.558054,15.649303,1769013746,93.73,5.00,waiting_at_station,46.559380,15.651134
3300,G2,46.559308,15.651089,1769013747,84.67,10.00,on_bus,46.559316,15.651118
3301,G2,46.559162,15.651006,1769013747,66.25,20.00,on_bus,46.559316,15.651118
3302,G2,46.559329,15.651337,1769013747,54.80,35.00,on_bus,46.559316,15.651118
2000,G2,46.559330,15.656220,1769013747,79.14,10.00,waiting_at_station,46.559316,15.651118
2001,G2,46.559618,15.655470,1769013747,54.20,35.00,waiting_at_station,46.559316,15.651118
2200,G2,46.551730,15.646711,1769013747,72.10,20.00,waiting_at_station,46.559316,15.651118
2201,G2,46.551383,15.646484,1769013747,94.08,5.00,waiting_at_station,46.559316,15.651118
2400,G2,46.534934,15.636043,1769013747,70.41,20.00,waiting_at_station,46.559316,15.651118
2401,G2,46.534778,15.635821,1769013747,73.77,20.00,waiting_at_station,46.559316,15.651118
2402,G2,46.535083,15.636511,1769013747,77.17,10.00,waiting_at_station,46.559316,15.651118
2500,G2,46.540771,15.639464,1769013747,70.28,20.00,waiting_at_station,46.559316,15.651118
2501,G2,46.541280,15.640491,1769013747,57.44,35.00,waiting_at_station,46.559316,15.651118
2502,G2,46.540985,15.639604,1769013747,92.59,5.00,waiting_at_station,46.559316,15.651118
2600,G2,46.549728,15.645910,1769013747,82.67,10.00,waiting_at_station,46.559316,15.651118
2601,G2,46.549822,15.645424,1769013747,80.00,10.00,waiting_at_station,46.559316,15.651118
2700,G2,46.557970,15.651214,1769013747,70.73,20.00,waiting_at_station,46.559316,15.651118
2701,G2,46.558027,15.651442,1769013747,55.45,35.00,waiting_at_station,46.559316,15.651118
3300,G2,46.559206,15.651034,1769013748,66.07,20.00,on_bus,46.559251,15.651103
3301,G2,46.559268,15.651046,1769013748,64.20,20.00,on_bus,46.559251,15.651103
3302,G2,46.559382,15.651150,1769013748,93.97,5.00,on_bus,46.559251,15.651103
3303,G2,46.559409,15.651153,1769013748,72.22,20.00,on_bus,46.559251,15.651103
3304,G2,46.559303,15.650885,1769013748,48.53,35.00,on_bus,46.559251,15.651103
3305,G2,46.559183,15.651079,1769013748,43.26,50.00,on_bus,46.559251,15.651103
2000,G2,46.559480,15.656116,1769013748,87.69,10.00,waiting_at_station,46.559251,15.651103
2200,G2,46.551471,15.646172,1769013748,70.14,20.00,waiting_at_station,46.559251,15.651103
2201,G2,46.551102,15.646175,1769013748,87.02,10.00,waiting_at_station,46.559251,15.651103
3300,G2,46.559408,15.651125,1769013748,77.92,10.00,on_bus,46.559187,15.651087
3301,G2,46.559054,15.651382,1769013748,99.24,5.00,on_bus,46.559187,15.651087
3302,G2,46.559170,15.651090,1769013748,100.00,5.00,on_bus,46.559187,15.651087
3303,G2,46.559137,15.651093,1769013748,85.40,10.00,on_bus,46.559187,15.651087
3304,G2,46.559095,15.651232,1769013748,97.48,5.00,on_bus,46.559187,15.651087
3305,G2,46.559344,15.651056,1769013748,90.72,5.00,on_bus,46.559187,15.651087
2100,G2,46.558094,15.649440,1769013748,88.27,10.00,waiting_at_station,46.559187,15.651087
2400,G2,46.534607,15.636175,1769013748,57.89,35.00,waiting_at_station,46.559187,15.651087
2500,G2,46.540740,15.639897,1769013748,67.16,20.00,waiting_at_station,46.559187,15.651087
2501,G2,46.540799,15.640192,1769013748,71.86,20.00,waiting_at_station,46.559187,15.651087
3300,G2,46.559228,15.651139,1769013750,100.00,5.00,on_bus,46.559123,15.651071
3301,G2,46.559142,15.651053,1769013750,66.27,20.00,on_bus,46.559123,15.651071
2000,G2,46.559530,15.656099,1769013750,76.28,10.00,waiting_at_station,46.559123,15.651071
2200,G2,46.551311,15.646467,1769013750,62.53,20.00,waiting_at_station,46.559123,15.651071
2201,G2,46.551207,15.646318,1769013750,72.88,20.00,waiting_at_station,46.559123,15.651071
3300,G2,46.559043,15.651098,1769013750,72.29,20.00,on_bus,46.559058,15.651056
3301,G2,46.559143,15.651458,1769013750,83.26,10.00,on_bus,46.559058,15.651056
3302,G2,46.559160,15.650907,1769013750,95.47,5.00,on_bus,46.559058,15.651056
3303,G2,46.558907,15.650994,1769013750,94.73,5.00,on_bus,46.559058,15.651056
3304,G2,46.559004,15.651231,1769013750,74.98,20.00,on_bus,46.559058,15.651056
3305,G2,46.559069,15.651026,1769013750,82.26,10.00,on_bus,46.559058,15.651056
2800,G2,46.558409,15.655701,1769013750,64.04,20.00,waiting_at_station,46.559058,15.651056
2801,G2,46.558566,15.655396,1769013750,59.40,35.00,waiting_at_station,46.559058,15.651056
2802,G2,46.558318,15.655648,1769013750,64.32,20.00,waiting_at_station,46.559058,15.651056
3400,G2,46.558966,15.651116,1769013749,87.00,10.00,on_bus,46.558994,15.651040
3401,G2,46.558999,15.651258,1769013749,78.24,10.00,on_bus,46.558994,15.651040
3402,G2,46.559010,15.651009,1769013749,83.93,10.00,on_bus,46.558994,15.651040
3403,G2,46.559033,15.651146,1769013749,71.70,20.00,on_bus,46.558994,15.651040
2200,G2,46.550756,15.646829,1769013749,68.42,20.00,waiting_at_station,46.558994,15.651040
2201,G2,46.551408,15.646554,1769013749,59.50,35.00,waiting_at_station,46.558994,15.651040
2202,G2,46.551307,15.646164,1769013749,56.54,35.00,waiting_at_station,46.558994,15.651040
2300,G2,46.542644,15.641486,1769013749,73.92,20.00,waiting_at_station,46.558994,15.651040
2301,G2,46.542833,15.641522,1769013749,57.76,35.00,waiting_at_station,46.558994,15.651040
2302,G2,46.542990,15.641729,1769013749,98.62,5.00,waiting_at_station,46.558994,15.651040
3400,G2,46.558914,15.651057,1769013749,92.03,5.00,on_bus,46.558906,15.651005
3401,G2,46.558991,15.651020,1769013749,77.06,10.00,on_bus,46.558906,15.651005
3402,G2,46.558920,15.651120,1769013749,94.19,5.00,on_bus,46.558906,15.651005
3403,G2,46.558814,15.650888,1769013749,89.96,10.00,on_bus,46.558906,15.651005
2000,G2,46.559462,15.656248,1769013749,84.48,10.00,waiting_at_station,46.558906,15.651005
2001,G2,46.559606,15.656322,1769013749,63.20,20.00,waiting_at_station,46.558906,15.651005
2002,G2,46.559519,15.655880,1769013749,88.74,10.00,waiting_at_station,46.558906,15.651005
2400,G2,46.534661,15.636102,1769013749,63.78,20.00,waiting_at_station,46.558906,15.651005
2401,G2,46.535237,15.635874,1769013749,71.20,20.00,waiting_at_station,46.558906,15.651005
2402,G2,46.534999,15.635952,1769013749,85.90,10.00,waiting_at_station,46.558906,15.651005
3400,G2,46.558796,15.651035,1769013751,99.38,5.00,on_bus,46.558819,15.650970
3401,G2,46.558858,15.651110,1769013751,85.49,10.00,on_bus,46.558819,15.650970
3402,G2,46.558799,15.651093,1769013751,100.00,5.00,on_bus,46.558819,15.650970
3403,G2,46.558586,15.650901,1769013751,59.93,35.00,on_bus,46.558819,15.650970
3404,G2,46.558818,15.651070,1769013751,77.87,10.00,on_bus,46.558819,15.650970
3405,G2,46.558798,15.651059,1769013751,43.19,50.00,on_bus,46.558819,15.650970
2300,G2,46.542750,15.641687,1769013751,64.14,20.00,waiting_at_station,46.558819,15.650970
3400,G2,46.558662,15.650987,1769013752,63.61,20.00,on_bus,46.558732,15.650936
3401,G2,46.558781,15.651126,1769013752,46.30,35.00,on_bus,46.558732,15.650936
3402,G2,46.558763,15.650919,1769013752,74.24,20.00,on_bus,46.558732,15.650936
3403,G2,46.558700,15.650890,1769013752,100.00,5.00,on_bus,46.558732,15.650936
3404,G2,46.558709,15.650930,1769013752,70.30,20.00,on_bus,46.558732,15.650936
3405,G2,46.558726,15.650858,1769013752,64.56,20.00,on_bus,46.558732,15.650936
2000,G2,46.559630,15.655935,1769013752,95.97,5.00,waiting_at_station,46.558732,15.650936
2001,G2,46.559330,15.656508,1769013752,100.00,5.00,waiting_at_station,46.558732,15.650936
2300,G2,46.542683,15.641628,1769013752,55.09,35.00,waiting_at_station,46.558732,15.650936
2301,G2,46.542683,15.641687,1769013752,79.66,10.00,waiting_at_station,46.558732,15.650936
2302,G2,46.542761,15.641006,1769013752,83.85,10.00,waiting_at_station,46.558732,15.650936
2800,G2,46.558291,15.655575,1769013752,100.00,5.00,waiting_at_station,46.558732,15.650936
2801,G2,46.558512,15.655709,1769013752,72.40,20.00,waiting_at_station,46.558732,15.650936
2802,G2,46.558384,15.655754,1769013752,65.75,20.00,waiting_at_station,46.558732,15.650936
3500,G2,46.558650,15.650876,1769013751,74.79,20.00,on_bus,46.558644,15.650901
3501,G2,46.558852,15.650928,1769013751,80.62,10.00,on_bus,46.558644,15.650901
3502,G2,46.558640,15.650797,1769013751,82.43,10.00,on_bus,46.558644,15.650901
2300,G2,46.543128,15.641832,1769013751,90.27,5.00,waiting_at_station,46.558644,15.650901
2301,G2,46.542704,15.641632,1769013751,70.96,20.00,waiting_at_station,46.558644,15.650901
2500,G2,46.540686,15.640038,1769013751,53.78,35.00,waiting_at_station,46.558644,15.650901
2501,G2,46.540700,15.639945,1769013751,68.25,20.00,waiting_at_station,46.558644,15.650901
2800,G2,46.558343,15.654881,1769013751,72.83,20.00,waiting_at_station,46.558644,15.650901
2801,G2,46.558214,15.655583,1769013751,54.63,35.00,waiting_at_station,46.558644,15.650901
3500,G2,46.558603,15.650911,1769013751,100.00,5.00,on_bus,46.558575,15.650910
3501,G2,46.558592,15.651001,1769013751,93.69,5.00,on_bus,46.558575,15.650910
3502,G2,46.558515,15.650874,1769013751,78.05,10.00,on_bus,46.558575,15.650910
3503,G2,46.558464,15.650742,1769013751,82.70,10.00,on_bus,46.558575,15.650910
3504,G2,46.558497,15.650966,1769013751,90.73,5.00,on_bus,46.558575,15.650910
3505,G2,46.558571,15.651108,1769013751,67.14,20.00,on_bus,46.558575,15.650910
2000,G2,46.559556,15.655859,1769013751,63.61,20.00,waiting_at_station,46.558575,15.650910
2001,G2,46.559551,15.656711,1769013751,60.15,20.00,waiting_at_station,46.558575,15.650910
2100,G2,46.558498,15.648565,1769013751,76.92,10.00,waiting_at_station,46.558575,15.650910
2200,G2,46.551139,15.647099,1769013751,90.19,5.00,waiting_at_station,46.558575,15.650910
2201,G2,46.550756,15.645696,1769013751,61.95,20.00,waiting_at_station,46.558575,15.650910
2202,G2,46.551015,15.646577,1769013751,40.40,50.00,waiting_at_station,46.558575,15.650910
2600,G2,46.549540,15.645702,1769013751,74.53,20.00,waiting_at_station,46.558575,15.650910
3500,G2,46.558544,15.650968,1769013753,68.11,20.00,on_bus,46.558505,15.650919
3501,G2,46.558551,15.650918,1769013753,78.52,10.00,on_bus,46.558505,15.650919
3502,G2,46.558410,15.650917,1769013753,100.00,5.00,on_bus,46.558505,15.650919
3503,G2,46.558580,15.650832,1769013753,98.28,5.00,on_bus,46.558505,15.650919
3504,G2,46.558649,15.650860,1769013753,84.44,10.00,on_bus,46.558505,15.650919
3505,G2,46.558513,15.650859,1769013753,100.00,5.00,on_bus,46.558505,15.650919
2000,G2,46.559616,15.656003,1769013753,60.50,20.00,waiting_at_station,46.558505,15.650919
3500,G2,46.558772,15.650806,1769013753,79.42,10.00,on_bus,46.558436,15.650929
3501,G2,46.558486,15.650894,1769013753,100.00,5.00,on_bus,46.558436,15.650929
2100,G2,46.558212,15.649270,1769013753,87.87,10.00,waiting_at_station,46.558436,15.650929
2400,G2,46.534364,15.636213,1769013753,100.00,5.00,waiting_at_station,46.558436,15.650929
2401,G2,46.534687,15.636055,1769013753,83.35,10.00,waiting_at_station,46.558436,15.650929
2402,G2,46.534593,15.636643,1769013753,64.34,20.00,waiting_at_station,46.558436,15.650929
2500,G2,46.540439,15.639696,1769013753,76.08,10.00,waiting_at_station,46.558436,15.650929
2501,G2,46.540590,15.640643,1769013753,69.10,20.00,waiting_at_station,46.558436,15.650929
2502,G2,46.540479,15.640009,1769013753,68.94,20.00,waiting_at_station,46.558436,15.650929
3500,G2,46.558449,15.650861,1769013754,48.87,35.00,on_bus,46.558366,15.650938
3501,G2,46.558347,15.650956,1769013754,85.46,10.00,on_bus,46.558366,15.650938
3502,G2,46.558457,15.651039,1769013754,75.37,10.00,on_bus,46.558366,15.650938
3503,G2,46.558372,15.651007,1769013754,69.53,20.00,on_bus,46.558366,15.650938
2100,G2,46.558193,15.649246,1769013754,57.23,35.00,waiting_at_station,46.558366,15.650938
2200,G2,46.551302,15.646207,1769013754,91.64,5.00,waiting_at_station,46.558366,15.650938
2300,G2,46.542847,15.641656,1769013754,67.77,20.00,waiting_at_station,46.558366,15.650938
2301,G2,46.542339,15.642074,1769013754,82.44,10.00,waiting_at_station,46.558366,15.650938
2800,G2,46.558348,15.655246,1769013754,64.71,20.00,waiting_at_station,46.558366,15.650938
2801,G2,46.558393,15.655452,1769013754,74.44,20.00,waiting_at_station,46.558366,15.650938
3600,G2,46.558277,15.650944,1769013753,81.60,10.00,on_bus,46.558297,15.650947
3601,G2,46.558278,15.650948,1769013753,82.83,10.00,on_bus,46.558297,15.650947
3602,G2,46.558329,15.650675,1769013753,59.07,35.00,on_bus,46.558297,15.650947
3603,G2,46.558373,15.651119,1769013753,85.74,10.00,on_bus,46.558297,15.650947
2000,G2,46.559430,15.655798,1769013753,61.31,20.00,waiting_at_station,46.558297,15.650947
2200,G2,46.551210,15.646992,1769013753,77.03,10.00,waiting_at_station,46.558297,15.650947
2201,G2,46.551597,15.646125,1769013753,71.08,20.00,waiting_at_station,46.558297,15.650947
2202,G2,46.551309,15.646487,1769013753,90.50,5.00,waiting_at_station,46.558297,15.650947
2500,G2,46.540548,15.640053,1769013753,84.67,10.00,waiting_at_station,46.558297,15.650947
2501,G2,46.540822,15.640301,1769013753,62.30,20.00,waiting_at_station,46.558297,15.650947
2502,G2,46.540568,15.640555,1769013753,72.83,20.00,waiting_at_station,46.558297,15.650947
2700,G2,46.558041,15.650615,1769013753,61.90,20.00,waiting_at_station,46.558297,15.650947
2701,G2,46.557873,15.650853,1769013753,74.59,20.00,waiting_at_station,46.558297,15.650947
3600,G2,46.558224,15.650824,1769013754,48.04,35.00,on_bus,46.558262,15.650812
3601,G2,46.558477,15.650733,1769013754,65.61,20.00,on_bus,46.558262,15.650812
3602,G2,46.558448,15.650777,1769013754,84.58,10.00,on_bus,46.558262,15.650812
3603,G2,46.558307,15.650964,1769013754,84.85,10.00,on_bus,46.558262,15.650812
3604,G2,46.558323,15.650458,1769013754,100.00,5.00,on_bus,46.558262,15.650812
3605,G2,46.558282,15.650868,1769013754,58.30,35.00,on_bus,46.558262,15.650812
2300,G2,46.543054,15.641617,1769013754,99.24,5.00,waiting_at_station,46.558262,15.650812
3600,G2,46.558215,15.650658,1769013755,84.14,10.00,on_bus,46.558228,15.650677
3601,G2,46.558130,15.650671,1769013755,71.24,20.00,on_bus,46.558228,15.650677
3602,G2,46.558270,15.650661,1769013755,87.58,10.00,on_bus,46.558228,15.650677
2100,G2,46.557992,15.649082,1769013755,78.07,10.00,waiting_at_station,46.558228,15.650677
2101,G2,46.558204,15.648570,1769013755,96.12,5.00,waiting_at_station,46.558228,15.650677
2500,G2,46.540852,15.639936,1769013755,86.96,10.00,waiting_at_station,46.558228,15.650677
2501,G2,46.540568,15.639734,1769013755,93.33,5.00,waiting_at_station,46.558228,15.650677
2600,G2,46.549878,15.645541,1769013755,81.33,10.00,waiting_at_station,46.558228,15.650677
2601,G2,46.549869,15.645353,1769013755,71.46,20.00,waiting_at_station,46.558228,15.650677
2700,G2,46.558090,15.651240,1769013755,72.21,20.00,waiting_at_station,46.558228,15.650677
3600,G2,46.558085,15.650574,1769013756,71.36,20.00,on_bus,46.558193,15.650542
3601,G2,46.558161,15.650392,1769013756,66.72,20.00,on_bus,46.558193,15.650542
3602,G2,46.558044,15.650409,1769013756,79.22,10.00,on_bus,46.558193,15.650542
3603,G2,46.558274,15.650343,1769013756,70.87,20.00,on_bus,46.558193,15.650542
3604,G2,46.558042,15.650672,1769013756,81.22,10.00,on_bus,46.558193,15.650542
3605,G2,46.558199,15.650505,1769013756,86.80,10.00,on_bus,46.558193,15.650542
2100,G2,46.558279,15.648967,1769013756,77.17,10.00,waiting_at_station,46.558193,15.650542
2101,G2,46.557857,15.649100,1769013756,67.43,20.00,waiting_at_station,46.558193,15.650542
2200,G2,46.551053,15.646661,1769013756,100.00,5.00,waiting_at_station,46.558193,15.650542
2201,G2,46.551503,15.646049,1769013756,65.40,20.00,waiting_at_station,46.558193,15.650542
2202,G2,46.551492,15.646609,1769013756,86.29,10.00,waiting_at_station,46.558193,15.650542
2500,G2,46.540817,15.640165,1769013756,88.88,10.00,waiting_at_station,46.558193,15.650542
3600,G2,46.558045,15.650680,1769013758,95.54,5.00,on_bus,46.558158,15.650407
3601,G2,46.558225,15.650471,1769013758,62.46,20.00,on_bus,46.558158,15.650407
3602,G2,46.558080,15.650513,1769013758,62.38,20.00,on_bus,46.558158,15.650407
3603,G2,46.558063,15.650323,1769013758,68.86,20.00,on_bus,46.558158,15.650407
2000,G2,46.559668,15.655827,1769013758,53.39,35.00,waiting_at_station,46.558158,15.650407
2001,G2,46.559588,15.655988,1769013758,65.09,20.00,waiting_at_station,46.558158,15.650407
2300,G2,46.542459,15.641514,1769013758,75.70,10.00,waiting_at_station,46.558158,15.650407
2301,G2,46.542698,15.641583,1769013758,61.35,20.00,waiting_at_station,46.558158,15.650407
2302,G2,46.542713,15.641568,1769013758,82.91,10.00,waiting_at_station,46.558158,15.650407
3600,G2,46.558126,15.650291,1769013759,85.86,10.00,on_bus,46.558124,15.650272
3601,G2,46.558163,15.650281,1769013759,78.38,10.00,on_bus,46.558124,15.650272
2800,G2,46.558577,15.655623,1769013759,89.05,10.00,waiting_at_station,46.558124,15.650272
2801,G2,46.558558,15.655656,1769013759,74.78,20.00,waiting_at_station,46.558124,15.650272
3700,G2,46.558048,15.650069,1769013757,81.35,10.00,on_bus,46.558089,15.650137
3701,G2,46.557934,15.650101,1769013757,83.89,10.00,on_bus,46.558089,15.650137
3702,G2,46.558037,15.650170,1769013757,80.97,10.00,on_bus,46.558089,15.650137
2200,G2,46.551143,15.646527,1769013757,75.53,10.00,waiting_at_station,46.558089,15.650137
2201,G2,46.551544,15.646637,1769013757,91.66,5.00,waiting_at_station,46.558089,15.650137
2400,G2,46.534861,15.635654,1769013757,100.00,5.00,waiting_at_station,46.558089,15.650137
2401,G2,46.534677,15.635897,1769013757,81.24,10.00,waiting_at_station,46.558089,15.650137
3700,G2,46.558171,15.650036,1769013757,88.13,10.00,on_bus,46.558094,15.650061
3701,G2,46.558064,15.649872,1769013757,74.58,20.00,on_bus,46.558094,15.650061
3702,G2,46.558026,15.650049,1769013757,90.14,5.00,on_bus,46.558094,15.650061
2000,G2,46.559627,15.655674,1769013757,55.08,35.00,waiting_at_station,46.558094,15.650061
2001,G2,46.559596,15.655648,1769013757,77.64,10.00,waiting_at_station,46.558094,15.650061
2002,G2,46.559741,15.656011,1769013757,37.47,50.00,waiting_at_station,46.558094,15.650061
2200,G2,46.551257,15.646823,1769013757,73.95,20.00,waiting_at_station,46.558094,15.650061
2300,G2,46.542859,15.641707,1769013757,87.76,10.00,waiting_at_station,46.558094,15.650061
2400,G2,46.534741,15.635771,1769013757,76.84,10.00,waiting_at_station,46.558094,15.650061
2401,G2,46.534700,15.635889,1769013757,81.66,10.00,waiting_at_station,46.558094,15.650061
3700,G2,46.558213,15.650049,1769013757,63.01,20.00,on_bus,46.558098,15.649984
3701,G2,46.558206,15.649956,1769013757,76.18,10.00,on_bus,46.558098,15.649984
2300,G2,46.542749,15.641792,1769013757,57.78,35.00,waiting_at_station,46.558098,15.649984
2301,G2,46.542952,15.641287,1769013757,89.43,10.00,waiting_at_station,46.558098,15.649984
2500,G2,46.540116,15.639345,1769013757,60.64,20.00,waiting_at_station,46.558098,15.649984
2501,G2,46.540382,15.639914,1769013757,54.46,35.00,waiting_at_station,46.558098,15.649984
2502,G2,46.540757,15.639908,1769013757,65.52,20.00,waiting_at_station,46.558098,15.649984
2600,G2,46.549809,15.645735,1769013757,71.91,20.00,waiting_at_station,46.558098,15.649984
2601,G2,46.549700,15.645511,1769013757,76.62,10.00,waiting_at_station,46.558098,15.649984
2602,G2,46.549707,15.645551,1769013757,87.01,10.00,waiting_at_station,46.558098,15.649984
3700,G2,46.558142,15.649883,1769013758,88.20,10.00,on_bus,46.558103,15.649908
3701,G2,46.558001,15.649770,1769013758,96.78,5.00,on_bus,46.558103,15.649908
3702,G2,46.558233,15.649755,1769013758,77.33,10.00,on_bus,46.558103,15.649908
3700,G2,46.557979,15.649887,1769013759,70.83,20.00,on_bus,46.558107,15.649831
3701,G2,46.558146,15.649757,1769013759,70.89,20.00,on_bus,46.558107,15.649831
3702,G2,46.558176,15.649679,1769013759,76.03,10.00,on_bus,46.558107,15.649831
3703,G2,46.558167,15.649887,1769013759,85.03,10.00,on_bus,46.558107,15.649831
2100,G2,46.558255,15.649249,1769013759,64.00,20.00,waiting_at_station,46.558107,15.649831
2101,G2,46.558048,15.649280,1769013759,61.65,20.00,waiting_at_station,46.558107,15.649831
2300,G2,46.542851,15.641555,1769013759,72.97,20.00,waiting_at_station,46.558107,15.649831
2301,G2,46.542474,15.641696,1769013759,80.98,10.00,waiting_at_station,46.558107,15.649831
2400,G2,46.534591,15.635914,1769013759,86.55,10.00,waiting_at_station,46.558107,15.649831
2401,G2,46.534450,15.635755,1769013759,69.46,20.00,waiting_at_station,46.558107,15.649831
2402,G2,46.535493,15.634444,1769013759,100.00,5.00,waiting_at_station,46.558107,15.649831
2600,G2,46.549809,15.645731,1769013759,53.04,35.00,waiting_at_station,46.558107,15.649831
2601,G2,46.549754,15.646242,1769013759,53.58,35.00,waiting_at_station,46.558107,15.649831
2700,G2,46.557873,15.651410,1769013759,69.27,20.00,waiting_at_station,46.558107,15.649831
2701,G2,46.557914,15.650923,1769013759,90.98,5.00,waiting_at_station,46.558107,15.649831
3800,G2,46.558141,15.650119,1769013758,72.68,20.00,on_bus,46.558112,15.649755
3801,G2,46.558171,15.649725,1769013758,83.02,10.00,on_bus,46.558112,15.649755
3802,G2,46.558088,15.649767,1769013758,70.60,20.00,on_bus,46.558112,15.649755
3803,G2,46.558153,15.649725,1769013758,95.19,5.00,on_bus,46.558112,15.649755
3804,G2,46.558166,15.649682,1769013758,70.21,20.00,on_bus,46.558112,15.649755
2100,G2,46.558302,15.649070,1769013758,70.10,20.00,waiting_at_station,46.558112,15.649755
2101,G2,46.557800,15.649202,1769013758,92.11,5.00,waiting_at_station,46.558112,15.649755
2400,G2,46.535011,15.635937,1769013758,61.96,20.00,waiting_at_station,46.558112,15.649755
2401,G2,46.534822,15.635983,1769013758,75.80,10.00,waiting_at_station,46.558112,15.649755
2402,G2,46.534674,15.636123,1769013758,77.95,10.00,waiting_at_station,46.558112,15.649755
2800,G2,46.558444,15.655795,1769013758,47.01,35.00,waiting_at_station,46.558112,15.649755
2801,G2,46.558185,15.655976,1769013758,81.34,10.00,waiting_at_station,46.558112,15.649755
2802,G2,46.558238,15.655548,1769013758,93.59,5.00,waiting_at_station,46.558112,15.649755
3800,G2,46.558114,15.649535,1769013759,79.18,10.00,on_bus,46.558120,15.649619
3801,G2,46.558164,15.649663,1769013759,54.47,35.00,on_bus,46.558120,15.649619
3802,G2,46.558148,15.649737,1769013759,60.57,20.00,on_bus,46.558120,15.649619
2100,G2,46.558310,15.648978,1769013759,77.36,10.00,waiting_at_station,46.558120,15.649619
2200,G2,46.551447,15.645990,1769013759,87.89,10.00,waiting_at_station,46.558120,15.649619
2201,G2,46.551313,15.646489,1769013759,81.86,10.00,waiting_at_station,46.558120,15.649619
2300,G2,46.542866,15.641524,1769013759,67.85,20.00,waiting_at_station,46.558120,15.649619
2301,G2,46.542908,15.642731,1769013759,87.41,10.00,waiting_at_station,46.558120,15.649619
2700,G2,46.557981,15.651114,1769013759,64.73,20.00,waiting_at_station,46.558120,15.649619
3800,G2,46.558121,15.649513,1769013760,94.46,5.00,on_bus,46.558128,15.649483
3801,G2,46.558184,15.649748,1769013760,71.01,20.00,on_bus,46.558128,15.649483
3802,G2,46.558287,15.649591,1769013760,58.68,35.00,on_bus,46.558128,15.649483
3800,G2,46.558058,15.649272,1769013762,73.69,20.00,on_bus,46.558136,15.649347
3801,G2,46.558155,15.649378,1769013762,74.78,20.00,on_bus,46.558136,15.649347
3802,G2,46.558321,15.649353,1769013762,81.57,10.00,on_bus,46.558136,15.649347
3803,G2,46.558170,15.649294,1769013762,71.29,20.00,on_bus,46.558136,15.649347
3804,G2,46.558132,15.649356,1769013762,99.52,5.00,on_bus,46.558136,15.649347
2000,G2,46.559662,15.655753,1769013762,70.62,20.00,waiting_at_station,46.558136,15.649347
2200,G2,46.551444,15.646180,1769013762,63.84,20.00,waiting_at_station,46.558136,15.649347
2201,G2,46.551255,15.646609,1769013762,70.64,20.00,waiting_at_station,46.558136,15.649347
2202,G2,46.551327,15.646092,1769013762,83.18,10.00,waiting_at_station,46.558136,15.649347
2600,G2,46.549444,15.645623,1769013762,66.17,20.00,waiting_at_station,46.558136,15.649347
3900,G2,46.558055,15.648861,1769013761,80.38,10.00,on_bus,46.558144,15.649211
3901,G2,46.558112,15.649273,1769013761,98.68,5.00,on_bus,46.558144,15.649211
3902,G2,46.558173,15.649183,1769013761,69.73,20.00,on_bus,46.558144,15.649211
3903,G2,46.558216,15.649261,1769013761,62.51,20.00,on_bus,46.558144,15.649211
3904,G2,46.558105,15.649227,1769013761,62.90,20.00,on_bus,46.558144,15.649211
3905,G2,46.558156,15.649169,1769013761,90.93,5.00,on_bus,46.558144,15.649211
2200,G2,46.551320,15.646235,1769013761,89.68,10.00,waiting_at_station,46.558144,15.649211
2300,G2,46.542718,15.641678,1769013761,56.46,35.00,waiting_at_station,46.558144,15.649211
2400,G2,46.534696,15.635786,1769013761,81.24,10.00,waiting_at_station,46.558144,15.649211
2401,G2,46.534687,15.635713,1769013761,57.63,35.00,waiting_at_station,46.558144,15.649211
2402,G2,46.534708,15.636123,1769013761,53.59,35.00,waiting_at_station,46.558144,15.649211
2600,G2,46.549871,15.645686,1769013761,54.20,35.00,waiting_at_station,46.558144,15.649211
3900,G2,46.558049,15.649289,1769013761,79.41,10.00,on_bus,46.558065,15.649160
3901,G2,46.558054,15.649233,1769013761,80.48,10.00,on_bus,46.558065,15.649160
3902,G2,46.558125,15.649181,1769013761,62.76,20.00,on_bus,46.558065,15.649160
3903,G2,46.558110,15.649135,1769013761,95.86,5.00,on_bus,46.558065,15.649160
3904,G2,46.558023,15.649254,1769013761,99.42,5.00,on_bus,46.558065,15.649160
2000,G2,46.559145,15.655520,1769013761,73.08,20.00,waiting_at_station,46.558065,15.649160
2600,G2,46.549918,15.645570,1769013761,76.72,10.00,waiting_at_station,46.558065,15.649160
2601,G2,46.549869,15.644913,1769013761,50.59,35.00,waiting_at_station,46.558065,15.649160
2602,G2,46.549785,15.645786,1769013761,57.94,35.00,waiting_at_station,46.558065,15.649160
3900,G2,46.557994,15.649112,1769013762,100.00,5.00,on_bus,46.557986,15.649110
3901,G2,46.558000,15.648988,1769013762,54.84,35.00,on_bus,46.557986,15.649110
3902,G2,46.557948,15.649034,1769013762,62.90,20.00,on_bus,46.557986,15.649110
3903,G2,46.557945,15.649153,1769013762,93.77,5.00,on_bus,46.557986,15.649110
3904,G2,46.557985,15.649097,1769013762,80.23,10.00,on_bus,46.557986,15.649110
2000,G2,46.559636,15.655829,1769013762,98.76,5.00,waiting_at_station,46.557986,15.649110
2001,G2,46.559391,15.655944,1769013762,75.38,10.00,waiting_at_station,46.557986,15.649110
2200,G2,46.551676,15.646442,1769013762,70.35,20.00,waiting_at_station,46.557986,15.649110
2201,G2,46.551200,15.646723,1769013762,50.02,35.00,waiting_at_station,46.557986,15.649110
2202,G2,46.551152,15.646153,1769013762,56.36,35.00,waiting_at_station,46.557986,15.649110
2400,G2,46.535092,15.636008,1769013762,78.42,10.00,waiting_at_station,46.557986,15.649110
2500,G2,46.540617,15.639549,1769013762,55.66,35.00,waiting_at_station,46.557986,15.649110
2600,G2,46.550200,15.646135,1769013762,72.47,20.00,waiting_at_station,46.557986,15.649110
2601,G2,46.550009,15.645778,1769013762,71.75,20.00,waiting_at_station,46.557986,15.649110
3900,G2,46.557959,15.649066,1769013764,67.30,20.00,on_bus,46.557907,15.649059
3901,G2,46.557945,15.649144,1769013764,81.50,10.00,on_bus,46.557907,15.649059
3902,G2,46.557831,15.648974,1769013764,73.37,20.00,on_bus,46.557907,15.649059
2400,G2,46.535062,15.635826,1769013764,62.29,20.00,waiting_at_station,46.557907,15.649059
2600,G2,46.550091,15.645791,1769013764,68.10,20.00,waiting_at_station,46.557907,15.649059
3900,G2,46.557818,15.649112,1769013764,81.67,10.00,on_bus,46.557827,15.649008
3901,G2,46.557838,15.648960,1769013764,89.56,10.00,on_bus,46.557827,15.649008
3902,G2,46.557920,15.648838,1769013764,54.52,35.00,on_bus,46.557827,15.649008
3903,G2,46.557889,15.648815,1769013764,59.05,35.00,on_bus,46.557827,15.649008
3904,G2,46.557815,15.649036,1769013764,100.00,5.00,on_bus,46.557827,15.649008
3905,G2,46.557775,15.649073,1769013764,100.00,5.00,on_bus,46.557827,15.649008
2700,G2,46.557633,15.651144,1769013764,67.92,20.00,waiting_at_station,46.557827,15.649008
3900,G2,46.557804,15.649231,1769013765,100.00,5.00,on_bus,46.557748,15.648958
3901,G2,46.557710,15.648881,1769013765,78.33,10.00,on_bus,46.557748,15.648958
3902,G2,46.557655,15.648945,1769013765,73.26,20.00,on_bus,46.557748,15.648958
3903,G2,46.557734,15.649051,1769013765,84.75,10.00,on_bus,46.557748,15.648958
2000,G2,46.559258,15.655943,1769013765,76.54,10.00,waiting_at_station,46.557748,15.648958
4000,G2,46.557649,15.648940,1769013764,67.17,20.00,on_bus,46.557669,15.648907
4001,G2,46.557852,15.648683,1769013764,75.84,10.00,on_bus,46.557669,15.648907
4002,G2,46.557758,15.648965,1769013764,100.00,5.00,on_bus,46.557669,15.648907
4003,G2,46.557584,15.648903,1769013764,68.42,20.00,on_bus,46.557669,15.648907
2000,G2,46.559334,15.655689,1769013764,69.92,20.00,waiting_at_station,46.557669,15.648907
2001,G2,46.559695,15.655728,1769013764,72.64,20.00,waiting_at_station,46.557669,15.648907
2200,G2,46.551168,15.646415,1769013764,67.17,20.00,waiting_at_station,46.557669,15.648907
2201,G2,46.551864,15.646604,1769013764,55.12,35.00,waiting_at_station,46.557669,15.648907
2202,G2,46.551486,15.646484,1769013764,55.95,35.00,waiting_at_station,46.557669,15.648907
2700,G2,46.558059,15.650698,1769013764,73.64,20.00,waiting_at_station,46.557669,15.648907
2701,G2,46.557806,15.651732,1769013764,93.31,5.00,waiting_at_station,46.557669,15.648907
2702,G2,46.558318,15.651188,1769013764,74.37,20.00,waiting_at_station,46.557669,15.648907
4000,G2,46.557594,15.648797,1769013764,57.68,35.00,on_bus,46.557637,15.648880
4001,G2,46.557579,15.648963,1769013764,86.15,10.00,on_bus,46.557637,15.648880
2200,G2,46.551256,15.646740,1769013764,83.11,10.00,waiting_at_station,46.557637,15.648880
2201,G2,46.551449,15.646239,1769013764,67.82,20.00,waiting_at_station,46.557637,15.648880
2202,G2,46.551061,15.646647,1769013764,52.40,35.00,waiting_at_station,46.557637,15.648880
2800,G2,46.558553,15.655341,1769013764,79.83,10.00,waiting_at_station,46.557637,15.648880
2801,G2,46.558196,15.655544,1769013764,39.78,50.00,waiting_at_station,46.557637,15.648880
2802,G2,46.558374,15.656078,1769013764,51.72,35.00,waiting_at_station,46.557637,15.648880
4000,G2,46.557614,15.648902,1769013764,77.02,10.00,on_bus,46.557605,15.648854
4001,G2,46.557524,15.648718,1769013764,64.85,20.00,on_bus,46.557605,15.648854
4002,G2,46.557578,15.648794,1769013764,73.78,20.00,on_bus,46.557605,15.648854
2400,G2,46.534797,15.635950,1769013764,66.66,20.00,waiting_at_station,46.557605,15.648854
2401,G2,46.534536,15.635703,1769013764,73.05,20.00,waiting_at_station,46.557605,15.648854
2402,G2,46.534635,15.635987,1769013764,70.02,20.00,waiting_at_station,46.557605,15.648854
2500,G2,46.540777,15.639939,1769013764,87.45,10.00,waiting_at_station,46.557605,15.648854
2600,G2,46.549452,15.645982,1769013764,72.46,20.00,waiting_at_station,46.557605,15.648854
2601,G2,46.549834,15.645828,1769013764,88.43,10.00,waiting_at_station,46.557605,15.648854
2602,G2,46.549551,15.645370,1769013764,50.48,35.00,waiting_at_station,46.557605,15.648854
2700,G2,46.558157,15.651129,1769013764,84.76,10.00,waiting_at_station,46.557605,15.648854
2701,G2,46.558000,15.651177,1769013764,74.52,20.00,waiting_at_station,46.557605,15.648854
2702,G2,46.558067,15.650692,1769013764,70.55,20.00,waiting_at_station,46.557605,15.648854
4000,G2,46.557585,15.648836,1769013764,64.56,20.00,on_bus,46.557573,15.648827
4001,G2,46.557514,15.648858,1769013764,80.18,10.00,on_bus,46.557573,15.648827
4002,G2,46.557654,15.648869,1769013764,77.74,10.00,on_bus,46.557573,15.648827
2000,G2,46.559908,15.655865,1769013764,82.98,10.00,waiting_at_station,46.557573,15.648827
2100,G2,46.558068,15.649400,1769013764,83.56,10.00,waiting_at_station,46.557573,15.648827
2300,G2,46.542247,15.641799,1769013764,87.03,10.00,waiting_at_station,46.557573,15.648827
2301,G2,46.542485,15.642210,1769013764,56.15,35.00,waiting_at_station,46.557573,15.648827
2302,G2,46.542884,15.641845,1769013764,71.21,20.00,waiting_at_station,46.557573,15.648827
2400,G2,46.534750,15.636105,1769013764,56.08,35.00,waiting_at_station,46.557573,15.648827
2600,G2,46.549553,15.646143,1769013764,91.89,5.00,waiting_at_station,46.557573,15.648827
2601,G2,46.549816,15.645590,1769013764,49.75,35.00,waiting_at_station,46.557573,15.648827
2602,G2,46.549882,15.645291,1769013764,57.24,35.00,waiting_at_station,46.557573,15.648827
4000,G2,46.557476,15.648869,1769013765,50.25,35.00,on_bus,46.557541,15.648800
4001,G2,46.557527,15.648766,1769013765,50.71,35.00,on_bus,46.557541,15.648800
4002,G2,46.557598,15.649113,1769013765,62.04,20.00,on_bus,46.557541,15.648800
4003,G2,46.557651,15.648838,1769013765,86.23,10.00,on_bus,46.557541,15.648800
4004,G2,46.557584,15.648732,1769013765,82.02,10.00,on_bus,46.557541,15.648800
4005,G2,46.557480,15.648838,1769013765,97.41,5.00,on_bus,46.557541,15.648800
2000,G2,46.559639,15.655810,1769013765,72.78,20.00,waiting_at_station,46.557541,15.648800
4000,G2,46.557504,15.648789,1769013766,73.95,20.00,on_bus,46.557509,15.648774
4001,G2,46.557555,15.648744,1769013766,68.97,20.00,on_bus,46.557509,15.648774
4002,G2,46.557439,15.648650,1769013766,59.18,35.00,on_bus,46.557509,15.648774
4003,G2,46.557447,15.648797,1769013766,63.51,20.00,on_bus,46.557509,15.648774
2200,G2,46.551038,15.646335,1769013766,55.27,35.00,waiting_at_station,46.557509,15.648774
2201,G2,46.551079,15.646689,1769013766,73.73,20.00,waiting_at_station,46.557509,15.648774
2202,G2,46.551316,15.646467,1769013766,74.74,20.00,waiting_at_station,46.557509,15.648774
4100,G2,46.557469,15.648834,1769013765,100.00,5.00,on_bus,46.557477,15.648747
4101,G2,46.557361,15.648715,1769013765,76.76,10.00,on_bus,46.557477,15.648747
4102,G2,46.557380,15.649035,1769013765,82.91,10.00,on_bus,46.557477,15.648747
4103,G2,46.557388,15.648718,1769013765,88.36,10.00,on_bus,46.557477,15.648747
2100,G2,46.558120,15.649648,1769013765,89.25,10.00,waiting_at_station,46.557477,15.648747
2101,G2,46.557932,15.649567,1769013765,57.60,35.00,waiting_at_station,46.557477,15.648747
2102,G2,46.557945,15.648749,1769013765,100.00,5.00,waiting_at_station,46.557477,15.648747
2300,G2,46.542342,15.641811,1769013765,82.64,10.00,waiting_at_station,46.557477,15.648747
2500,G2,46.540960,15.639791,1769013765,88.00,10.00,waiting_at_station,46.557477,15.648747
2501,G2,46.540767,15.640008,1769013765,97.47,5.00,waiting_at_station,46.557477,15.648747
2700,G2,46.557973,15.651549,1769013765,75.69,10.00,waiting_at_station,46.557477,15.648747
2701,G2,46.557686,15.650879,1769013765,76.89,10.00,waiting_at_station,46.557477,15.648747
2702,G2,46.557681,15.651257,1769013765,79.71,10.00,waiting_at_station,46.557477,15.648747
4100,G2,46.557596,15.648586,1769013765,100.00,5.00,on_bus,46.557482,15.648630
4101,G2,46.557471,15.648710,1769013765,74.82,20.00,on_bus,46.557482,15.648630
2800,G2,46.558439,15.655578,1769013765,96.88,5.00,waiting_at_station,46.557482,15.648630
4100,G2,46.557544,15.648505,1769013767,66.30,20.00,on_bus,46.557486,15.648513
4101,G2,46.557626,15.648464,1769013767,100.00,5.00,on_bus,46.557486,15.648513
2100,G2,46.558065,15.649169,1769013767,74.18,20.00,waiting_at_station,46.557486,15.648513
2101,G2,46.558078,15.649223,1769013767,89.39,10.00,waiting_at_station,46.557486,15.648513
2102,G2,46.558087,15.648996,1769013767,100.00,5.00,waiting_at_station,46.557486,15.648513
2300,G2,46.542663,15.641419,1769013767,73.38,20.00,waiting_at_station,46.557486,15.648513
2301,G2,46.542546,15.641658,1769013767,85.64,10.00,waiting_at_station,46.557486,15.648513
2302,G2,46.542705,15.641774,1769013767,97.00,5.00,waiting_at_station,46.557486,15.648513
2400,G2,46.534775,15.635631,1769013767,83.40,10.00,waiting_at_station,46.557486,15.648513
2401,G2,46.535312,15.635300,1769013767,52.83,35.00,waiting_at_station,46.557486,15.648513
2600,G2,46.549756,15.646361,1769013767,93.57,5.00,waiting_at_station,46.557486,15.648513
2601,G2,46.549563,15.645861,1769013767,75.44,10.00,waiting_at_station,46.557486,15.648513
4100,G2,46.557494,15.648337,1769013768,81.29,10.00,on_bus,46.557491,15.648395
4101,G2,46.557508,15.648431,1769013768,77.07,10.00,on_bus,46.557491,15.648395
4102,G2,46.557389,15.648334,1769013768,90.40,5.00,on_bus,46.557491,15.648395
4103,G2,46.557483,15.648415,1769013768,84.08,10.00,on_bus,46.557491,15.648395
4104,G2,46.557435,15.648430,1769013768,71.16,20.00,on_bus,46.557491,15.648395
4105,G2,46.557339,15.648443,1769013768,71.17,20.00,on_bus,46.557491,15.648395
2100,G2,46.558183,15.649295,1769013768,81.04,10.00,waiting_at_station,46.557491,15.648395
2200,G2,46.551452,15.646391,1769013768,54.82,35.00,waiting_at_station,46.557491,15.648395
2201,G2,46.551652,15.646435,1769013768,90.50,5.00,waiting_at_station,46.557491,15.648395
2202,G2,46.551204,15.646611,1769013768,75.46,10.00,waiting_at_station,46.557491,15.648395
2700,G2,46.557849,15.651446,1769013768,76.07,10.00,waiting_at_station,46.557491,15.648395
4100,G2,46.557507,15.648182,1769013769,67.93,20.00,on_bus,46.557495,15.648278
4101,G2,46.557542,15.648439,1769013769,61.36,20.00,on_bus,46.557495,15.648278
4102,G2,46.557366,15.647922,1769013769,48.46,35.00,on_bus,46.557495,15.648278
2000,G2,46.559651,15.656132,1769013769,57.16,35.00,waiting_at_station,46.557495,15.648278
2200,G2,46.551306,15.646492,1769013769,84.24,10.00,waiting_at_station,46.557495,15.648278
2700,G2,46.558059,15.650671,1769013769,63.75,20.00,waiting_at_station,46.557495,15.648278
2701,G2,46.557762,15.651512,1769013769,78.03,10.00,waiting_at_station,46.557495,15.648278
2702,G2,46.558200,15.650672,1769013769,74.12,20.00,waiting_at_station,46.557495,15.648278
4200,G2,46.557459,15.648127,1769013768,100.00,5.00,on_bus,46.557500,15.648161
4201,G2,46.557399,15.647988,1769013768,82.76,10.00,on_bus,46.557500,15.648161
4202,G2,46.557359,15.648047,1769013768,94.41,5.00,on_bus,46.557500,15.648161
2500,G2,46.540660,15.640448,1769013768,74.96,20.00,waiting_at_station,46.557500,15.648161
2700,G2,46.557946,15.651435,1769013768,65.61,20.00,waiting_at_station,46.557500,15.648161
4200,G2,46.557536,15.648119,1769013768,74.66,20.00,on_bus,46.557506,15.648080
4201,G2,46.557366,15.648414,1769013768,71.04,20.00,on_bus,46.557506,15.648080
4202,G2,46.557613,15.647810,1769013768,51.37,35.00,on_bus,46.557506,15.648080
4203,G2,46.557450,15.648140,1769013768,76.22,10.00,on_bus,46.557506,15.648080
2100,G2,46.557886,15.648406,1769013768,78.83,10.00,waiting_at_station,46.557506,15.648080
2101,G2,46.558364,15.649457,1769013768,83.65,10.00,waiting_at_station,46.557506,15.648080
2200,G2,46.551213,15.646128,1769013768,96.41,5.00,waiting_at_station,46.557506,15.648080
2300,G2,46.542611,15.641379,1769013768,71.79,20.00,waiting_at_station,46.557506,15.648080
2301,G2,46.542179,15.642543,1769013768,57.26,35.00,waiting_at_station,46.557506,15.648080
4200,G2,46.557562,15.647641,1769013768,90.38,5.00,on_bus,46.557512,15.647999
4201,G2,46.557619,15.648150,1769013768,93.20,5.00,on_bus,46.557512,15.647999
4202,G2,46.557497,15.648070,1769013768,73.15,20.00,on_bus,46.557512,15.647999
2000,G2,46.559590,15.655793,1769013768,49.32,35.00,waiting_at_station,46.557512,15.647999
2001,G2,46.559665,15.655981,1769013768,61.85,20.00,waiting_at_station,46.557512,15.647999
2400,G2,46.534648,15.636304,1769013768,59.49,35.00,waiting_at_station,46.557512,15.647999
2600,G2,46.549813,15.645660,1769013768,87.64,10.00,waiting_at_station,46.557512,15.647999
2601,G2,46.549755,15.645639,1769013768,67.58,20.00,waiting_at_station,46.557512,15.647999
2602,G2,46.549747,15.645702,1769013768,59.44,35.00,waiting_at_station,46.557512,15.647999
4200,G2,46.557393,15.648232,1769013769,57.90,35.00,on_bus,46.557519,15.647917
4201,G2,46.557483,15.648006,1769013769,67.49,20.00,on_bus,46.557519,15.647917
4202,G2,46.557595,15.647982,1769013769,78.04,10.00,on_bus,46.557519,15.647917
2500,G2,46.540694,15.639926,1769013769,80.77,10.00,waiting_at_station,46.557519,15.647917
4200,G2,46.557541,15.647770,1769013770,92.89,5.00,on_bus,46.557525,15.647836
4201,G2,46.557541,15.647855,1769013770,91.41,5.00,on_bus,46.557525,15.647836
4202,G2,46.557648,15.647809,1769013770,86.98,10.00,on_bus,46.557525,15.647836
4203,G2,46.557517,15.647741,1769013770,59.16,35.00,on_bus,46.557525,15.647836
2600,G2,46.549682,15.645416,1769013770,84.22,10.00,waiting_at_station,46.557525,15.647836
2601,G2,46.549889,15.645969,1769013770,50.97,35.00,waiting_at_station,46.557525,15.647836
4300,G2,46.557596,15.647675,1769013769,100.00,5.00,on_bus,46.557531,15.647755
4301,G2,46.557596,15.647819,1769013769,100.00,5.00,on_bus,46.557531,15.647755
4302,G2,46.557511,15.647701,1769013769,100.00,5.00,on_bus,46.557531,15.647755
4303,G2,46.557564,15.647759,1769013769,81.90,10.00,on_bus,46.557531,15.647755
2300,G2,46.542777,15.641688,1769013769,79.31,10.00,waiting_at_station,46.557531,15.647755
2301,G2,46.542812,15.641732,1769013769,79.26,10.00,waiting_at_station,46.557531,15.647755
2400,G2,46.534861,15.635658,1769013769,98.53,5.00,waiting_at_station,46.557531,15.647755
2600,G2,46.549732,15.645348,1769013769,65.88,20.00,waiting_at_station,46.557531,15.647755
2700,G2,46.557829,15.650968,1769013769,58.21,35.00,waiting_at_station,46.557531,15.647755
2701,G2,46.557965,15.651264,1769013769,76.29,10.00,waiting_at_station,46.557531,15.647755
2702,G2,46.558324,15.651223,1769013769,96.80,5.00,waiting_at_station,46.557531,15.647755
4300,G2,46.557472,15.647708,1769013770,75.66,10.00,on_bus,46.557526,15.647614
4301,G2,46.557471,15.647619,1769013770,78.66,10.00,on_bus,46.557526,15.647614
4302,G2,46.557583,15.647435,1769013770,79.55,10.00,on_bus,46.557526,15.647614
2200,G2,46.551245,15.646383,1769013770,75.89,10.00,waiting_at_station,46.557526,15.647614
2201,G2,46.551377,15.646668,1769013770,76.74,10.00,waiting_at_station,46.557526,15.647614
2202,G2,46.551068,15.646218,1769013770,81.18,10.00,waiting_at_station,46.557526,15.647614
2500,G2,46.540531,15.639930,1769013770,79.23,10.00,waiting_at_station,46.557526,15.647614
2501,G2,46.540851,15.640182,1769013770,92.19,5.00,waiting_at_station,46.557526,15.647614
2502,G2,46.540890,15.640193,1769013770,58.17,35.00,waiting_at_station,46.557526,15.647614
2600,G2,46.549839,15.645605,1769013770,77.87,10.00,waiting_at_station,46.557526,15.647614
2601,G2,46.549827,15.645563,1769013770,77.47,10.00,waiting_at_station,46.557526,15.647614
2602,G2,46.549804,15.645568,1769013770,75.99,10.00,waiting_at_station,46.557526,15.647614
4300,G2,46.557522,15.647456,1769013771,100.00,5.00,on_bus,46.557520,15.647473
4301,G2,46.557566,15.647461,1769013771,100.00,5.00,on_bus,46.557520,15.647473
4302,G2,46.557563,15.647765,1769013771,80.50,10.00,on_bus,46.557520,15.647473
2000,G2,46.559925,15.656393,1769013771,71.83,20.00,waiting_at_station,46.557520,15.647473
2001,G2,46.559498,15.656098,1769013771,70.19,20.00,waiting_at_station,46.557520,15.647473
2200,G2,46.551269,15.646362,1769013771,86.67,10.00,waiting_at_station,46.557520,15.647473
2201,G2,46.551634,15.646927,1769013771,69.07,20.00,waiting_at_station,46.557520,15.647473
2202,G2,46.551577,15.646721,1769013771,74.78,20.00,waiting_at_station,46.557520,15.647473
2300,G2,46.542813,15.641638,1769013771,70.89,20.00,waiting_at_station,46.557520,15.647473
2301,G2,46.542625,15.641966,1769013771,71.19,20.00,waiting_at_station,46.557520,15.647473
4300,G2,46.557525,15.647491,1769013773,100.00,5.00,on_bus,46.557515,15.647332
4301,G2,46.557636,15.647384,1769013773,95.35,5.00,on_bus,46.557515,15.647332
4302,G2,46.557639,15.647300,1769013773,85.06,10.00,on_bus,46.557515,15.647332
4303,G2,46.557643,15.647384,1769013773,88.84,10.00,on_bus,46.557515,15.647332
4304,G2,46.557521,15.647168,1769013773,57.76,35.00,on_bus,46.557515,15.647332
4305,G2,46.557555,15.647235,1769013773,78.44,10.00,on_bus,46.557515,15.647332
2000,G2,46.559531,15.655656,1769013773,96.04,5.00,waiting_at_station,46.557515,15.647332
2200,G2,46.551265,15.646358,1769013773,73.73,20.00,waiting_at_station,46.557515,15.647332
2600,G2,46.550062,15.645417,1769013773,96.38,5.00,waiting_at_station,46.557515,15.647332
2601,G2,46.549474,15.646185,1769013773,89.31,10.00,waiting_at_station,46.557515,15.647332
2602,G2,46.550130,15.645418,1769013773,95.09,5.00,waiting_at_station,46.557515,15.647332
4400,G2,46.557473,15.647231,1769013772,79.91,10.00,on_bus,46.557510,15.647191
4401,G2,46.557455,15.647101,1769013772,78.23,10.00,on_bus,46.557510,15.647191
4402,G2,46.557453,15.647172,1769013772,87.96,10.00,on_bus,46.557510,15.647191
2200,G2,46.551209,15.646689,1769013772,74.06,20.00,waiting_at_station,46.557510,15.647191
4400,G2,46.557502,15.647053,1769013772,45.62,35.00,on_bus,46.557485,15.647066
4401,G2,46.557443,15.647146,1769013772,71.32,20.00,on_bus,46.557485,15.647066
4402,G2,46.557846,15.647124,1769013772,51.30,35.00,on_bus,46.557485,15.647066
4403,G2,46.557318,15.647194,1769013772,98.34,5.00,on_bus,46.557485,15.647066
2300,G2,46.542864,15.641884,1769013772,82.98,10.00,waiting_at_station,46.557485,15.647066
2600,G2,46.549829,15.645675,1769013772,100.00,5.00,waiting_at_station,46.557485,15.647066
2601,G2,46.549836,15.645719,1769013772,73.93,20.00,waiting_at_station,46.557485,15.647066
2800,G2,46.558498,15.655437,1769013772,74.23,20.00,waiting_at_station,46.557485,15.647066
2801,G2,46.558272,15.655555,1769013772,76.77,10.00,waiting_at_station,46.557485,15.647066
2802,G2,46.558206,15.655864,1769013772,78.68,10.00,waiting_at_station,46.557485,15.647066
4400,G2,46.557468,15.646849,1769013773,89.86,10.00,on_bus,46.557460,15.646940
4401,G2,46.556958,15.647288,1769013773,72.73,20.00,on_bus,46.557460,15.646940
4402,G2,46.557538,15.646996,1769013773,84.32,10.00,on_bus,46.557460,15.646940
4403,G2,46.557467,15.647081,1769013773,61.94,20.00,on_bus,46.557460,15.646940
2200,G2,46.551385,15.646239,1769013773,62.60,20.00,waiting_at_station,46.557460,15.646940
2201,G2,46.551379,15.646227,1769013773,83.02,10.00,waiting_at_station,46.557460,15.646940
2202,G2,46.550979,15.646153,1769013773,98.41,5.00,waiting_at_station,46.557460,15.646940
2300,G2,46.542601,15.641266,1769013773,83.70,10.00,waiting_at_station,46.557460,15.646940
2301,G2,46.542399,15.642188,1769013773,69.20,20.00,waiting_at_station,46.557460,15.646940
2302,G2,46.542791,15.641778,1769013773,61.23,20.00,waiting_at_station,46.557460,15.646940
2800,G2,46.558394,15.655579,1769013773,82.25,10.00,waiting_at_station,46.557460,15.646940
2801,G2,46.558470,15.655576,1769013773,61.85,20.00,waiting_at_station,46.557460,15.646940
2802,G2,46.558559,15.655790,1769013773,87.46,10.00,waiting_at_station,46.557460,15.646940
4400,G2,46.557434,15.646814,1769013775,82.94,10.00,on_bus,46.557435,15.646815
4401,G2,46.557434,15.646854,1769013775,88.06,10.00,on_bus,46.557435,15.646815
4402,G2,46.557296,15.647238,1769013775,71.67,20.00,on_bus,46.557435,15.646815
2100,G2,46.558081,15.649101,1769013775,90.35,5.00,waiting_at_station,46.557435,15.646815
2500,G2,46.540728,15.640112,1769013775,58.90,35.00,waiting_at_station,46.557435,15.646815
2700,G2,46.558179,15.651095,1769013775,77.23,10.00,waiting_at_station,46.557435,15.646815
4400,G2,46.557350,15.646778,1769013776,100.00,5.00,on_bus,46.557410,15.646689
4401,G2,46.557431,15.646852,1769013776,84.36,10.00,on_bus,46.557410,15.646689
2000,G2,46.559599,15.656084,1769013776,76.46,10.00,waiting_at_station,46.557410,15.646689
2001,G2,46.559276,15.656255,1769013776,74.61,20.00,waiting_at_station,46.557410,15.646689
2100,G2,46.558673,15.649077,1769013776,73.26,20.00,waiting_at_station,46.557410,15.646689
2300,G2,46.543172,15.641815,1769013776,96.37,5.00,waiting_at_station,46.557410,15.646689
2301,G2,46.542619,15.641577,1769013776,100.00,5.00,waiting_at_station,46.557410,15.646689
2400,G2,46.534755,15.636049,1769013776,86.74,10.00,waiting_at_station,46.557410,15.646689
2401,G2,46.534736,15.635966,1769013776,78.32,10.00,waiting_at_station,46.557410,15.646689
2402,G2,46.534619,15.635933,1769013776,71.80,20.00,waiting_at_station,46.557410,15.646689
2500,G2,46.540763,15.639957,1769013776,62.51,20.00,waiting_at_station,46.557410,15.646689
2501,G2,46.540081,15.640210,1769013776,89.07,10.00,waiting_at_station,46.557410,15.646689
2502,G2,46.540597,15.640401,1769013776,61.12,20.00,waiting_at_station,46.557410,15.646689
2800,G2,46.558393,15.655605,1769013776,67.14,20.00,waiting_at_station,46.557410,15.646689
4500,G2,46.557515,15.646618,1769013774,80.62,10.00,on_bus,46.557385,15.646564
4501,G2,46.557350,15.646630,1769013774,85.88,10.00,on_bus,46.557385,15.646564
2500,G2,46.540692,15.639999,1769013774,78.69,10.00,waiting_at_station,46.557385,15.646564
2800,G2,46.558778,15.655789,1769013774,86.79,10.00,waiting_at_station,46.557385,15.646564
4500,G2,46.557238,15.646339,1769013775,75.23,10.00,on_bus,46.557399,15.646486
4501,G2,46.557439,15.646433,1769013775,74.53,20.00,on_bus,46.557399,15.646486
4502,G2,46.557446,15.646493,1769013775,73.24,20.00,on_bus,46.557399,15.646486
2100,G2,46.558259,15.649599,1769013775,71.63,20.00,waiting_at_station,46.557399,15.646486
2300,G2,46.542652,15.641819,1769013775,70.71,20.00,waiting_at_station,46.557399,15.646486
2301,G2,46.542730,15.641639,1769013775,71.13,20.00,waiting_at_station,46.557399,15.646486
2302,G2,46.542527,15.641932,1769013775,74.53,20.00,waiting_at_station,46.557399,15.646486
2600,G2,46.550063,15.645567,1769013775,76.91,10.00,waiting_at_station,46.557399,15.646486
2601,G2,46.549724,15.645908,1769013775,74.97,20.00,waiting_at_station,46.557399,15.646486
2602,G2,46.550049,15.646154,1769013775,71.70,20.00,waiting_at_station,46.557399,15.646486
4500,G2,46.557436,15.646311,1769013775,64.77,20.00,on_bus,46.557414,15.646407
4501,G2,46.557383,15.646427,1769013775,77.73,10.00,on_bus,46.557414,15.646407
4502,G2,46.557351,15.646381,1769013775,72.79,20.00,on_bus,46.557414,15.646407
4503,G2,46.557490,15.646248,1769013775,53.18,35.00,on_bus,46.557414,15.646407
4504,G2,46.557373,15.646388,1769013775,66.31,20.00,on_bus,46.557414,15.646407
2400,G2,46.534780,15.635962,1769013775,65.62,20.00,waiting_at_station,46.557414,15.646407
2401,G2,46.534523,15.636148,1769013775,99.43,5.00,waiting_at_station,46.557414,15.646407
2402,G2,46.534613,15.635920,1769013775,71.98,20.00,waiting_at_station,46.557414,15.646407
4500,G2,46.557402,15.646409,1769013776,96.39,5.00,on_bus,46.557429,15.646329
4501,G2,46.557602,15.646284,1769013776,81.99,10.00,on_bus,46.557429,15.646329
4502,G2,46.557564,15.646155,1769013776,90.30,5.00,on_bus,46.557429,15.646329
4503,G2,46.557440,15.646379,1769013776,57.90,35.00,on_bus,46.557429,15.646329
4504,G2,46.557416,15.646445,1769013776,84.29,10.00,on_bus,46.557429,15.646329
2400,G2,46.534775,15.635834,1769013776,69.22,20.00,waiting_at_station,46.557429,15.646329
4500,G2,46.557470,15.646105,1769013776,94.31,5.00,on_bus,46.557443,15.646251
4501,G2,46.557415,15.646362,1769013776,79.62,10.00,on_bus,46.557443,15.646251
4502,G2,46.557430,15.646195,1769013776,90.71,5.00,on_bus,46.557443,15.646251
2000,G2,46.559670,15.656103,1769013776,87.31,10.00,waiting_at_station,46.557443,15.646251
2500,G2,46.540487,15.639841,1769013776,67.87,20.00,waiting_at_station,46.557443,15.646251
2501,G2,46.540732,15.639660,1769013776,83.76,10.00,waiting_at_station,46.557443,15.646251
2700,G2,46.558116,15.651231,1769013776,59.41,35.00,waiting_at_station,46.557443,15.646251
2701,G2,46.558166,15.651439,1769013776,91.40,5.00,waiting_at_station,46.557443,15.646251
2702,G2,46.558045,15.651439,1769013776,83.05,10.00,waiting_at_station,46.557443,15.646251
2800,G2,46.558439,15.655420,1769013776,64.88,20.00,waiting_at_station,46.557443,15.646251
4500,G2,46.557368,15.646258,1769013778,70.16,20.00,on_bus,46.557457,15.646172
4501,G2,46.557508,15.646177,1769013778,100.00,5.00,on_bus,46.557457,15.646172
4502,G2,46.557501,15.646112,1769013778,80.27,10.00,on_bus,46.557457,15.646172
4503,G2,46.557447,15.646238,1769013778,81.77,10.00,on_bus,46.557457,15.646172
4504,G2,46.557564,15.646246,1769013778,66.34,20.00,on_bus,46.557457,15.646172
4505,G2,46.557464,15.646227,1769013778,94.41,5.00,on_bus,46.557457,15.646172
2200,G2,46.551457,15.646391,1769013778,83.36,10.00,waiting_at_station,46.557457,15.646172
2201,G2,46.551195,15.646156,1769013778,48.24,35.00,waiting_at_station,46.557457,15.646172
2202,G2,46.551154,15.646690,1769013778,78.21,10.00,waiting_at_station,46.557457,15.646172
2400,G2,46.534730,15.635907,1769013778,93.92,5.00,waiting_at_station,46.557457,15.646172
2600,G2,46.549643,15.645512,1769013778,95.29,5.00,waiting_at_station,46.557457,15.646172
2601,G2,46.549425,15.645569,1769013778,47.18,35.00,waiting_at_station,46.557457,15.646172
2602,G2,46.549751,15.645742,1769013778,82.79,10.00,waiting_at_station,46.557457,15.646172
2700,G2,46.557885,15.651655,1769013778,100.00,5.00,waiting_at_station,46.557457,15.646172
2701,G2,46.558466,15.651442,1769013778,60.05,20.00,waiting_at_station,46.557457,15.646172
4600,G2,46.557492,15.646154,1769013776,100.00,5.00,on_bus,46.557472,15.646094
4601,G2,46.557359,15.646072,1769013776,96.62,5.00,on_bus,46.557472,15.646094
4602,G2,46.557461,15.646042,1769013776,100.00,5.00,on_bus,46.557472,15.646094
4603,G2,46.557442,15.646166,1769013776,86.22,10.00,on_bus,46.557472,15.646094
2000,G2,46.559551,15.656327,1769013776,87.22,10.00,waiting_at_station,46.557472,15.646094
2700,G2,46.557923,15.651660,1769013776,65.17,20.00,waiting_at_station,46.557472,15.646094
2701,G2,46.558137,15.651511,1769013776,100.00,5.00,waiting_at_station,46.557472,15.646094
2702,G2,46.558006,15.651276,1769013776,98.67,5.00,waiting_at_station,46.557472,15.646094
4600,G2,46.557415,15.646085,1769013777,61.13,20.00,on_bus,46.557403,15.646077
4601,G2,46.557390,15.646021,1769013777,85.77,10.00,on_bus,46.557403,15.646077
4602,G2,46.557400,15.646080,1769013777,79.57,10.00,on_bus,46.557403,15.646077
4603,G2,46.557351,15.646102,1769013777,100.00,5.00,on_bus,46.557403,15.646077
2000,G2,46.559583,15.656041,1769013777,62.39,20.00,waiting_at_station,46.557403,15.646077
2001,G2,46.559895,15.655678,1769013777,90.12,5.00,waiting_at_station,46.557403,15.646077
2200,G2,46.551086,15.646543,1769013777,98.71,5.00,waiting_at_station,46.557403,15.646077
2500,G2,46.540572,15.640066,1769013777,89.94,10.00,waiting_at_station,46.557403,15.646077
2501,G2,46.541158,15.639989,1769013777,87.83,10.00,waiting_at_station,46.557403,15.646077
4600,G2,46.557505,15.646450,1769013778,75.60,10.00,on_bus,46.557333,15.646060
4601,G2,46.557319,15.645999,1769013778,100.00,5.00,on_bus,46.557333,15.646060
4602,G2,46.557301,15.645884,1769013778,100.00,5.00,on_bus,46.557333,15.646060
4603,G2,46.557264,15.645994,1769013778,84.67,10.00,on_bus,46.557333,15.646060
4604,G2,46.557164,15.646104,1769013778,79.38,10.00,on_bus,46.557333,15.646060
4605,G2,46.557422,15.645873,1769013778,78.17,10.00,on_bus,46.557333,15.646060
2300,G2,46.542951,15.641682,1769013778,79.64,10.00,waiting_at_station,46.557333,15.646060
2301,G2,46.542298,15.641215,1769013778,54.72,35.00,waiting_at_station,46.557333,15.646060
2400,G2,46.534367,15.635989,1769013778,99.27,5.00,waiting_at_station,46.557333,15.646060
2401,G2,46.534963,15.635927,1769013778,92.99,5.00,waiting_at_station,46.557333,15.646060
4600,G2,46.557129,15.646479,1769013778,95.10,5.00,on_bus,46.557264,15.646043
4601,G2,46.557344,15.646082,1769013778,64.40,20.00,on_bus,46.557264,15.646043
4602,G2,46.557246,15.646193,1769013778,91.72,5.00,on_bus,46.557264,15.646043
2400,G2,46.534695,15.635833,1769013778,86.92,10.00,waiting_at_station,46.557264,15.646043
4600,G2,46.557096,15.645984,1769013780,74.77,20.00,on_bus,46.557195,15.646026
4601,G2,46.557238,15.645892,1769013780,88.56,10.00,on_bus,46.557195,15.646026
4602,G2,46.557096,15.646082,1769013780,71.72,20.00,on_bus,46.557195,15.646026
2100,G2,46.558099,15.649351,1769013780,80.90,10.00,waiting_at_station,46.557195,15.646026
4600,G2,46.557155,15.646012,1769013780,80.43,10.00,on_bus,46.557125,15.646009
4601,G2,46.557146,15.646020,1769013780,82.95,10.00,on_bus,46.557125,15.646009
4602,G2,46.557153,15.646099,1769013780,56.19,35.00,on_bus,46.557125,15.646009
4603,G2,46.557103,15.645965,1769013780,67.28,20.00,on_bus,46.557125,15.646009
2000,G2,46.559603,15.655962,1769013780,77.30,10.00,waiting_at_station,46.557125,15.646009
2001,G2,46.559574,15.656212,1769013780,76.12,10.00,waiting_at_station,46.557125,15.646009
2500,G2,46.540485,15.640392,1769013780,86.64,10.00,waiting_at_station,46.557125,15.646009
2501,G2,46.540805,15.639912,1769013780,58.54,35.00,waiting_at_station,46.557125,15.646009
2502,G2,46.540530,15.640331,1769013780,62.79,20.00,waiting_at_station,46.557125,15.646009
2600,G2,46.549823,15.645494,1769013780,82.60,10.00,waiting_at_station,46.557125,15.646009
2601,G2,46.549877,15.645610,1769013780,64.69,20.00,waiting_at_station,46.557125,15.646009
4700,G2,46.557006,15.645984,1769013779,86.68,10.00,on_bus,46.557056,15.645992
4701,G2,46.557064,15.646140,1769013779,51.45,35.00,on_bus,46.557056,15.645992
4702,G2,46.557131,15.645817,1769013779,84.33,10.00,on_bus,46.557056,15.645992
2300,G2,46.542655,15.641940,1769013779,67.53,20.00,waiting_at_station,46.557056,15.645992
2400,G2,46.534783,15.635959,1769013779,83.35,10.00,waiting_at_station,46.557056,15.645992
2401,G2,46.534967,15.635728,1769013779,89.40,10.00,waiting_at_station,46.557056,15.645992
2402,G2,46.534658,15.636105,1769013779,84.53,10.00,waiting_at_station,46.557056,15.645992
4700,G2,46.557026,15.646115,1769013779,100.00,5.00,on_bus,46.556939,15.645986
4701,G2,46.556913,15.645985,1769013779,89.14,10.00,on_bus,46.556939,15.645986
4702,G2,46.556962,15.645993,1769013779,75.89,10.00,on_bus,46.556939,15.645986
4703,G2,46.556963,15.646001,1769013779,59.79,35.00,on_bus,46.556939,15.645986
2000,G2,46.558972,15.656061,1769013779,96.74,5.00,waiting_at_station,46.556939,15.645986
2300,G2,46.542548,15.642058,1769013779,51.34,35.00,waiting_at_station,46.556939,15.645986
2301,G2,46.542899,15.642151,1769013779,81.64,10.00,waiting_at_station,46.556939,15.645986
2400,G2,46.534734,15.635583,1769013779,53.20,35.00,waiting_at_station,46.556939,15.645986
2401,G2,46.534553,15.635723,1769013779,58.81,35.00,waiting_at_station,46.556939,15.645986
2402,G2,46.534829,15.636249,1769013779,64.79,20.00,waiting_at_station,46.556939,15.645986
2700,G2,46.558063,15.651552,1769013779,96.48,5.00,waiting_at_station,46.556939,15.645986
4700,G2,46.556700,15.646070,1769013781,57.68,35.00,on_bus,46.556821,15.645979
4701,G2,46.556815,15.645979,1769013781,84.61,10.00,on_bus,46.556821,15.645979
4702,G2,46.556838,15.645970,1769013781,48.91,35.00,on_bus,46.556821,15.645979
4703,G2,46.556835,15.645922,1769013781,73.50,20.00,on_bus,46.556821,15.645979
4704,G2,46.556854,15.645911,1769013781,93.25,5.00,on_bus,46.556821,15.645979
4705,G2,46.557010,15.646437,1769013781,84.40,10.00,on_bus,46.556821,15.645979
2100,G2,46.558221,15.649248,1769013781,78.55,10.00,waiting_at_station,46.556821,15.645979
2200,G2,46.551393,15.646212,1769013781,50.94,35.00,waiting_at_station,46.556821,15.645979
2201,G2,46.551021,15.646007,1769013781,64.02,20.00,waiting_at_station,46.556821,15.645979
2202,G2,46.551099,15.646269,1769013781,91.02,5.00,waiting_at_station,46.556821,15.645979
2600,G2,46.549801,15.645712,1769013781,74.66,20.00,waiting_at_station,46.556821,15.645979
2601,G2,46.549699,15.646109,1769013781,88.45,10.00,waiting_at_station,46.556821,15.645979
2602,G2,46.549936,15.646375,1769013781,70.61,20.00,waiting_at_station,46.556821,15.645979
2800,G2,46.558345,15.655559,1769013781,100.00,5.00,waiting_at_station,46.556821,15.645979
2801,G2,46.558632,15.655563,1769013781,68.39,20.00,waiting_at_station,46.556821,15.645979
2802,G2,46.558162,15.655582,1769013781,73.23,20.00,waiting_at_station,46.556821,15.645979
4700,G2,46.556816,15.645952,1769013782,100.00,5.00,on_bus,46.556704,15.645972
4701,G2,46.556689,15.646044,1769013782,77.33,10.00,on_bus,46.556704,15.645972
4702,G2,46.556677,15.646107,1769013782,96.90,5.00,on_bus,46.556704,15.645972
2400,G2,46.534615,15.636385,1769013782,62.91,20.00,waiting_at_station,46.556704,15.645972
2401,G2,46.534850,15.635388,1769013782,81.56,10.00,waiting_at_station,46.556704,15.645972
2700,G2,46.558047,15.651088,1769013782,58.23,35.00,waiting_at_station,46.556704,15.645972
2701,G2,46.558020,15.651230,1769013782,65.37,20.00,waiting_at_station,46.556704,15.645972
2702,G2,46.558259,15.651466,1769013782,54.32,35.00,waiting_at_station,46.556704,15.645972
2800,G2,46.558353,15.655169,1769013782,71.88,20.00,waiting_at_station,46.556704,15.645972
2801,G2,46.558167,15.656215,1769013782,58.59,35.00,waiting_at_station,46.556704,15.645972
4800,G2,46.556606,15.646054,1769013782,87.54,10.00,on_bus,46.556587,15.645966
4801,G2,46.556548,15.646030,1769013782,75.82,10.00,on_bus,46.556587,15.645966
4802,G2,46.556681,15.645750,1769013782,68.45,20.00,on_bus,46.556587,15.645966
4803,G2,46.556660,15.646019,1769013782,92.35,5.00,on_bus,46.556587,15.645966
4804,G2,46.556547,15.646070,1769013782,76.02,10.00,on_bus,46.556587,15.645966
4805,G2,46.556821,15.646042,1769013782,100.00,5.00,on_bus,46.556587,15.645966
2300,G2,46.542754,15.641869,1769013782,85.98,10.00,waiting_at_station,46.556587,15.645966
2500,G2,46.540522,15.640403,1769013782,94.52,5.00,waiting_at_station,46.556587,15.645966
2501,G2,46.541305,15.640488,1769013782,56.38,35.00,waiting_at_station,46.556587,15.645966
2502,G2,46.541109,15.640193,1769013782,67.39,20.00,waiting_at_station,46.556587,15.645966
4800,G2,46.556472,15.645770,1769013782,65.28,20.00,on_bus,46.556475,15.645964
4801,G2,46.556438,15.646048,1769013782,64.20,20.00,on_bus,46.556475,15.645964
4802,G2,46.556521,15.646010,1769013782,69.96,20.00,on_bus,46.556475,15.645964
4803,G2,46.556428,15.646222,1769013782,87.07,10.00,on_bus,46.556475,15.645964
4804,G2,46.556666,15.645998,1769013782,84.65,10.00,on_bus,46.556475,15.645964
2000,G2,46.559908,15.655527,1769013782,74.35,20.00,waiting_at_station,46.556475,15.645964
2001,G2,46.559702,15.656270,1769013782,74.18,20.00,waiting_at_station,46.556475,15.645964
2002,G2,46.559709,15.655770,1769013782,62.72,20.00,waiting_at_station,46.556475,15.645964
2200,G2,46.551141,15.646276,1769013782,100.00,5.00,waiting_at_station,46.556475,15.645964
2201,G2,46.551041,15.646696,1769013782,81.62,10.00,waiting_at_station,46.556475,15.645964
2202,G2,46.551519,15.646394,1769013782,81.68,10.00,waiting_at_station,46.556475,15.645964
2300,G2,46.542672,15.641707,1769013782,65.43,20.00,waiting_at_station,46.556475,15.645964
2301,G2,46.542584,15.641875,1769013782,68.30,20.00,waiting_at_station,46.556475,15.645964
2400,G2,46.534916,15.636056,1769013782,100.00,5.00,waiting_at_station,46.556475,15.645964
2401,G2,46.534744,15.636134,1769013782,86.04,10.00,waiting_at_station,46.556475,15.645964
2402,G2,46.535134,15.635733,1769013782,96.76,5.00,waiting_at_station,46.556475,15.645964
2600,G2,46.549568,15.645421,1769013782,80.26,10.00,waiting_at_station,46.556475,15.645964
2601,G2,46.549991,15.645459,1769013782,74.64,20.00,waiting_at_station,46.556475,15.645964
2602,G2,46.549912,15.645562,1769013782,100.00,5.00,waiting_at_station,46.556475,15.645964
2700,G2,46.557687,15.651088,1769013782,100.00,5.00,waiting_at_station,46.556475,15.645964
2701,G2,46.557980,15.651011,1769013782,97.61,5.00,waiting_at_station,46.556475,15.645964
2800,G2,46.558229,15.655655,1769013782,82.66,